id,region,keyword,normalized_keyword,search_volume,score,started_at_unix,ended_at_unix,category_ids,related_queries,captured_at
AE:dubai international airport,AE,dubai international airport,dubai international airport,2000,1000,1779762000,,"[19, 3]","[""dubai international airport""]",2026-05-26T06:57:46.611458+00:00
AE:دعاء يوم عرفة,AE,دعاء يوم عرفة,دعاء يوم عرفة,2000,1000,1779726000,,[11],"[""دعاء يوم عرفة"", ""دعاء يوم عرفه"", ""ادعيه يوم عرفه"", ""خير الدعاء دعاء يوم عرفة"", ""صيام يوم عرفة"", ""دعاء ليلة عرفة"", ""فضل صيام يوم عرفة""]",2026-05-26T06:57:46.611458+00:00
AE:മനതരി,AE,മന്ത്രി,മനതരി,2000,1000,1779714600,,[11],"[""മന്ത്രി""]",2026-05-26T06:57:46.611458+00:00
AE:തടടിപപ,AE,തട്ടിപ്പ്,തടടിപപ,2000,1000,1779721800,,[10],"[""തട്ടിപ്പ്""]",2026-05-26T06:57:46.611458+00:00
AE:ولي عهد ابوظبي,AE,ولي عهد أبوظبي,ولي عهد ابوظبي,1000,800,1779726000,,[10],"[""ولي عهد أبوظبي""]",2026-05-26T06:57:46.611458+00:00
AE:kl rahul,AE,kl rahul,kl rahul,2000,500,1779733200,,[17],"[""kl rahul""]",2026-05-26T06:57:46.611458+00:00
AE:باكستان,AE,باكستان,باكستان,2000,700,1779696000,,"[14, 10]","[""باكستان""]",2026-05-26T06:57:46.611458+00:00
AE:weather,AE,weather,weather,20000,50,1779764400,1779776400,[20],"[""weather""]",2026-05-26T06:57:46.611458+00:00
AE:rain,AE,rain,rain,500,500,1779726000,,[20],"[""rain""]",2026-05-26T06:57:46.611458+00:00
AE:iran news,AE,iran news,iran news,2000,100,1779763800,,"[14, 10]","[""iran news"", ""us iran news"", ""us iran"", ""us iran war"", ""al jazeera news"", ""iran war news"", ""jazeera news"", ""iran war"", ""al jazeera live"", ""iran us war"", ""iran us news"", ""war news""]",2026-05-26T06:57:46.611458+00:00
AE:travel visa,AE,travel visa,travel visa,1000,900,1779729000,,[10],"[""travel visa""]",2026-05-26T06:57:46.611458+00:00
AE:abraham accords,AE,abraham accords,abraham accords,1000,800,1779713400,,[14],"[""abraham accords"", ""what is abraham accords""]",2026-05-26T06:57:46.611458+00:00
AE:ferrari luce,AE,ferrari luce,ferrari luce,200,600,1779760800,,[1],"[""ferrari luce""]",2026-05-26T06:57:46.611458+00:00
AE:when is eid al adha 2026,AE,when is eid al adha 2026,when is eid al adha 2026,500,100,1779760800,,[8],"[""when is eid al adha 2026"", ""prayer time dubai khaleej times""]",2026-05-26T06:57:46.611458+00:00
AE:ईरान,AE,ईरान,ईरान,200,1000,1779772200,,[11],"[""ईरान"", ""aaj tak""]",2026-05-26T06:57:46.611458+00:00
AE:sharjah parking free,AE,sharjah parking free,sharjah parking free,200,300,1779767400,,[11],"[""sharjah parking free"", ""eid 2026"", ""sharjah parking"", ""sharjah free parking eid"", ""rta parking free today""]",2026-05-26T06:57:46.611458+00:00
AE:cavaliers vs knicks,AE,cavaliers vs knicks,cavaliers vs knicks,1000,1000,1779754800,1779773400,[17],"[""cavaliers vs knicks"", ""knicks""]",2026-05-26T06:57:46.611458+00:00
AE:موعد اذان الفجر,AE,موعد اذان الفجر,موعد اذان الفجر,2000,800,1779740400,1779761400,[11],"[""موعد اذان الفجر"", ""موعد اذان المغرب"", ""موعد صلاة الفجر"", ""صلاة المغرب""]",2026-05-26T06:57:46.611458+00:00
AE:arafat day,AE,arafat day,arafat day,200,200,1779694200,,[11],"[""arafat day""]",2026-05-26T06:57:46.611458+00:00
AE:مونيكا بيلوتشي,AE,مونيكا بيلوتشي,مونيكا بيلوتشي,200,100,1779748800,,[4],"[""مونيكا بيلوتشي""]",2026-05-26T06:57:46.611458+00:00
AE:मौसम,AE,मौसम,मौसम,200,200,1779763200,1779775200,[20],"[""मौसम""]",2026-05-26T06:57:46.611458+00:00
AE:new zealand women vs england women,AE,new zealand women vs england women,new zealand women vs england women,2000,1000,1779715800,1779739200,[17],"[""new zealand women vs england women""]",2026-05-26T06:57:46.611458+00:00
AE:memorial day 2026,AE,memorial day 2026,memorial day 2026,500,300,1779696600,1779768000,[11],"[""memorial day 2026""]",2026-05-26T06:57:46.611458+00:00
AE:അനിരദധ രവിചനദര,AE,അനിരുദ്ധ് രവിചന്ദര്,അനിരദധ രവിചനദര,1000,900,1779705600,1779740400,[4],"[""അനിരുദ്ധ് രവിചന്ദര്""]",2026-05-26T06:57:46.611458+00:00
AE:bbc news,AE,bbc news,bbc news,100,100,1779768000,1779774000,[10],"[""bbc news""]",2026-05-26T06:57:46.611458+00:00
AE:eid al adha 2026,AE,eid al adha 2026,eid al adha 2026,500,100,1779771000,1779772800,[8],"[""eid al adha 2026""]",2026-05-26T06:57:46.611458+00:00
AE:ഇറാനറെ പരമോനനത നേതാവ,AE,ഇറാന്റെ പരമോന്നത നേതാവ്,ഇറാനറെ പരമോനനത നേതാവ,500,1000,1779696000,1779728400,[11],"[""ഇറാന്റെ പരമോന്നത നേതാവ്""]",2026-05-26T06:57:46.611458+00:00
AE:airport,AE,airport,airport,500,1000,1779718200,1779735000,[10],"[""airport""]",2026-05-26T06:57:46.611458+00:00
AE:cnn,AE,cnn,cnn,200,75,1779762600,1779775200,[14],"[""cnn""]",2026-05-26T06:57:46.611458+00:00
AE:نادي الزمالك,AE,نادي الزمالك,نادي الزمالك,500,400,1779720600,1779746400,[17],"[""نادي الزمالك""]",2026-05-26T06:57:46.611458+00:00
AE:paderborn vs wolfsburg,AE,paderborn vs wolfsburg,paderborn vs wolfsburg,200,800,1779735600,1779766800,[17],"[""paderborn vs wolfsburg""]",2026-05-26T06:57:46.611458+00:00
AE:مرض فيروس ايبولا,AE,مرض فيروس إيبولا,مرض فيروس ايبولا,500,400,1779718200,1779751200,[11],"[""مرض فيروس إيبولا""]",2026-05-26T06:57:46.611458+00:00
AE:ranveer singh,AE,ranveer singh,ranveer singh,200,300,1779726000,1779773400,[4],"[""ranveer singh""]",2026-05-26T06:57:46.611458+00:00
AE:ഒമാന,AE,ഒമാന്,ഒമാന,500,800,1779702600,1779718200,[11],"[""ഒമാന്""]",2026-05-26T06:57:46.611458+00:00
AE:പിണറായി വിജയന,AE,പിണറായി വിജയന്,പിണറായി വിജയന,200,400,1779703800,1779723600,[11],"[""പിണറായി വിജയന്""]",2026-05-26T06:57:46.611458+00:00
AE:sky news,AE,sky news,sky news,100,100,1779766800,1779771600,[20],"[""sky news"", ""temperature""]",2026-05-26T06:57:46.611458+00:00
AE:sensex,AE,sensex,sensex,100,75,1779770400,1779772200,[3],"[""sensex"", ""nifty 50""]",2026-05-26T06:57:46.611458+00:00
AE:مواعيد الصلاة,AE,مواعيد الصلاة,مواعيد الصلاة,100,200,1779751800,1779757200,[8],"[""مواعيد الصلاة""]",2026-05-26T06:57:46.611458+00:00
AE:تكبيرات العيد,AE,تكبيرات العيد,تكبيرات العيد,100,100,1779757200,1779777000,[11],"[""تكبيرات العيد""]",2026-05-26T06:57:46.611458+00:00
AE:لن اعيش في جلباب ابي,AE,لن أعيش في جلباب أبي,لن اعيش في جلباب ابي,100,400,1779728400,1779740400,[4],"[""لن أعيش في جلباب أبي""]",2026-05-26T06:57:46.611458+00:00
AE:from episode 6,AE,from episode 6,from episode 6,100,300,1779721800,1779740400,[4],"[""from episode 6""]",2026-05-26T06:57:46.611458+00:00
AE:uae public holidays may 2026,AE,uae public holidays may 2026,uae public holidays may 2026,200,200,1779699600,1779721200,[8],"[""uae public holidays may 2026""]",2026-05-26T06:57:46.611458+00:00
AE:dubai mall,AE,dubai mall,dubai mall,100,100,1779729000,1779772200,[8],"[""dubai mall""]",2026-05-26T06:57:46.611458+00:00
AE:جمعية الشارقة الخيرية,AE,جمعية الشارقة الخيرية,جمعية الشارقة الخيرية,100,75,1779756600,1779761400,[11],"[""جمعية الشارقة الخيرية""]",2026-05-26T06:57:46.611458+00:00
AE:القبلة,AE,القبلة,القبلة,100,100,1779753600,1779758400,[11],"[""القبلة""]",2026-05-26T06:57:46.611458+00:00
AE:इडियन परीमियर लीग,AE,इंडियन प्रीमियर लीग,इडियन परीमियर लीग,100,100,1779721200,1779767400,[17],"[""इंडियन प्रीमियर लीग""]",2026-05-26T06:57:46.611458+00:00
AE:lss result 2026,AE,lss result 2026,lss result 2026,100,500,1779714600,1779720000,"[9, 10]","[""lss result 2026""]",2026-05-26T06:57:46.611458+00:00
AE:دعاء يوم التروية,AE,دعاء يوم التروية,دعاء يوم التروية,100,200,1779718800,1779724800,[11],"[""دعاء يوم التروية""]",2026-05-26T06:57:46.611458+00:00
AE:the boroughs,AE,the boroughs,the boroughs,100,100,1779733200,1779745200,[4],"[""the boroughs""]",2026-05-26T06:57:46.611458+00:00
AE:kavya maran,AE,kavya maran,kavya maran,100,500,1779709800,1779732000,[4],"[""kavya maran""]",2026-05-26T06:57:46.611458+00:00
AE:ഇസരായേല,AE,ഇസ്രായേല്,ഇസരായേല,100,800,1779723000,1779726000,[11],"[""ഇസ്രായേല്""]",2026-05-26T06:57:46.611458+00:00
AR:2026,AR,2026,2026,20000,1000,1779738600,,[17],"[""2026""]",2026-05-26T06:17:52.604875+00:00
AR:kirchnerismo,AR,kirchnerismo,kirchnerismo,10000,1000,1779718200,,"[14, 10]","[""kirchnerismo""]",2026-05-26T06:17:52.604875+00:00
AR:maria belen luduena,AR,maría belén ludueña,maria belen luduena,5000,1000,1779735000,,[4],"[""maría belén ludueña""]",2026-05-26T06:17:52.604875+00:00
AR:victoria villarruel,AR,victoria villarruel,victoria villarruel,10000,800,1779700800,,"[14, 10]","[""victoria villarruel"", ""tedeum"", ""tedeum 25 de mayo 2026"", ""cabildo buenos aires"", ""garcia cuerva""]",2026-05-26T06:17:52.604875+00:00
AR:thiago almada,AR,thiago almada,thiago almada,5000,1000,1779719400,,[17],"[""thiago almada""]",2026-05-26T06:17:52.604875+00:00
AR:feriados 2026,AR,feriados 2026,feriados 2026,20000,100,1779729600,1779775800,[8],"[""feriados 2026"", ""25 de mayo que se celebra"", ""feriados junio 2026"", ""feriado junio 2026"", ""proximo feriado"", ""feriados argentina 2026"", ""feriados 2026 argentina"", ""feriados de junio 2026"", ""feriados de junio"", ""feriados junio"", ""hoy es feriado""]",2026-05-26T06:17:52.604875+00:00
AR:cavaliers - knicks,AR,cavaliers - knicks,cavaliers - knicks,5000,1000,1779753000,1779771600,[17],"[""cavaliers - knicks"", ""knicks"", ""new york knicks"", ""knicks vs cavaliers"", ""karl-anthony towns""]",2026-05-26T06:17:52.604875+00:00
AR:claudio ubeda,AR,claudio úbeda,claudio ubeda,5000,300,1779733800,1779771000,[17],"[""claudio úbeda""]",2026-05-26T06:17:52.604875+00:00
AR:monfils,AR,monfils,monfils,5000,800,1779735000,1779771000,[17],"[""monfils"", ""hugo gaston"", ""gael monfils"", ""gaël monfils""]",2026-05-26T06:17:52.604875+00:00
AR:cerundolo,AR,cerundolo,cerundolo,2000,600,1779715800,1779772200,"[17, 6]","[""cerundolo""]",2026-05-26T06:17:52.604875+00:00
AR:tom hanks,AR,tom hanks,tom hanks,2000,800,1779723000,1779772800,[4],"[""tom hanks""]",2026-05-26T06:17:52.604875+00:00
AR:pfizer,AR,pfizer,pfizer,2000,700,1779731400,1779772800,[3],"[""pfizer""]",2026-05-26T06:17:52.604875+00:00
AR:enfermedad de tiroides,AR,enfermedad de tiroides,enfermedad de tiroides,2000,800,1779711000,1779772200,[7],"[""enfermedad de tiroides""]",2026-05-26T06:17:52.604875+00:00
AR:lautaro rivero,AR,lautaro rivero,lautaro rivero,2000,400,1779727800,1779763800,[17],"[""lautaro rivero""]",2026-05-26T06:17:52.604875+00:00
AR:angela leiva,AR,angela leiva,angela leiva,2000,800,1779750600,1779771000,"[7, 4, 17]","[""angela leiva"", ""chelo weigandt""]",2026-05-26T06:17:52.604875+00:00
AR:coritiba - bahia,AR,coritiba - bahía,coritiba - bahia,2000,1000,1779747000,1779766200,[17],"[""coritiba - bahía"", ""coritiba""]",2026-05-26T06:17:52.604875+00:00
AR:miss universo argentina 2026,AR,miss universo argentina 2026,miss universo argentina 2026,1000,300,1779750600,1779774000,[2],"[""miss universo argentina 2026"", ""tamara rogouski""]",2026-05-26T06:17:52.604875+00:00
AR:luck ra,AR,luck ra,luck ra,1000,400,1779754800,1779775800,[4],"[""luck ra""]",2026-05-26T06:17:52.604875+00:00
AR:juicio,AR,juicio,juicio,2000,700,1779702000,1779759000,[11],"[""juicio""]",2026-05-26T06:17:52.604875+00:00
AR:francisco cerundolo,AR,francisco cerúndolo,francisco cerundolo,10000,1000,1779724200,1779742800,[17],"[""francisco cerúndolo"", ""mariano navone"", ""camilo ugo carabelli"", ""botic van de zandschulp"", ""emilio nava"", ""jenson brooksby"", ""ugo carabelli""]",2026-05-26T06:17:52.604875+00:00
AR:aguinaldo jubilados anses junio 2026,AR,aguinaldo jubilados anses junio 2026,aguinaldo jubilados anses junio 2026,2000,500,1779737400,1779766200,[10],"[""aguinaldo jubilados anses junio 2026"", ""administración nacional de la seguridad social""]",2026-05-26T06:17:52.604875+00:00
AR:dia de la patria,AR,dia de la patria,dia de la patria,2000,1000,1779703800,1779747600,[10],"[""dia de la patria""]",2026-05-26T06:17:52.604875+00:00
AR:club atletico independiente,AR,club atlético independiente,club atletico independiente,2000,200,1779739200,1779762000,[17],"[""club atlético independiente""]",2026-05-26T06:17:52.604875+00:00
AR:lista argentina mundial 2026,AR,lista argentina mundial 2026,lista argentina mundial 2026,2000,300,1779726000,1779772200,[17],"[""lista argentina mundial 2026"", ""fixture mundial 2026"", ""partidos argentina mundial"", ""fixture mundial 2026 argentina"", ""partidos argentina mundial 2026"", ""cuando da la lista scaloni""]",2026-05-26T06:17:52.604875+00:00
AR:ola polar,AR,ola polar,ola polar,5000,700,1779700200,1779727800,[20],"[""ola polar""]",2026-05-26T06:17:52.604875+00:00
AR:mundial 2026,AR,mundial 2026,mundial 2026,5000,75,1779728400,1779752400,[17],"[""mundial 2026"", ""mundial"", ""argentina mundial"", ""seleccion argentina"", ""selección de fútbol de argentina""]",2026-05-26T06:17:52.604875+00:00
AR:25 de mayo dia de la patria,AR,25 de mayo dia de la patria,25 de mayo dia de la patria,5000,1000,1779709800,1779735000,[11],"[""25 de mayo dia de la patria"", ""que se conmemora el 25 de mayo"", ""que paso el 25 de mayo"", ""feliz día de la patria"", ""dia de la patria 25 de mayo"", ""revolución de mayo"", ""qué se conmemora el 25 de mayo"", ""25 de mayo día de la patria""]",2026-05-26T06:17:52.604875+00:00
AR:nicole neumann,AR,nicole neumann,nicole neumann,1000,700,1779741000,1779759000,[4],"[""nicole neumann""]",2026-05-26T06:17:52.604875+00:00
AR:playstation plus,AR,playstation plus,playstation plus,1000,400,1779712800,1779753600,"[18, 6]","[""playstation plus""]",2026-05-26T06:17:52.604875+00:00
AR:seguridad social,AR,seguridad social,seguridad social,1000,700,1779745800,1779759600,[10],"[""seguridad social""]",2026-05-26T06:17:52.604875+00:00
AR:gobierno,AR,gobierno,gobierno,2000,600,1779703800,1779745800,[14],"[""gobierno""]",2026-05-26T06:17:52.604875+00:00
AR:maxi lopez,AR,maxi lópez,maxi lopez,1000,400,1779729000,1779750000,[4],"[""maxi lópez""]",2026-05-26T06:17:52.604875+00:00
AR:wolfsburg,AR,wolfsburg,wolfsburg,1000,900,1779733200,1779751200,[17],"[""wolfsburg""]",2026-05-26T06:17:52.604875+00:00
AR:anses pagos jubilados mayo 2026,AR,anses pagos jubilados mayo 2026,anses pagos jubilados mayo 2026,1000,400,1779718800,1779753000,[10],"[""anses pagos jubilados mayo 2026""]",2026-05-26T06:17:52.604875+00:00
AR:american music awards 2026,AR,american music awards 2026,american music awards 2026,500,600,1779751800,1779762000,[4],"[""american music awards 2026""]",2026-05-26T06:17:52.604875+00:00
AR:el cronista,AR,el cronista,el cronista,2000,300,1779702600,1779753600,[3],"[""el cronista""]",2026-05-26T06:17:52.604875+00:00
AR:china zorrilla,AR,china zorrilla,china zorrilla,500,500,1779735600,1779754200,[4],"[""china zorrilla""]",2026-05-26T06:17:52.604875+00:00
AR:lorena vega,AR,lorena vega,lorena vega,1000,700,1779727800,1779748200,[4],"[""lorena vega""]",2026-05-26T06:17:52.604875+00:00
AR:tini stoessel,AR,tini stoessel,tini stoessel,1000,700,1779703800,1779740400,[4],"[""tini stoessel""]",2026-05-26T06:17:52.604875+00:00
AR:9 de julio,AR,9 de julio,9 de julio,1000,400,1779710400,1779741000,[17],"[""9 de julio""]",2026-05-26T06:17:52.604875+00:00
AR:dia de la patria argentina,AR,dia de la patria argentina,dia de la patria argentina,1000,600,1779706200,1779736800,[11],"[""dia de la patria argentina""]",2026-05-26T06:17:52.604875+00:00
AR:amas 2026,AR,amas 2026,amas 2026,500,400,1779752400,1779761400,[4],"[""amas 2026""]",2026-05-26T06:17:52.604875+00:00
AR:manuel adorni,AR,manuel adorni,manuel adorni,2000,300,1779702600,1779719400,"[14, 10]","[""manuel adorni"", ""gabinete""]",2026-05-26T06:17:52.604875+00:00
AR:partidos de argentina en el mundial,AR,partidos de argentina en el mundial,partidos de argentina en el mundial,1000,100,1779728400,1779759000,"[17, 4]","[""partidos de argentina en el mundial""]",2026-05-26T06:17:52.604875+00:00
AR:charlotte caniggia,AR,charlotte caniggia,charlotte caniggia,500,700,1779762000,1779766200,[4],"[""charlotte caniggia""]",2026-05-26T06:17:52.604875+00:00
AR:florencia de la v,AR,florencia de la v,florencia de la v,500,300,1779753600,1779762000,"[4, 8]","[""florencia de la v""]",2026-05-26T06:17:52.604875+00:00
AR:recoleta football club,AR,recoleta football club,recoleta football club,500,400,1779740400,1779754800,[17],"[""recoleta football club""]",2026-05-26T06:17:52.604875+00:00
AR:fin de semana,AR,fin de semana,fin de semana,500,200,1779745200,1779762000,[19],"[""fin de semana""]",2026-05-26T06:17:52.604875+00:00
AR:andrea bisso edad,AR,andrea bisso edad,andrea bisso edad,1000,1000,1779753600,1779757800,[4],"[""andrea bisso edad"", ""carlos monti""]",2026-05-26T06:17:52.604875+00:00
AR:ignacio buse,AR,ignacio buse,ignacio buse,1000,500,1779720000,1779736200,[17],"[""ignacio buse""]",2026-05-26T06:17:52.604875+00:00
AR:cuando empieza el mundial 2026,AR,cuando empieza el mundial 2026,cuando empieza el mundial 2026,1000,100,1779726000,1779753600,[17],"[""cuando empieza el mundial 2026""]",2026-05-26T06:17:52.604875+00:00
AR:ea sports fc 26,AR,ea sports fc 26,ea sports fc 26,500,300,1779750600,1779759600,"[17, 6]","[""ea sports fc 26""]",2026-05-26T06:17:52.604875+00:00
AR:tiro libre,AR,tiro libre,tiro libre,500,400,1779747000,1779756000,[17],"[""tiro libre""]",2026-05-26T06:17:52.604875+00:00
AR:paramount,AR,paramount,paramount,500,100,1779753000,1779758400,[4],"[""paramount""]",2026-05-26T06:17:52.604875+00:00
AR:the boroughs,AR,the boroughs,the boroughs,500,100,1779756000,1779763800,[4],"[""the boroughs""]",2026-05-26T06:17:52.604875+00:00
AR:que se celebra el 25 de mayo en argentina,AR,que se celebra el 25 de mayo en argentina,que se celebra el 25 de mayo en argentina,1000,500,1779710400,1779732000,[5],"[""que se celebra el 25 de mayo en argentina"", ""qué se celebra el 25 de mayo""]",2026-05-26T06:17:52.604875+00:00
AR:turco garcia,AR,turco garcía,turco garcia,200,500,1779761400,1779765000,[4],"[""turco garcía""]",2026-05-26T06:17:52.604875+00:00
AR:pampa energia,AR,pampa energía,pampa energia,1000,500,1779705000,1779741600,[3],"[""pampa energía""]",2026-05-26T06:17:52.604875+00:00
AR:albanil,AR,albañil,albanil,500,400,1779746400,1779756000,[3],"[""albañil""]",2026-05-26T06:17:52.604875+00:00
AR:nahuel,AR,nahuel,nahuel,200,500,1779763800,1779767400,[4],"[""nahuel""]",2026-05-26T06:17:52.604875+00:00
AR:gary medel,AR,gary medel,gary medel,500,400,1779744600,1779753600,[17],"[""gary medel""]",2026-05-26T06:17:52.604875+00:00
AR:copa imposible,AR,copa imposible,copa imposible,500,300,1779742200,1779759600,[17],"[""copa imposible""]",2026-05-26T06:17:52.604875+00:00
AR:eduardo de gran hermano,AR,eduardo de gran hermano,eduardo de gran hermano,100,400,1779764400,1779768600,[4],"[""eduardo de gran hermano""]",2026-05-26T06:17:52.604875+00:00
AR:desempleo,AR,desempleo,desempleo,500,200,1779727800,1779745800,[10],"[""desempleo""]",2026-05-26T06:17:52.604875+00:00
AR:cbs,AR,cbs,cbs,200,400,1779754200,1779759600,[4],"[""cbs""]",2026-05-26T06:17:52.604875+00:00
AR:amas,AR,amas,amas,200,400,1779753000,1779758400,[4],"[""amas""]",2026-05-26T06:17:52.604875+00:00
AR:caravana de belgrano hoy,AR,caravana de belgrano hoy,caravana de belgrano hoy,1000,300,1779731400,1779744600,[17],"[""caravana de belgrano hoy"", ""caravana belgrano"", ""jugador""]",2026-05-26T06:17:52.604875+00:00
AR:precio de los alimentos,AR,precio de los alimentos,precio de los alimentos,500,600,1779714600,1779733200,[3],"[""precio de los alimentos""]",2026-05-26T06:17:52.604875+00:00
AR:aucas - manta,AR,aucas - manta,aucas - manta,200,400,1779753600,1779759000,[17],"[""aucas - manta""]",2026-05-26T06:17:52.604875+00:00
AR:entrenamiento,AR,entrenamiento,entrenamiento,500,300,1779711000,1779736800,[11],"[""entrenamiento""]",2026-05-26T06:17:52.604875+00:00
AR:memorial day,AR,memorial day,memorial day,500,400,1779712800,1779732600,[8],"[""memorial day""]",2026-05-26T06:17:52.604875+00:00
AR:david hasselhoff,AR,david hasselhoff,david hasselhoff,100,400,1779765000,1779768000,[4],"[""david hasselhoff""]",2026-05-26T06:17:52.604875+00:00
AR:viva la patria 25 de mayo,AR,viva la patria 25 de mayo,viva la patria 25 de mayo,1000,500,1779714600,1779726600,[5],"[""viva la patria 25 de mayo"", ""salsa para locro"", ""25 de mayo viva la patria""]",2026-05-26T06:17:52.604875+00:00
AR:brian sarmiento,AR,brian sarmiento,brian sarmiento,200,500,1779752400,1779757200,[4],"[""brian sarmiento""]",2026-05-26T06:17:52.604875+00:00
AR:jalen brunson,AR,jalen brunson,jalen brunson,100,200,1779763200,1779767400,[17],"[""jalen brunson""]",2026-05-26T06:17:52.604875+00:00
AR:stan wawrinka,AR,stan wawrinka,stan wawrinka,1000,900,1779712800,1779723000,[17],"[""stan wawrinka"", ""wawrinka"", ""jesper de jong""]",2026-05-26T06:17:52.604875+00:00
AR:desfile 25 de mayo,AR,desfile 25 de mayo,desfile 25 de mayo,500,300,1779706800,1779729600,[8],"[""desfile 25 de mayo""]",2026-05-26T06:17:52.604875+00:00
AR:tnt,AR,tnt,tnt,200,300,1779753600,1779758400,[17],"[""tnt""]",2026-05-26T06:17:52.604875+00:00
AR:feria de mataderos,AR,feria de mataderos,feria de mataderos,500,400,1779711600,1779732600,[4],"[""feria de mataderos""]",2026-05-26T06:17:52.604875+00:00
AR:palacio ceci,AR,palacio ceci,palacio ceci,500,300,1779711600,1779735600,[19],"[""palacio ceci""]",2026-05-26T06:17:52.604875+00:00
AR:magnifica humanitas,AR,magnifica humanitas,magnifica humanitas,500,700,1779713400,1779727200,[11],"[""magnifica humanitas"", ""enciclica leon xiv""]",2026-05-26T06:17:52.604875+00:00
AR:la pagina millonaria,AR,la página millonaria,la pagina millonaria,500,500,1779740400,1779745200,[17],"[""la página millonaria"", ""juan fernando quintero""]",2026-05-26T06:17:52.604875+00:00
AR:martin campilongo,AR,martín campilongo,martin campilongo,200,500,1779727800,1779738000,"[4, 7]","[""martín campilongo""]",2026-05-26T06:17:52.604875+00:00
AR:claudio tapia,AR,claudio tapia,claudio tapia,500,200,1779705600,1779750600,[17],"[""claudio tapia"", ""montiel no saludo a tapia""]",2026-05-26T06:17:52.604875+00:00
AR:edinson cavani,AR,edinson cavani,edinson cavani,200,300,1779745200,1779751800,[17],"[""edinson cavani""]",2026-05-26T06:17:52.604875+00:00
AR:clima posadas,AR,clima posadas,clima posadas,200,300,1779764400,1779766200,[20],"[""clima posadas""]",2026-05-26T06:17:52.604875+00:00
AR:quimsa,AR,quimsa,quimsa,200,200,1779762000,1779765000,[17],"[""quimsa"", ""quimsa vs boca""]",2026-05-26T06:17:52.604875+00:00
AR:primer partido del mundial 2026,AR,primer partido del mundial 2026,primer partido del mundial 2026,500,100,1779729600,1779739800,[17],"[""primer partido del mundial 2026""]",2026-05-26T06:17:52.604875+00:00
AR:kelly osbourne,AR,kelly osbourne,kelly osbourne,500,300,1779724200,1779732600,[4],"[""kelly osbourne""]",2026-05-26T06:17:52.604875+00:00
AR:silent hill,AR,silent hill,silent hill,200,200,1779706200,1779768600,[6],"[""silent hill""]",2026-05-26T06:17:52.604875+00:00
AR:maria vazquez,AR,maría vázquez,maria vazquez,200,300,1779744000,1779759000,"[2, 16]","[""maría vázquez""]",2026-05-26T06:17:52.604875+00:00
AR:fiestas mayas 2026,AR,fiestas mayas 2026,fiestas mayas 2026,200,500,1779709200,1779723600,[17],"[""fiestas mayas 2026""]",2026-05-26T06:17:52.604875+00:00
AR:rublev,AR,rublev,rublev,200,400,1779726600,1779735600,[17],"[""rublev""]",2026-05-26T06:17:52.604875+00:00
AR:patria,AR,patria,patria,200,400,1779715800,1779727800,[11],"[""patria""]",2026-05-26T06:17:52.604875+00:00
AR:que se festeja el 25 de mayo,AR,qué se festeja el 25 de mayo,que se festeja el 25 de mayo,200,400,1779707400,1779723600,[11],"[""qué se festeja el 25 de mayo""]",2026-05-26T06:17:52.604875+00:00
AR:telekino,AR,telekino,telekino,1000,50,1779718200,1779726600,[6],"[""telekino""]",2026-05-26T06:17:52.604875+00:00
AR:prince,AR,prince,prince,100,300,1779754200,1779758400,[14],"[""prince""]",2026-05-26T06:17:52.604875+00:00
AR:pagina/12,AR,página/12,pagina/12,200,400,1779704400,1779719400,[11],"[""página/12""]",2026-05-26T06:17:52.604875+00:00
AR:showcase,AR,showcase,showcase,500,200,1779726600,1779733800,[4],"[""showcase""]",2026-05-26T06:17:52.604875+00:00
AR:demanda judicial,AR,demanda judicial,demanda judicial,200,400,1779718200,1779746400,[10],"[""demanda judicial""]",2026-05-26T06:17:52.604875+00:00
AR:pagina 12,AR,pagina 12,pagina 12,1000,50,1779710400,1779716400,"[14, 10]","[""pagina 12""]",2026-05-26T06:17:52.604875+00:00
AR:elton john,AR,elton john,elton john,100,400,1779757800,1779760800,[4],"[""elton john""]",2026-05-26T06:17:52.604875+00:00
AR:san martin,AR,san martin,san martin,200,200,1779716400,1779733800,[11],"[""san martin""]",2026-05-26T06:17:52.604875+00:00
AR:john healey,AR,john healey,john healey,200,300,1779741000,1779748800,[10],"[""john healey""]",2026-05-26T06:17:52.604875+00:00
AR:marixa balli,AR,marixa balli,marixa balli,200,600,1779735600,1779739800,[4],"[""marixa balli""]",2026-05-26T06:17:52.604875+00:00
AR:harry potter,AR,harry potter,harry potter,200,100,1779725400,1779747600,"[4, 16]","[""harry potter""]",2026-05-26T06:17:52.604875+00:00
AR:shakira,AR,shakira,shakira,200,400,1779729600,1779733800,[4],"[""shakira""]",2026-05-26T06:17:52.604875+00:00
AR:television,AR,televisión,television,100,400,1779747600,1779751200,[4],"[""televisión""]",2026-05-26T06:17:52.604875+00:00
AR:villa mitre,AR,villa mitre,villa mitre,200,300,1779737400,1779742200,[17],"[""villa mitre""]",2026-05-26T06:17:52.604875+00:00
AR:botafogo sp,AR,botafogo sp,botafogo sp,100,300,1779746400,1779750000,[17],"[""botafogo sp""]",2026-05-26T06:17:52.604875+00:00
AR:donde ver los amas 2026,AR,donde ver los amas 2026,donde ver los amas 2026,100,200,1779754200,1779756600,[4],"[""donde ver los amas 2026""]",2026-05-26T06:17:52.604875+00:00
AR:richard gere,AR,richard gere,richard gere,200,300,1779729000,1779734400,[4],"[""richard gere""]",2026-05-26T06:17:52.604875+00:00
AR:triangulo de hierro,AR,triángulo de hierro,triangulo de hierro,200,200,1779741000,1779744600,[14],"[""triángulo de hierro"", ""jorge macri""]",2026-05-26T06:17:52.604875+00:00
AR:elena rybakina,AR,elena rybakina,elena rybakina,200,500,1779715200,1779721800,[17],"[""elena rybakina""]",2026-05-26T06:17:52.604875+00:00
AR:mariano martinez,AR,mariano martinez,mariano martinez,200,600,1779728400,1779732600,[4],"[""mariano martinez""]",2026-05-26T06:17:52.604875+00:00
AR:tenis hoy,AR,tenis hoy,tenis hoy,200,300,1779707400,1779717600,[17],"[""tenis hoy""]",2026-05-26T06:17:52.604875+00:00
AR:cormillot,AR,cormillot,cormillot,100,300,1779739800,1779743400,[4],"[""cormillot""]",2026-05-26T06:17:52.604875+00:00
AR:ben shelton,AR,ben shelton,ben shelton,100,400,1779730800,1779734400,[17],"[""ben shelton""]",2026-05-26T06:17:52.604875+00:00
AR:antonela roccuzzo,AR,antonela roccuzzo,antonela roccuzzo,100,300,1779747600,1779749400,"[2, 4]","[""antonela roccuzzo""]",2026-05-26T06:17:52.604875+00:00
AR:mar del plata,AR,mar del plata,mar del plata,200,500,1779712200,1779736800,[20],"[""mar del plata""]",2026-05-26T06:17:52.604875+00:00
AR:miley cyrus,AR,miley cyrus,miley cyrus,100,200,1779730200,1779734400,[4],"[""miley cyrus""]",2026-05-26T06:17:52.604875+00:00
AR:resultado quini 6,AR,resultado quini 6,resultado quini 6,200,100,1779706200,1779716400,[6],"[""resultado quini 6"", ""quini 6 controlar"", ""resultados del quini 6""]",2026-05-26T06:17:52.604875+00:00
AR:ruud,AR,ruud,ruud,100,500,1779736800,1779738600,[17],"[""ruud""]",2026-05-26T06:17:52.604875+00:00
AR:clarin,AR,clarín,clarin,100,100,1779708000,1779714000,[9],"[""clarín""]",2026-05-26T06:17:52.604875+00:00
AR:andrey rublev,AR,andrey rublev,andrey rublev,100,400,1779730200,1779732600,[17],"[""andrey rublev""]",2026-05-26T06:17:52.604875+00:00
AR:plus ultra,AR,plus ultra,plus ultra,100,200,1779709800,1779715800,[10],"[""plus ultra""]",2026-05-26T06:17:52.604875+00:00
AR:la nueva provincia,AR,la nueva provincia,la nueva provincia,100,100,1779706800,1779715800,[20],"[""la nueva provincia""]",2026-05-26T06:17:52.604875+00:00
AR:euphoria,AR,euphoria,euphoria,200,100,1779743400,1779744600,[4],"[""euphoria""]",2026-05-26T06:17:52.604875+00:00
AR:clima formosa,AR,clima formosa,clima formosa,100,75,1779702000,1779708600,[20],"[""clima formosa""]",2026-05-26T06:17:52.604875+00:00
AR:cornelio saavedra,AR,cornelio saavedra,cornelio saavedra,100,200,1779729000,1779731400,[11],"[""cornelio saavedra""]",2026-05-26T06:17:52.604875+00:00
AR:primer partido de argentina en el mundial 2026,AR,primer partido de argentina en el mundial 2026,primer partido de argentina en el mundial 2026,100,100,1779730200,1779733200,[17],"[""primer partido de argentina en el mundial 2026""]",2026-05-26T06:17:52.604875+00:00
AT:rapid wien – ried,AT,rapid wien – ried,rapid wien – ried,20000,1000,1779718200,,[17],"[""rapid wien – ried"", ""rapid ried"", ""rapid"", ""jakob schöller"", ""rapid wien"", ""rapid match heute"", ""rapid gegen ried"", ""sv ried"", ""rapid heute"", ""ried rapid"", ""rapid ried rückspiel"", ""rapid spiel heute""]",2026-05-26T06:19:18.210120+00:00
AT:hornissen,AT,hornissen,hornissen,10000,1000,1779709200,,[11],"[""hornissen""]",2026-05-26T06:19:18.210120+00:00
AT:kaltfront,AT,kaltfront,kaltfront,10000,1000,1779729600,,[20],"[""kaltfront""]",2026-05-26T06:19:18.210120+00:00
AT:osterreichischer rundfunk,AT,österreichischer rundfunk,osterreichischer rundfunk,10000,1000,1779700800,,[10],"[""österreichischer rundfunk""]",2026-05-26T06:19:18.210120+00:00
AT:parsch,AT,parsch,parsch,10000,1000,1779705000,,[10],"[""parsch""]",2026-05-26T06:19:18.210120+00:00
AT:sc paderborn – wolfsburg,AT,sc paderborn – wolfsburg,sc paderborn – wolfsburg,10000,1000,1779731400,,[17],"[""sc paderborn – wolfsburg"", ""dietmar kühbauer"", ""paderborn wolfsburg"", ""vfl wolfsburg"", ""wolfsburg vfl"", ""wolfsburg"", ""paderborn"", ""wolfsburg paderborn"", ""relegation bundesliga 2026"", ""sc paderborn"", ""relegation bundesliga"", ""relegation"", ""paderborn wolfsburg rückspiel""]",2026-05-26T06:19:18.210120+00:00
AT:sasa kalajdzic,AT,sasa kalajdzic,sasa kalajdzic,5000,1000,1779718200,,[17],"[""sasa kalajdzic""]",2026-05-26T06:19:18.210120+00:00
AT:hitze,AT,hitze,hitze,5000,1000,1779693600,,[20],"[""hitze""]",2026-05-26T06:19:18.210120+00:00
AT:ferrari luce,AT,ferrari luce,ferrari luce,2000,1000,1779741000,,[1],"[""ferrari luce""]",2026-05-26T06:19:18.210120+00:00
AT:wirtschaftskrise,AT,wirtschaftskrise,wirtschaftskrise,5000,1000,1779714600,,[3],"[""wirtschaftskrise""]",2026-05-26T06:19:18.210120+00:00
AT:stromausfall,AT,stromausfall,stromausfall,2000,1000,1779695400,,[11],"[""stromausfall""]",2026-05-26T06:19:18.210120+00:00
AT:spanien,AT,spanien,spanien,2000,1000,1779700200,,[17],"[""spanien""]",2026-05-26T06:19:18.210120+00:00
AT:polizei,AT,polizei,polizei,10000,400,1779718800,1779775800,[10],"[""polizei""]",2026-05-26T06:19:18.210120+00:00
AT:johann lafer,AT,johann lafer,johann lafer,2000,1000,1779718800,,[4],"[""johann lafer""]",2026-05-26T06:19:18.210120+00:00
AT:valtteri bottas,AT,valtteri bottas,valtteri bottas,1000,1000,1779733800,,[17],"[""valtteri bottas""]",2026-05-26T06:19:18.210120+00:00
AT:hofer,AT,hofer,hofer,2000,100,1779727800,,"[5, 3]","[""hofer""]",2026-05-26T06:19:18.210120+00:00
AT:bernhard brink,AT,bernhard brink,bernhard brink,2000,1000,1779716400,,[4],"[""bernhard brink""]",2026-05-26T06:19:18.210120+00:00
AT:julian schutter,AT,julian schütter,julian schutter,1000,1000,1779717000,,[11],"[""julian schütter""]",2026-05-26T06:19:18.210120+00:00
AT:monfils,AT,monfils,monfils,2000,1000,1779736800,,[17],"[""monfils"", ""hugo gaston"", ""gaël monfils"", ""gael monfils""]",2026-05-26T06:19:18.210120+00:00
AT:vermisste person,AT,vermisste person,vermisste person,2000,1000,1779708600,1779773400,[11],"[""vermisste person"", ""neue donau"", ""pier 22""]",2026-05-26T06:19:18.210120+00:00
AT:cavaliers – knicks,AT,cavaliers – knicks,cavaliers – knicks,200,700,1779768000,1779774000,[17],"[""cavaliers – knicks""]",2026-05-26T06:19:18.210120+00:00
AT:sardinien,AT,sardinien,sardinien,1000,500,1779720000,1779768600,[19],"[""sardinien""]",2026-05-26T06:19:18.210120+00:00
AT:anastassija potapowa,AT,anastassija potapowa,anastassija potapowa,5000,1000,1779713400,1779724800,[17],"[""anastassija potapowa"", ""julia grabher"", ""potapova"", ""rebecca šramková""]",2026-05-26T06:19:18.210120+00:00
AT:margrethe ii.,AT,margrethe ii.,margrethe ii.,100,300,1779764400,1779774600,[10],"[""margrethe ii.""]",2026-05-26T06:19:18.210120+00:00
AT:paragleiter unfall,AT,paragleiter unfall,paragleiter unfall,100,300,1779771000,1779775200,[11],"[""paragleiter unfall""]",2026-05-26T06:19:18.210120+00:00
AT:sporting lissabon,AT,sporting lissabon,sporting lissabon,1000,1000,1779711000,1779733200,[17],"[""sporting lissabon""]",2026-05-26T06:19:18.210120+00:00
AT:anna-carina woitschack,AT,anna-carina woitschack,anna-carina woitschack,500,1000,1779712200,1779735600,[4],"[""anna-carina woitschack""]",2026-05-26T06:19:18.210120+00:00
AT:griechenland,AT,griechenland,griechenland,200,800,1779766200,1779770400,[10],"[""griechenland""]",2026-05-26T06:19:18.210120+00:00
AT:miles davis,AT,miles davis,miles davis,500,900,1779732000,1779749400,[4],"[""miles davis""]",2026-05-26T06:19:18.210120+00:00
AT:lukas grgic,AT,lukas grgic,lukas grgic,1000,1000,1779703800,1779728400,[17],"[""lukas grgic""]",2026-05-26T06:19:18.210120+00:00
AT:julia roberts,AT,julia roberts,julia roberts,500,1000,1779734400,1779742800,"[4, 2]","[""julia roberts""]",2026-05-26T06:19:18.210120+00:00
AT:jurij rodionov,AT,jurij rodionov,jurij rodionov,2000,1000,1779701400,1779713400,[17],"[""jurij rodionov"", ""rodionov"", ""rinderknech""]",2026-05-26T06:19:18.210120+00:00
AT:boeing 787,AT,boeing 787,boeing 787,500,900,1779706800,1779729000,"[19, 3]","[""boeing 787""]",2026-05-26T06:19:18.210120+00:00
AT:tatort vergebung,AT,tatort vergebung,tatort vergebung,500,1000,1779733200,1779741600,[4],"[""tatort vergebung""]",2026-05-26T06:19:18.210120+00:00
AT:stan wawrinka,AT,stan wawrinka,stan wawrinka,1000,1000,1779715200,1779724200,[17],"[""stan wawrinka"", ""wawrinka""]",2026-05-26T06:19:18.210120+00:00
AT:george clooney,AT,george clooney,george clooney,500,1000,1779736200,1779742200,"[10, 4]","[""george clooney""]",2026-05-26T06:19:18.210120+00:00
AT:paderborn fc,AT,paderborn fc,paderborn fc,200,700,1779741000,1779772800,[17],"[""paderborn fc"", ""joakim maehle""]",2026-05-26T06:19:18.210120+00:00
AT:liechtenstein,AT,liechtenstein,liechtenstein,500,1000,1779723600,1779730200,[10],"[""liechtenstein""]",2026-05-26T06:19:18.210120+00:00
AT:schwedische konigsfamilie,AT,schwedische königsfamilie,schwedische konigsfamilie,500,700,1779709800,1779728400,"[10, 4]","[""schwedische königsfamilie""]",2026-05-26T06:19:18.210120+00:00
AT:janine flock,AT,janine flock,janine flock,500,1000,1779708600,1779725400,[17],"[""janine flock""]",2026-05-26T06:19:18.210120+00:00
AT:bali,AT,bali,bali,200,900,1779734400,1779741600,[19],"[""bali""]",2026-05-26T06:19:18.210120+00:00
AT:sat 1 live,AT,sat 1 live,sat 1 live,200,700,1779739800,1779745200,[17],"[""sat 1 live"", ""sat1 live""]",2026-05-26T06:19:18.210120+00:00
AT:wacker innsbruck,AT,wacker innsbruck,wacker innsbruck,200,500,1779724200,1779733800,[17],"[""wacker innsbruck""]",2026-05-26T06:19:18.210120+00:00
AT:uli hoeneß,AT,uli hoeneß,uli hoeneß,200,300,1779712200,1779769200,[17],"[""uli hoeneß""]",2026-05-26T06:19:18.210120+00:00
AT:dax,AT,dax,dax,200,700,1779736800,1779742200,[3],"[""dax""]",2026-05-26T06:19:18.210120+00:00
AT:tatort heute,AT,tatort heute,tatort heute,200,1000,1779733800,1779739800,[4],"[""tatort heute""]",2026-05-26T06:19:18.210120+00:00
AT:billa,AT,billa,billa,1000,100,1779717000,1779721800,[11],"[""billa""]",2026-05-26T06:19:18.210120+00:00
AT:mette-marit,AT,mette-marit,mette-marit,500,1000,1779713400,1779720000,[11],"[""mette-marit"", ""sverre magnus von norwegen""]",2026-05-26T06:19:18.210120+00:00
AT:gaston tennis,AT,gaston tennis,gaston tennis,200,800,1779740400,1779745800,"[17, 4]","[""gaston tennis""]",2026-05-26T06:19:18.210120+00:00
AT:the boroughs,AT,the boroughs,the boroughs,200,100,1779736200,1779745800,[4],"[""the boroughs""]",2026-05-26T06:19:18.210120+00:00
AT:marta kostjuk,AT,marta kostjuk,marta kostjuk,200,500,1779715200,1779729600,[17],"[""marta kostjuk""]",2026-05-26T06:19:18.210120+00:00
AT:tv programm,AT,tv programm,tv programm,500,100,1779732000,1779736200,[4],"[""tv programm""]",2026-05-26T06:19:18.210120+00:00
AT:maya joint,AT,maya joint,maya joint,200,1000,1779714000,1779721200,[17],"[""maya joint""]",2026-05-26T06:19:18.210120+00:00
AT:eishockey-wm live,AT,eishockey-wm live,eishockey-wm live,200,1000,1779723000,1779729600,[17],"[""eishockey-wm live""]",2026-05-26T06:19:18.210120+00:00
AT:schule,AT,schule,schule,200,700,1779715200,1779723000,[9],"[""schule""]",2026-05-26T06:19:18.210120+00:00
AT:euphoria,AT,euphoria,euphoria,100,100,1779747600,1779755400,[4],"[""euphoria""]",2026-05-26T06:19:18.210120+00:00
AT:tom hanks,AT,tom hanks,tom hanks,200,900,1779705000,1779718200,[4],"[""tom hanks""]",2026-05-26T06:19:18.210120+00:00
AT:peter thiel,AT,peter thiel,peter thiel,200,500,1779729000,1779733200,[11],"[""peter thiel""]",2026-05-26T06:19:18.210120+00:00
AT:tv programm heute,AT,tv programm heute,tv programm heute,200,75,1779731400,1779735000,[4],"[""tv programm heute""]",2026-05-26T06:19:18.210120+00:00
AT:fahrzeug,AT,fahrzeug,fahrzeug,200,1000,1779697200,1779703800,[11],"[""fahrzeug""]",2026-05-26T06:19:18.210120+00:00
AT:giro d’italia,AT,giro d’italia,giro d’italia,200,1000,1779707400,1779712800,"[17, 8]","[""giro d’italia""]",2026-05-26T06:19:18.210120+00:00
AT:scr altach,AT,scr altach,scr altach,200,500,1779719400,1779724200,[17],"[""scr altach""]",2026-05-26T06:19:18.210120+00:00
AT:eva lys,AT,eva lys,eva lys,100,1000,1779712800,1779716400,[17],"[""eva lys""]",2026-05-26T06:19:18.210120+00:00
AT:ostapenko,AT,ostapenko,ostapenko,100,800,1779732000,1779734400,[17],"[""ostapenko""]",2026-05-26T06:19:18.210120+00:00
AT:microeledone galapagensis,AT,microeledone galapagensis,microeledone galapagensis,100,700,1779702000,1779706200,[15],"[""microeledone galapagensis""]",2026-05-26T06:19:18.210120+00:00
AT:karin thaler,AT,karin thaler,karin thaler,100,200,1779691800,1779696000,[4],"[""karin thaler""]",2026-05-26T06:19:18.210120+00:00
AT:iga swiatek,AT,iga świątek,iga swiatek,100,1000,1779708000,1779709800,"[17, 4]","[""iga świątek""]",2026-05-26T06:19:18.210120+00:00
AU:brad scott,AU,brad scott,brad scott,20000,1000,1779744000,,[17],"[""brad scott"", ""brad scott news"", ""andrew welsh"", ""essendon"", ""essendon coach"", ""essendon football club"", ""brad scott essendon coach"", ""brad scott sacked"", ""essendon news"", ""sen"", ""afl news"", ""coach""]",2026-05-26T06:18:31.351126+00:00
AU:knicks,AU,knicks,knicks,20000,600,1779754200,,[17],"[""knicks"", ""new york knicks"", ""nba finals"", ""cavaliers vs knicks"", ""knicks vs cavs"", ""cavs vs knicks"", ""karl-anthony towns"", ""ny knicks"", ""donovan mitchell"", ""cavs""]",2026-05-26T06:18:31.351126+00:00
AU:ferrari luce,AU,ferrari luce,ferrari luce,2000,1000,1779743400,,[1],"[""ferrari luce"", ""ferrari""]",2026-05-26T06:18:31.351126+00:00
AU:national sorry day,AU,national sorry day,national sorry day,5000,600,1779741000,,[11],"[""national sorry day"", ""sorry day""]",2026-05-26T06:18:31.351126+00:00
AU:roger tuivasa-sheck,AU,roger tuivasa-sheck,roger tuivasa-sheck,2000,1000,1779761400,,[17],"[""roger tuivasa-sheck""]",2026-05-26T06:18:31.351126+00:00
AU:dean solomon,AU,dean solomon,dean solomon,2000,900,1779745800,,[17],"[""dean solomon""]",2026-05-26T06:18:31.351126+00:00
AU:kyle and jackie o redundancies,AU,kyle and jackie o redundancies,kyle and jackie o redundancies,5000,1000,1779708000,,[4],"[""kyle and jackie o redundancies""]",2026-05-26T06:18:31.351126+00:00
AU:shane mcadam,AU,shane mcadam,shane mcadam,5000,500,1779703200,,[17],"[""shane mcadam"", ""shane mcadam afl retirement""]",2026-05-26T06:18:31.351126+00:00
AU:dom dolla,AU,dom dolla,dom dolla,5000,600,1779746400,,[4],"[""dom dolla"", ""dom dolla melbourne"", ""ticketmaster"", ""dom dolla melbourne 2026""]",2026-05-26T06:18:31.351126+00:00
AU:severe weather,AU,severe weather,severe weather,20000,700,1779706200,,[20],"[""severe weather"", ""weather""]",2026-05-26T06:18:31.351126+00:00
AU:dubai international airport,AU,dubai international airport,dubai international airport,1000,800,1779753600,,[19],"[""dubai international airport""]",2026-05-26T06:18:31.351126+00:00
AU:james mcdonald fine hk$120000,AU,james mcdonald fine hk$120000,james mcdonald fine hk$120000,5000,800,1779703800,,"[17, 6, 8]","[""james mcdonald fine hk$120000"", ""melbourne cup""]",2026-05-26T06:18:31.351126+00:00
AU:stan wawrinka french open,AU,stan wawrinka french open,stan wawrinka french open,2000,1000,1779765000,,[17],"[""stan wawrinka french open"", ""stan wawrinka"", ""french open day one upsets"", ""jesper de jong""]",2026-05-26T06:18:31.351126+00:00
AU:jake worthington,AU,jake worthington,jake worthington,1000,600,1779757200,,[4],"[""jake worthington""]",2026-05-26T06:18:31.351126+00:00
AU:dna breakthrough teterin kay case,AU,dna breakthrough teterin kay case,dna breakthrough teterin kay case,2000,400,1779706200,,[10],"[""dna breakthrough teterin kay case""]",2026-05-26T06:18:31.351126+00:00
AU:stephen crichton state of origin,AU,stephen crichton state of origin,stephen crichton state of origin,2000,400,1779734400,,[17],"[""stephen crichton state of origin""]",2026-05-26T06:18:31.351126+00:00
AU:abraham accords,AU,abraham accords,abraham accords,2000,400,1779738000,,[14],"[""abraham accords""]",2026-05-26T06:18:31.351126+00:00
AU:hans zimmer,AU,hans zimmer,hans zimmer,1000,400,1779745800,,[4],"[""hans zimmer""]",2026-05-26T06:18:31.351126+00:00
AU:liddell power station,AU,liddell power station,liddell power station,1000,700,1779755400,,[3],"[""liddell power station""]",2026-05-26T06:18:31.351126+00:00
"AU:sophie, duchess of edinburgh",AU,"sophie, duchess of edinburgh","sophie, duchess of edinburgh",500,400,1779763200,,[16],"[""sophie, duchess of edinburgh""]",2026-05-26T06:18:31.351126+00:00
AU:jalen brunson,AU,jalen brunson,jalen brunson,1000,400,1779757800,,[17],"[""jalen brunson""]",2026-05-26T06:18:31.351126+00:00
AU:jesse ramien,AU,jesse ramien,jesse ramien,1000,500,1779766200,,[17],"[""jesse ramien"", ""murray taulagi"", ""sione katoa""]",2026-05-26T06:18:31.351126+00:00
AU:australian energy regulator price announcement,AU,australian energy regulator price announcement,australian energy regulator price announcement,500,500,1779765600,,[3],"[""australian energy regulator price announcement""]",2026-05-26T06:18:31.351126+00:00
AU:piastri apology to albon,AU,piastri apology to albon,piastri apology to albon,500,400,1779768000,,[17],"[""piastri apology to albon""]",2026-05-26T06:18:31.351126+00:00
AU:sonny rollins,AU,sonny rollins,sonny rollins,500,400,1779763800,,[4],"[""sonny rollins""]",2026-05-26T06:18:31.351126+00:00
AU:nicho hynes,AU,nicho hynes,nicho hynes,200,1000,1779772200,,[17],"[""nicho hynes""]",2026-05-26T06:18:31.351126+00:00
AU:american music awards 2026,AU,american music awards 2026,american music awards 2026,500,200,1779763200,,[4],"[""american music awards 2026"", ""amas""]",2026-05-26T06:18:31.351126+00:00
AU:matt comyn,AU,matt comyn,matt comyn,1000,300,1779747000,,[11],"[""matt comyn""]",2026-05-26T06:18:31.351126+00:00
AU:darcy moore,AU,darcy moore,darcy moore,200,600,1779771600,,[17],"[""darcy moore""]",2026-05-26T06:18:31.351126+00:00
AU:ethan strange,AU,ethan strange,ethan strange,2000,400,1779699600,,[17],"[""ethan strange"", ""state of origin 2026""]",2026-05-26T06:18:31.351126+00:00
AU:albanese government tax changes,AU,albanese government tax changes,albanese government tax changes,200,300,1779771600,,[11],"[""albanese government tax changes""]",2026-05-26T06:18:31.351126+00:00
AU:mid season draft 2026,AU,mid season draft 2026,mid season draft 2026,1000,300,1779698400,,[17],"[""mid season draft 2026"", ""afl mid season draft 2026""]",2026-05-26T06:18:31.351126+00:00
AU:australian property market downturn,AU,australian property market downturn,australian property market downturn,500,300,1779750600,,[11],"[""australian property market downturn""]",2026-05-26T06:18:31.351126+00:00
AU:us strikes iran today,AU,us strikes iran today,us strikes iran today,200,500,1779772200,,[14],"[""us strikes iran today""]",2026-05-26T06:18:31.351126+00:00
AU:vivid drone show,AU,vivid drone show,vivid drone show,2000,200,1779696000,,[4],"[""vivid drone show"", ""vivid sydney drone show cancellation"", ""drone show vivid 2026"", ""vivid drone show 2026"", ""drone show vivid""]",2026-05-26T06:18:31.351126+00:00
AU:nico hulkenberg,AU,nico hülkenberg,nico hulkenberg,500,300,1779745800,,[17],"[""nico hülkenberg""]",2026-05-26T06:18:31.351126+00:00
AU:stewart mclean,AU,stewart mclean,stewart mclean,100,300,1779774600,,[4],"[""stewart mclean""]",2026-05-26T06:18:31.351126+00:00
AU:landry shamet,AU,landry shamet,landry shamet,1000,600,1779757800,1779773400,[17],"[""landry shamet""]",2026-05-26T06:18:31.351126+00:00
AU:roxanne thornton,AU,roxanne thornton,roxanne thornton,100,300,1779774600,,[10],"[""roxanne thornton""]",2026-05-26T06:18:31.351126+00:00
AU:thanasi kokkinakis,AU,thanasi kokkinakis,thanasi kokkinakis,2000,300,1779707400,1779768000,[17],"[""thanasi kokkinakis"", ""kokkinakis"", ""terence atmane"", ""daria kasatkina""]",2026-05-26T06:18:31.351126+00:00
AU:road safety,AU,road safety,road safety,2000,300,1779709800,1779775800,"[10, 1]","[""road safety""]",2026-05-26T06:18:31.351126+00:00
AU:spacex ipo,AU,spacex ipo,spacex ipo,2000,400,1779750600,1779767400,"[3, 15]","[""spacex ipo"", ""space x ipo""]",2026-05-26T06:18:31.351126+00:00
AU:lost,AU,lost,lost,200,400,1779769200,1779775800,[3],"[""lost""]",2026-05-26T06:18:31.351126+00:00
AU:reneweconomy,AU,reneweconomy,reneweconomy,2000,600,1779692400,1779755400,[3],"[""reneweconomy""]",2026-05-26T06:18:31.351126+00:00
AU:dodgers vs rockies,AU,dodgers vs rockies,dodgers vs rockies,500,500,1779757800,1779771600,[17],"[""dodgers vs rockies""]",2026-05-26T06:18:31.351126+00:00
AU:power outage melbourne,AU,power outage melbourne,power outage melbourne,5000,700,1779691200,1779754800,[3],"[""power outage melbourne"", ""melbourne power outage"", ""power outage"", ""melbourne cbd power outage""]",2026-05-26T06:18:31.351126+00:00
AU:todd payten,AU,todd payten,todd payten,2000,400,1779693600,1779765600,[17],"[""todd payten""]",2026-05-26T06:18:31.351126+00:00
AU:australia mining capital gains tax,AU,australia mining capital gains tax,australia mining capital gains tax,2000,300,1779705000,1779752400,[11],"[""australia mining capital gains tax"", ""anthony albanese budget tax changes""]",2026-05-26T06:18:31.351126+00:00
AU:euphoria season 3,AU,euphoria season 3,euphoria season 3,5000,50,1779698400,1779744600,[4],"[""euphoria season 3"", ""nate jacobs"", ""how many episodes in euphoria season 3"", ""nate jacobs death"", ""does nate die in euphoria"", ""euphoria season 3 episode 7"", ""euphoria""]",2026-05-26T06:18:31.351126+00:00
AU:reconciliation week 2026,AU,reconciliation week 2026,reconciliation week 2026,2000,100,1779745800,1779757800,[11],"[""reconciliation week 2026"", ""reconciliation week"", ""btn""]",2026-05-26T06:18:31.351126+00:00
AU:james harden,AU,james harden,james harden,1000,400,1779757800,1779766800,[17],"[""james harden""]",2026-05-26T06:18:31.351126+00:00
AU:canadiens vs hurricanes,AU,canadiens vs hurricanes,canadiens vs hurricanes,500,400,1779754200,1779768600,[17],"[""canadiens vs hurricanes""]",2026-05-26T06:18:31.351126+00:00
AU:joe hockey,AU,joe hockey,joe hockey,500,600,1779764400,1779770400,[10],"[""joe hockey""]",2026-05-26T06:18:31.351126+00:00
AU:gus lamont,AU,gus lamont,gus lamont,200,300,1779760800,1779771600,[10],"[""gus lamont""]",2026-05-26T06:18:31.351126+00:00
AU:roland garros 2026,AU,roland garros 2026,roland garros 2026,2000,100,1779706800,1779748200,[17],"[""roland garros 2026""]",2026-05-26T06:18:31.351126+00:00
AU:cleveland cavaliers vs knicks match player stats,AU,cleveland cavaliers vs knicks match player stats,cleveland cavaliers vs knicks match player stats,500,500,1779759000,1779766200,[17],"[""cleveland cavaliers vs knicks match player stats""]",2026-05-26T06:18:31.351126+00:00
AU:senate estimates,AU,senate estimates,senate estimates,500,300,1779749400,1779760200,"[14, 10]","[""senate estimates"", ""glenn sterle bridget mckenzie hearing""]",2026-05-26T06:18:31.351126+00:00
AU:alex de minaur,AU,alex de minaur,alex de minaur,5000,1000,1779702000,1779710400,[17],"[""alex de minaur"", ""toby samuel"", ""de minaur""]",2026-05-26T06:18:31.351126+00:00
AU:mick fanning,AU,mick fanning,mick fanning,2000,1000,1779702000,1779717000,[11],"[""mick fanning""]",2026-05-26T06:18:31.351126+00:00
AU:rick and morty season 9,AU,rick and morty season 9,rick and morty season 9,1000,200,1779694800,1779730800,[4],"[""rick and morty season 9""]",2026-05-26T06:18:31.351126+00:00
AU:the rookie,AU,the rookie,the rookie,1000,100,1779702000,1779751200,[4],"[""the rookie""]",2026-05-26T06:18:31.351126+00:00
AU:post malone,AU,post malone,post malone,500,400,1779756600,1779762000,[4],"[""post malone""]",2026-05-26T06:18:31.351126+00:00
AU:gael monfils,AU,gael monfils,gael monfils,1000,300,1779746400,1779767400,[17],"[""gael monfils"", ""monfils"", ""gaël monfils"", ""hugo gaston""]",2026-05-26T06:18:31.351126+00:00
AU:bradley pen dragon,AU,bradley pen dragon,bradley pen dragon,1000,200,1779703800,1779751800,[10],"[""bradley pen dragon""]",2026-05-26T06:18:31.351126+00:00
AU:jarrett allen,AU,jarrett allen,jarrett allen,200,400,1779757800,1779764400,[17],"[""jarrett allen""]",2026-05-26T06:18:31.351126+00:00
AU:michael jackson,AU,michael jackson,michael jackson,5000,200,1779702000,1779711600,[11],"[""michael jackson""]",2026-05-26T06:18:31.351126+00:00
AU:ben simmons,AU,ben simmons,ben simmons,1000,200,1779697800,1779752400,[17],"[""ben simmons""]",2026-05-26T06:18:31.351126+00:00
AU:jason donovan,AU,jason donovan,jason donovan,500,900,1779745200,1779756600,[4],"[""jason donovan""]",2026-05-26T06:18:31.351126+00:00
AU:og anunoby,AU,og anunoby,og anunoby,200,300,1779757800,1779765000,[17],"[""og anunoby""]",2026-05-26T06:18:31.351126+00:00
AU:russell crowe,AU,russell crowe,russell crowe,200,200,1779762000,1779768000,[4],"[""russell crowe""]",2026-05-26T06:18:31.351126+00:00
AU:emerson jones,AU,emerson jones,emerson jones,1000,900,1779701400,1779715800,[17],"[""emerson jones"", ""french open results"", ""bondar tennis""]",2026-05-26T06:18:31.351126+00:00
AU:shane flanagan,AU,shane flanagan,shane flanagan,500,200,1779739200,1779753600,[17],"[""shane flanagan"", ""kyle flanagan""]",2026-05-26T06:18:31.351126+00:00
AU:mikal bridges,AU,mikal bridges,mikal bridges,200,200,1779757200,1779764400,[17],"[""mikal bridges""]",2026-05-26T06:18:31.351126+00:00
AU:commsec,AU,commsec,commsec,500,75,1779753000,1779759000,[3],"[""commsec""]",2026-05-26T06:18:31.351126+00:00
AU:jordan clarkson,AU,jordan clarkson,jordan clarkson,200,400,1779761400,1779765600,[17],"[""jordan clarkson""]",2026-05-26T06:18:31.351126+00:00
AU:bhp,AU,bhp,bhp,500,300,1779705600,1779760200,[3],"[""bhp""]",2026-05-26T06:18:31.351126+00:00
AU:josh hart,AU,josh hart,josh hart,200,500,1779762000,1779765000,[17],"[""josh hart""]",2026-05-26T06:18:31.351126+00:00
AU:the boroughs cast,AU,the boroughs cast,the boroughs cast,1000,300,1779701400,1779715200,[4],"[""the boroughs cast"", ""the boroughs netflix""]",2026-05-26T06:18:31.351126+00:00
AU:live nation,AU,live nation,live nation,200,300,1779756000,1779760200,[4],"[""live nation"", ""ticket master""]",2026-05-26T06:18:31.351126+00:00
AU:new zealand women vs england women,AU,new zealand women vs england women,new zealand women vs england women,200,100,1779735600,1779748800,[17],"[""new zealand women vs england women""]",2026-05-26T06:18:31.351126+00:00
AU:marshals season 2,AU,marshals season 2,marshals season 2,1000,300,1779701400,1779717600,[4],"[""marshals season 2"", ""marshalls tv""]",2026-05-26T06:18:31.351126+00:00
AU:organized crime,AU,organized crime,organized crime,500,200,1779709200,1779745800,[10],"[""organized crime""]",2026-05-26T06:18:31.351126+00:00
AU:homer gere,AU,homer gere,homer gere,200,200,1779742800,1779750600,[4],"[""homer gere"", ""sydney sweeney""]",2026-05-26T06:18:31.351126+00:00
AU:chris scott,AU,chris scott,chris scott,200,400,1779748200,1779753600,[17],"[""chris scott""]",2026-05-26T06:18:31.351126+00:00
AU:zach merrett,AU,zach merrett,zach merrett,500,200,1779696600,1779746400,[17],"[""zach merrett""]",2026-05-26T06:18:31.351126+00:00
AU:vale,AU,vale,vale,1000,300,1779696000,1779704400,[17],"[""vale"", ""when was neale daniher diagnosed with mnd"", ""daniher brothers"", ""neale daniher update"", ""neale daniher news"", ""when did neale daniher die""]",2026-05-26T06:18:31.351126+00:00
AU:shannon noll,AU,shannon noll,shannon noll,200,400,1779744600,1779749400,[4],"[""shannon noll""]",2026-05-26T06:18:31.351126+00:00
AU:elina svitolina,AU,elina svitolina,elina svitolina,500,700,1779712200,1779721800,[17],"[""elina svitolina"", ""svitolina""]",2026-05-26T06:18:31.351126+00:00
AU:tennis,AU,tennis,tennis,500,100,1779705600,1779747600,[17],"[""tennis"", ""craig tiley"", ""abdo nrl""]",2026-05-26T06:18:31.351126+00:00
AU:vietnam,AU,vietnam,vietnam,200,100,1779759600,1779762000,[10],"[""vietnam""]",2026-05-26T06:18:31.351126+00:00
AU:paris jackson,AU,paris jackson,paris jackson,1000,400,1779702000,1779707400,[4],"[""paris jackson""]",2026-05-26T06:18:31.351126+00:00
AU:weatherzone,AU,weatherzone,weatherzone,200,75,1779735600,1779746400,[11],"[""weatherzone""]",2026-05-26T06:18:31.351126+00:00
AU:mlb,AU,mlb,mlb,200,100,1779735600,1779744000,[17],"[""mlb""]",2026-05-26T06:18:31.351126+00:00
AU:riley mcgree,AU,riley mcgree,riley mcgree,200,300,1779750600,1779753600,[17],"[""riley mcgree"", ""socceroos""]",2026-05-26T06:18:31.351126+00:00
AU:jeremy sochan,AU,jeremy sochan,jeremy sochan,100,200,1779763200,1779765000,[17],"[""jeremy sochan""]",2026-05-26T06:18:31.351126+00:00
AU:paderborn vs wolfsburg,AU,paderborn vs wolfsburg,paderborn vs wolfsburg,200,100,1779742200,1779748200,[17],"[""paderborn vs wolfsburg""]",2026-05-26T06:18:31.351126+00:00
AU:josh heuston,AU,josh heuston,josh heuston,200,400,1779742200,1779746400,[4],"[""josh heuston""]",2026-05-26T06:18:31.351126+00:00
AU:kohli travis head,AU,kohli travis head,kohli travis head,200,100,1779743400,1779749400,[17],"[""kohli travis head""]",2026-05-26T06:18:31.351126+00:00
AU:umbrella,AU,umbrella,umbrella,200,100,1779745800,1779751800,[11],"[""umbrella""]",2026-05-26T06:18:31.351126+00:00
AU:pete evans,AU,pete evans,pete evans,200,200,1779706200,1779716400,[4],"[""pete evans""]",2026-05-26T06:18:31.351126+00:00
AU:emirates airbus a380 route changes,AU,emirates airbus a380 route changes,emirates airbus a380 route changes,200,200,1779696000,1779707400,"[3, 19]","[""emirates airbus a380 route changes""]",2026-05-26T06:18:31.351126+00:00
AU:maja chwalinska,AU,maja chwalińska,maja chwalinska,200,500,1779703800,1779711000,[17],"[""maja chwalińska""]",2026-05-26T06:18:31.351126+00:00
AU:brad fittler chester comment,AU,brad fittler chester comment,brad fittler chester comment,200,200,1779697800,1779740400,[17],"[""brad fittler chester comment""]",2026-05-26T06:18:31.351126+00:00
AU:niat puasa arafah,AU,niat puasa arafah,niat puasa arafah,100,100,1779736200,1779742200,[8],"[""niat puasa arafah""]",2026-05-26T06:18:31.351126+00:00
AU:brooklyn bridge,AU,brooklyn bridge,brooklyn bridge,500,500,1779699000,1779705000,[11],"[""brooklyn bridge""]",2026-05-26T06:18:31.351126+00:00
AU:paris weather,AU,paris weather,paris weather,200,200,1779702000,1779711600,[11],"[""paris weather""]",2026-05-26T06:18:31.351126+00:00
AU:iga swiatek,AU,iga świątek,iga swiatek,500,600,1779705000,1779709800,"[17, 4]","[""iga świątek""]",2026-05-26T06:18:31.351126+00:00
AU:qinwen zheng,AU,qinwen zheng,qinwen zheng,200,500,1779705000,1779711000,[17],"[""qinwen zheng""]",2026-05-26T06:18:31.351126+00:00
AU:qantas project sunrise delay,AU,qantas project sunrise delay,qantas project sunrise delay,200,100,1779705000,1779750000,[3],"[""qantas project sunrise delay""]",2026-05-26T06:18:31.351126+00:00
AU:the shooting,AU,the shooting,the shooting,500,600,1779691200,1779696600,[10],"[""the shooting""]",2026-05-26T06:18:31.351126+00:00
AU:iom tt news,AU,iom tt news,iom tt news,100,200,1779750600,1779754800,[17],"[""iom tt news""]",2026-05-26T06:18:31.351126+00:00
AU:spotswood fire,AU,spotswood fire,spotswood fire,100,300,1779747600,1779751800,[10],"[""spotswood fire""]",2026-05-26T06:18:31.351126+00:00
AU:john laws,AU,john laws,john laws,200,600,1779697200,1779702000,[11],"[""john laws""]",2026-05-26T06:18:31.351126+00:00
AU:from season 4 episode 6,AU,from season 4 episode 6,from season 4 episode 6,200,300,1779699600,1779709200,[4],"[""from season 4 episode 6""]",2026-05-26T06:18:31.351126+00:00
AU:maya joint,AU,maya joint,maya joint,100,200,1779714000,1779720600,[17],"[""maya joint""]",2026-05-26T06:18:31.351126+00:00
AU:dezi freeman,AU,dezi freeman,dezi freeman,200,200,1779696000,1779702000,[10],"[""dezi freeman""]",2026-05-26T06:18:31.351126+00:00
AU:st. mirren vs partick thistle,AU,st. mirren vs partick thistle,st. mirren vs partick thistle,100,200,1779744600,1779747600,[17],"[""st. mirren vs partick thistle""]",2026-05-26T06:18:31.351126+00:00
AU:sky news australia,AU,sky news australia,sky news australia,100,75,1779742800,1779746400,[14],"[""sky news australia""]",2026-05-26T06:18:31.351126+00:00
AU:hbo max,AU,hbo max,hbo max,100,75,1779723000,1779727800,[4],"[""hbo max""]",2026-05-26T06:18:31.351126+00:00
AU:enhanced games swimmer,AU,enhanced games swimmer,enhanced games swimmer,200,200,1779693000,1779697800,[17],"[""enhanced games swimmer""]",2026-05-26T06:18:31.351126+00:00
AU:eid al adha 2026,AU,eid al adha 2026,eid al adha 2026,100,100,1779748200,1779750000,[8],"[""eid al adha 2026""]",2026-05-26T06:18:31.351126+00:00
AU:rafael jodar,AU,rafael jodar,rafael jodar,100,400,1779711000,1779714600,[17],"[""rafael jodar""]",2026-05-26T06:18:31.351126+00:00
AU:talia gibson,AU,talia gibson,talia gibson,100,200,1779719400,1779723000,[17],"[""talia gibson""]",2026-05-26T06:18:31.351126+00:00
AU:bondi beach,AU,bondi beach,bondi beach,100,300,1779704400,1779745800,[11],"[""bondi beach""]",2026-05-26T06:18:31.351126+00:00
AU:cyprus,AU,cyprus,cyprus,200,500,1779703200,1779705600,[14],"[""cyprus""]",2026-05-26T06:18:31.351126+00:00
AU:jiri lehecka,AU,jiri lehecka,jiri lehecka,100,400,1779706800,1779709800,[17],"[""jiri lehecka""]",2026-05-26T06:18:31.351126+00:00
AU:roland garros 2026 schedule,AU,roland garros 2026 schedule,roland garros 2026 schedule,100,200,1779709200,1779711600,[17],"[""roland garros 2026 schedule""]",2026-05-26T06:18:31.351126+00:00
AU:bhp share price,AU,bhp share price,bhp share price,200,200,1779708000,1779709800,[3],"[""bhp share price""]",2026-05-26T06:18:31.351126+00:00
AU:eric edelstein,AU,eric edelstein,eric edelstein,100,200,1779708000,1779711600,[4],"[""eric edelstein""]",2026-05-26T06:18:31.351126+00:00
AU:asx today,AU,asx today,asx today,100,50,1779745800,1779747000,[3],"[""asx today""]",2026-05-26T06:18:31.351126+00:00
AU:droneshield,AU,droneshield,droneshield,100,300,1779693000,1779695400,[3],"[""droneshield""]",2026-05-26T06:18:31.351126+00:00
AU:robert redford,AU,robert redford,robert redford,100,200,1779696000,1779698400,[4],"[""robert redford""]",2026-05-26T06:18:31.351126+00:00
AU:home and away spoilers,AU,home and away spoilers,home and away spoilers,100,100,1779702600,1779704400,[4],"[""home and away spoilers""]",2026-05-26T06:18:31.351126+00:00
AU:hobart weather,AU,hobart weather,hobart weather,100,50,1779742800,1779744000,[20],"[""hobart weather""]",2026-05-26T06:18:31.351126+00:00
AU:gold coast weather,AU,gold coast weather,gold coast weather,100,50,1779739200,1779740400,[20],"[""gold coast weather""]",2026-05-26T06:18:31.351126+00:00
AU:switzerland,AU,switzerland,switzerland,100,200,1779694800,1779696600,[19],"[""switzerland""]",2026-05-26T06:18:31.351126+00:00
AU:disclosure day,AU,disclosure day,disclosure day,100,100,1779699600,1779700800,[4],"[""disclosure day""]",2026-05-26T06:18:31.351126+00:00
BD:বাংলাদেশ আওযামী লীগ,BD,বাংলাদেশ আওয়ামী লীগ,বাংলাদেশ আওযামী লীগ,10000,1000,1779697200,,[14],"[""বাংলাদেশ আওয়ামী লীগ""]",2026-05-26T06:20:44.382581+00:00
BD:আরাফার দিনের দোযা,BD,আরাফার দিনের দোয়া,আরাফার দিনের দোযা,5000,1000,1779711600,,[11],"[""আরাফার দিনের দোয়া"", ""আরাফার রোজা কবে""]",2026-05-26T06:20:44.382581+00:00
BD:ভারী বষটি,BD,ভারী বৃষ্টি,ভারী বষটি,5000,1000,1779704400,,[11],"[""ভারী বৃষ্টি"", ""আজকের আবহাওয়া"", ""আবহাওয়ার খবর"", ""আবহাওয়া আবহাওয়া"", ""ওয়েদার""]",2026-05-26T06:20:44.382581+00:00
BD:afghanistan,BD,afghanistan,afghanistan,2000,1000,1779694800,,[11],"[""afghanistan""]",2026-05-26T06:20:44.382581+00:00
BD:গবাদি পশ,BD,গবাদি পশু,গবাদি পশ,10000,800,1779716400,,[11],"[""গবাদি পশু""]",2026-05-26T06:20:44.382581+00:00
BD:সমাজসেবা অধিদফতর,BD,সমাজসেবা অধিদফতর,সমাজসেবা অধিদফতর,2000,1000,1779735600,,"[9, 10]","[""সমাজসেবা অধিদফতর""]",2026-05-26T06:20:44.382581+00:00
BD:হাসনাত আবদললাহ,BD,হাসনাত আবদুল্লাহ,হাসনাত আবদললাহ,2000,800,1779712200,,[10],"[""হাসনাত আবদুল্লাহ""]",2026-05-26T06:20:44.382581+00:00
BD:বাপপারাজ,BD,বাপ্পারাজ,বাপপারাজ,1000,700,1779706200,,[4],"[""বাপ্পারাজ""]",2026-05-26T06:20:44.382581+00:00
BD:paderborn vs wolfsburg,BD,paderborn vs wolfsburg,paderborn vs wolfsburg,1000,1000,1779732000,,[17],"[""paderborn vs wolfsburg""]",2026-05-26T06:20:44.382581+00:00
BD:earthquake,BD,earthquake,earthquake,200,1000,1779774000,,[20],"[""earthquake""]",2026-05-26T06:20:44.382581+00:00
BD:লাববাইক আললাহমমা লাববাইক,BD,লাব্বাইক আল্লাহুম্মা লাব্বাইক,লাববাইক আললাহমমা লাববাইক,500,400,1779738600,,[11],"[""লাব্বাইক আল্লাহুম্মা লাব্বাইক"", ""আরাফার দিন""]",2026-05-26T06:20:44.382581+00:00
BD:রান,BD,রান,রান,1000,500,1779719400,,[17],"[""রান"", ""উইকেট"", ""বিশ্ব রেকর্ড""]",2026-05-26T06:20:44.382581+00:00
BD:নাবিল গরপ,BD,নাবিল গ্রুপ,নাবিল গরপ,1000,400,1779698400,,[9],"[""নাবিল গ্রুপ""]",2026-05-26T06:20:44.382581+00:00
BD:আরাফার দিনের আমল,BD,আরাফার দিনের আমল,আরাফার দিনের আমল,200,300,1779750600,,[11],"[""আরাফার দিনের আমল""]",2026-05-26T06:20:44.382581+00:00
BD:driving,BD,driving,driving,1000,200,1779690600,,[11],"[""driving""]",2026-05-26T06:20:44.382581+00:00
BD:hajj 2026,BD,hajj 2026,hajj 2026,200,400,1779768600,,[11],"[""hajj 2026"", ""hajj"", ""arafah day""]",2026-05-26T06:20:44.382581+00:00
BD:bts,BD,bts,bts,100,100,1779768000,,[4],"[""bts""]",2026-05-26T06:20:44.382581+00:00
BD:রণবীর সিং,BD,রণবীর সিং,রণবীর সিং,500,500,1779726600,1779773400,[4],"[""রণবীর সিং""]",2026-05-26T06:20:44.382581+00:00
BD:indian premier league,BD,indian premier league,indian premier league,200,300,1779763200,1779776400,[17],"[""indian premier league""]",2026-05-26T06:20:44.382581+00:00
BD:new zealand women vs england women,BD,new zealand women vs england women,new zealand women vs england women,2000,1000,1779715800,1779764400,[17],"[""new zealand women vs england women""]",2026-05-26T06:20:44.382581+00:00
BD:map,BD,map,map,500,50,1779753600,1779771000,[11],"[""map""]",2026-05-26T06:20:44.382581+00:00
BD:পরাথমিক শিকষা,BD,প্রাথমিক শিক্ষা,পরাথমিক শিকষা,1000,1000,1779711000,1779761400,[9],"[""প্রাথমিক শিক্ষা""]",2026-05-26T06:20:44.382581+00:00
BD:সংবাদ,BD,সংবাদ,সংবাদ,200,200,1779741000,1779771000,[10],"[""সংবাদ""]",2026-05-26T06:20:44.382581+00:00
BD:রাজবাডী জেলা,BD,রাজবাড়ী জেলা,রাজবাডী জেলা,500,500,1779703200,1779774000,[11],"[""রাজবাড়ী জেলা""]",2026-05-26T06:20:44.382581+00:00
BD:শিকষক,BD,শিক্ষক,শিকষক,2000,200,1779696600,1779718200,[11],"[""শিক্ষক""]",2026-05-26T06:20:44.382581+00:00
BD:from episode 6,BD,from episode 6,from episode 6,500,300,1779704400,1779744600,[4],"[""from episode 6""]",2026-05-26T06:20:44.382581+00:00
BD:rcb vs gt,BD,rcb vs gt,rcb vs gt,100,200,1779717600,1779775800,[17],"[""rcb vs gt""]",2026-05-26T06:20:44.382581+00:00
BD:bangladesh railway,BD,bangladesh railway,bangladesh railway,200,100,1779760800,1779764400,[11],"[""bangladesh railway"", ""dhaka""]",2026-05-26T06:20:44.382581+00:00
BD:ঢাকা,BD,ঢাকা,ঢাকা,500,800,1779695400,1779720000,[11],"[""ঢাকা""]",2026-05-26T06:20:44.382581+00:00
BD:ভারত,BD,ভারত,ভারত,1000,1000,1779724200,1779730200,[11],"[""ভারত"", ""পেট্রোল""]",2026-05-26T06:20:44.382581+00:00
BD:ফিফা,BD,ফিফা,ফিফা,500,800,1779700200,1779717600,[17],"[""ফিফা""]",2026-05-26T06:20:44.382581+00:00
BD:নামাজের সমযসচি,BD,নামাজের সময়সূচি,নামাজের সমযসচি,200,100,1779745800,1779753600,[11],"[""নামাজের সময়সূচি"", ""আজকের নামাজের সময়সূচী""]",2026-05-26T06:20:44.382581+00:00
BD:কযেত,BD,কুয়েত,কযেত,200,300,1779703800,1779725400,[5],"[""কুয়েত""]",2026-05-26T06:20:44.382581+00:00
BD:saudi arabia,BD,saudi arabia,saudi arabia,200,200,1779702600,1779732000,[3],"[""saudi arabia""]",2026-05-26T06:20:44.382581+00:00
BD:india,BD,india,india,200,200,1779720000,1779760200,"[10, 14]","[""india""]",2026-05-26T06:20:44.382581+00:00
BD:weather dhaka,BD,weather dhaka,weather dhaka,200,300,1779749400,1779751800,[20],"[""weather dhaka"", ""dhaka weather""]",2026-05-26T06:20:44.382581+00:00
BD:খামার,BD,খামার,খামার,200,400,1779710400,1779720600,[11],"[""খামার"", ""গরু""]",2026-05-26T06:20:44.382581+00:00
BD:বাংলাদেশ বেতার,BD,বাংলাদেশ বেতার,বাংলাদেশ বেতার,100,400,1779718800,1779731400,[11],"[""বাংলাদেশ বেতার""]",2026-05-26T06:20:44.382581+00:00
BD:lotto,BD,lotto,lotto,200,200,1779700200,1779708000,[6],"[""lotto""]",2026-05-26T06:20:44.382581+00:00
BD:binance,BD,binance,binance,200,100,1779725400,1779729600,[3],"[""binance""]",2026-05-26T06:20:44.382581+00:00
BD:euphoria,BD,euphoria,euphoria,100,100,1779706200,1779742800,[4],"[""euphoria""]",2026-05-26T06:20:44.382581+00:00
BE:incendie tubize,BE,incendie tubize,incendie tubize,20000,1000,1779706200,,[11],"[""incendie tubize"", ""usine"", ""tubize"", ""tubize incendie"", ""be alert tubize"", ""tubize – incendie industriel"", ""incendie"", ""feu tubize"", ""feu""]",2026-05-26T06:20:02.492143+00:00
BE:pierre deny,BE,pierre deny,pierre deny,5000,1000,1779731400,,[4],"[""pierre deny"", ""pierre denis acteur""]",2026-05-26T06:20:02.492143+00:00
BE:hart,BE,hart,hart,10000,1000,1779706800,,[17],"[""hart""]",2026-05-26T06:20:02.492143+00:00
BE:plage,BE,plage,plage,10000,1000,1779702000,,[19],"[""plage""]",2026-05-26T06:20:02.492143+00:00
BE:gouverneur de californie,BE,gouverneur de californie,gouverneur de californie,5000,1000,1779696600,,[11],"[""gouverneur de californie""]",2026-05-26T06:20:02.492143+00:00
BE:ferrari luce,BE,ferrari luce,ferrari luce,2000,1000,1779739800,,[1],"[""ferrari luce""]",2026-05-26T06:20:02.492143+00:00
BE:belgisch voetbalelftal,BE,belgisch voetbalelftal,belgisch voetbalelftal,5000,1000,1779706800,,[11],"[""belgisch voetbalelftal"", ""brand tubeke"", ""tubeke""]",2026-05-26T06:20:02.492143+00:00
BE:republikeinse partij,BE,republikeinse partij,republikeinse partij,1000,1000,1779744600,,[14],"[""republikeinse partij""]",2026-05-26T06:20:02.492143+00:00
BE:flexi-job,BE,flexi-job,flexi-job,5000,1000,1779717000,,"[3, 9]","[""flexi-job""]",2026-05-26T06:20:02.492143+00:00
BE:gael monfils,BE,gael monfils,gael monfils,5000,900,1779735000,,[17],"[""gael monfils"", ""monfils"", ""hugo gaston"", ""gaël monfils"", ""elina svitolina"", ""svitolina""]",2026-05-26T06:20:02.492143+00:00
BE:evy gruyaert,BE,evy gruyaert,evy gruyaert,1000,900,1779747600,,[4],"[""evy gruyaert""]",2026-05-26T06:20:02.492143+00:00
BE:tour de france,BE,tour de france,tour de france,1000,900,1779708000,,"[8, 17]","[""tour de france""]",2026-05-26T06:20:02.492143+00:00
BE:george russell,BE,george russell,george russell,2000,900,1779699600,,[17],"[""george russell""]",2026-05-26T06:20:02.492143+00:00
BE:vacances,BE,vacances,vacances,500,1000,1779772800,,"[10, 19]","[""vacances""]",2026-05-26T06:20:02.492143+00:00
BE:elisabeth van belgie,BE,elisabeth van belgië,elisabeth van belgie,200,1000,1779774000,,[10],"[""elisabeth van belgië""]",2026-05-26T06:20:02.492143+00:00
BE:maarten vandevoordt,BE,maarten vandevoordt,maarten vandevoordt,1000,700,1779717000,,[17],"[""maarten vandevoordt""]",2026-05-26T06:20:02.492143+00:00
BE:christos tzolis,BE,christos tzolis,christos tzolis,500,700,1779738000,,[17],"[""christos tzolis""]",2026-05-26T06:20:02.492143+00:00
BE:chine,BE,chine,chine,200,400,1779756000,,[1],"[""chine""]",2026-05-26T06:20:02.492143+00:00
BE:victor reinier,BE,victor reinier,victor reinier,500,500,1779718200,,[4],"[""victor reinier""]",2026-05-26T06:20:02.492143+00:00
BE:sonny rollins,BE,sonny rollins,sonny rollins,100,1000,1779775800,,[4],"[""sonny rollins""]",2026-05-26T06:20:02.492143+00:00
BE:michael schumacher,BE,michael schumacher,michael schumacher,200,1000,1779775200,,[17],"[""michael schumacher""]",2026-05-26T06:20:02.492143+00:00
BE:verkeer,BE,verkeer,verkeer,100,900,1779775200,,[11],"[""verkeer""]",2026-05-26T06:20:02.492143+00:00
BE:peter magyar,BE,péter magyar,peter magyar,200,200,1779768600,,"[14, 10]","[""péter magyar""]",2026-05-26T06:20:02.492143+00:00
BE:wolfsburg fc,BE,wolfsburg fc,wolfsburg fc,500,700,1779741000,,[17],"[""wolfsburg fc""]",2026-05-26T06:20:02.492143+00:00
BE:hein vanhaezebrouck,BE,hein vanhaezebrouck,hein vanhaezebrouck,500,700,1779727200,1779776400,[17],"[""hein vanhaezebrouck""]",2026-05-26T06:20:02.492143+00:00
BE:tanker,BE,tanker,tanker,100,300,1779771600,,[10],"[""tanker""]",2026-05-26T06:20:02.492143+00:00
BE:elisabeth de belgique,BE,élisabeth de belgique,elisabeth de belgique,5000,1000,1779693000,1779774000,[10],"[""élisabeth de belgique""]",2026-05-26T06:20:02.492143+00:00
BE:vfl wolfsburg,BE,vfl wolfsburg,vfl wolfsburg,500,500,1779775800,,[17],"[""vfl wolfsburg"", ""wolfsburg""]",2026-05-26T06:20:02.492143+00:00
BE:auto,BE,auto,auto,500,100,1779765000,1779776400,[3],"[""auto""]",2026-05-26T06:20:02.492143+00:00
BE:caleb shomo,BE,caleb shomo,caleb shomo,200,400,1779741000,,[4],"[""caleb shomo""]",2026-05-26T06:20:02.492143+00:00
BE:cavaliers – knicks,BE,cavaliers – knicks,cavaliers – knicks,200,600,1779767400,1779776400,[17],"[""cavaliers – knicks""]",2026-05-26T06:20:02.492143+00:00
BE:wouter vrancken,BE,wouter vrancken,wouter vrancken,2000,300,1779712200,1779774000,[17],"[""wouter vrancken""]",2026-05-26T06:20:02.492143+00:00
BE:ferrari,BE,ferrari,ferrari,200,400,1779743400,,[1],"[""ferrari""]",2026-05-26T06:20:02.492143+00:00
BE:de haan,BE,de haan,de haan,2000,1000,1779709200,1779744600,[11],"[""de haan"", ""kusttram""]",2026-05-26T06:20:02.492143+00:00
BE:tobe leysen,BE,tobe leysen,tobe leysen,500,600,1779707400,1779776400,[17],"[""tobe leysen""]",2026-05-26T06:20:02.492143+00:00
BE:raphael collignon,BE,raphaël collignon,raphael collignon,2000,900,1779721800,1779733800,[17],"[""raphaël collignon"", ""collignon"", ""raphael collignon"", ""collignon tennis""]",2026-05-26T06:20:02.492143+00:00
BE:2026,BE,2026,2026,100,600,1779772800,1779775200,[17],"[""2026""]",2026-05-26T06:20:02.492143+00:00
BE:het laatste nieuws,BE,het laatste nieuws,het laatste nieuws,5000,100,1779705600,1779726000,[11],"[""het laatste nieuws"", ""mensensmokkel""]",2026-05-26T06:20:02.492143+00:00
BE:wawrinka,BE,wawrinka,wawrinka,2000,1000,1779709800,1779736800,[17],"[""wawrinka"", ""stan wawrinka"", ""stanislas wawrinka"", ""de jong tennis""]",2026-05-26T06:20:02.492143+00:00
BE:prijs,BE,prijs,prijs,1000,1000,1779717600,1779737400,[4],"[""prijs""]",2026-05-26T06:20:02.492143+00:00
BE:europe,BE,europe,europe,500,1000,1779727800,1779765600,[11],"[""europe""]",2026-05-26T06:20:02.492143+00:00
BE:anthony vanden borre,BE,anthony vanden borre,anthony vanden borre,500,1000,1779721200,1779772200,[17],"[""anthony vanden borre""]",2026-05-26T06:20:02.492143+00:00
BE:belgium,BE,belgium,belgium,500,400,1779723600,1779771600,[20],"[""belgium""]",2026-05-26T06:20:02.492143+00:00
BE:elise mertens,BE,elise mertens,elise mertens,2000,900,1779708600,1779724200,[17],"[""elise mertens""]",2026-05-26T06:20:02.492143+00:00
BE:diksmuide,BE,diksmuide,diksmuide,1000,1000,1779699000,1779723600,[10],"[""diksmuide""]",2026-05-26T06:20:02.492143+00:00
BE:radio 1,BE,radio 1,radio 1,100,100,1779771600,1779774600,[4],"[""radio 1""]",2026-05-26T06:20:02.492143+00:00
BE:antwerp port epic,BE,antwerp port epic,antwerp port epic,1000,500,1779709200,1779729000,"[17, 8]","[""antwerp port epic""]",2026-05-26T06:20:02.492143+00:00
BE:camille cerf,BE,camille cerf,camille cerf,500,700,1779709200,1779753600,[4],"[""camille cerf""]",2026-05-26T06:20:02.492143+00:00
BE:aurelie reynders,BE,aurelie reynders,aurelie reynders,200,300,1779772800,1779775200,[17],"[""aurelie reynders"", ""championnat de belgique de football""]",2026-05-26T06:20:02.492143+00:00
BE:pro league awards,BE,pro league awards,pro league awards,500,900,1779733200,1779745800,[17],"[""pro league awards""]",2026-05-26T06:20:02.492143+00:00
BE:aleksandar vukic,BE,aleksandar vukic,aleksandar vukic,500,700,1779721200,1779733200,[17],"[""aleksandar vukic""]",2026-05-26T06:20:02.492143+00:00
BE:the boroughs,BE,the boroughs,the boroughs,500,200,1779735600,1779744600,[4],"[""the boroughs""]",2026-05-26T06:20:02.492143+00:00
BE:roland garros,BE,roland garros,roland garros,1000,75,1779720000,1779745800,"[17, 4]","[""roland garros"", ""gaston tennis""]",2026-05-26T06:20:02.492143+00:00
BE:jesper de jong,BE,jesper de jong,jesper de jong,500,1000,1779711000,1779723000,[17],"[""jesper de jong""]",2026-05-26T06:20:02.492143+00:00
BE:lacrosse,BE,lacrosse,lacrosse,200,1000,1779742800,1779748200,[17],"[""lacrosse""]",2026-05-26T06:20:02.492143+00:00
BE:casper ruud,BE,casper ruud,casper ruud,200,1000,1779732600,1779743400,[17],"[""casper ruud""]",2026-05-26T06:20:02.492143+00:00
BE:thuisbatterij,BE,thuisbatterij,thuisbatterij,500,200,1779770400,1779771600,[3],"[""thuisbatterij""]",2026-05-26T06:20:02.492143+00:00
BE:qmusic,BE,qmusic,qmusic,100,75,1779772200,1779773400,[4],"[""qmusic""]",2026-05-26T06:20:02.492143+00:00
BE:nieuws,BE,nieuws,nieuws,1000,300,1779717000,1779722400,[19],"[""nieuws""]",2026-05-26T06:20:02.492143+00:00
BE:tatjana maria,BE,tatjana maria,tatjana maria,500,1000,1779709200,1779717000,[17],"[""tatjana maria""]",2026-05-26T06:20:02.492143+00:00
BE:iran,BE,iran,iran,100,50,1779769200,1779771000,[14],"[""iran""]",2026-05-26T06:20:02.492143+00:00
BE:vukic,BE,vukic,vukic,200,1000,1779724800,1779732000,[17],"[""vukic""]",2026-05-26T06:20:02.492143+00:00
BE:roman safiullin,BE,roman safiullin,roman safiullin,200,1000,1779732600,1779738600,"[17, 4]","[""roman safiullin"", ""safiullin""]",2026-05-26T06:20:02.492143+00:00
BE:ignacio buse,BE,ignacio buse,ignacio buse,200,1000,1779727200,1779735000,[17],"[""ignacio buse""]",2026-05-26T06:20:02.492143+00:00
BE:magasin ouvert aujourd'hui,BE,magasin ouvert aujourd'hui,magasin ouvert aujourd'hui,200,800,1779691800,1779711000,"[5, 3]","[""magasin ouvert aujourd'hui""]",2026-05-26T06:20:02.492143+00:00
BE:hondshaai,BE,hondshaai,hondshaai,200,500,1779692400,1779735000,"[8, 13]","[""hondshaai""]",2026-05-26T06:20:02.492143+00:00
BE:bondar,BE,bondar,bondar,200,1000,1779716400,1779722400,[17],"[""bondar""]",2026-05-26T06:20:02.492143+00:00
BE:kokkinakis,BE,kokkinakis,kokkinakis,200,900,1779722400,1779727800,[17],"[""kokkinakis"", ""atmane""]",2026-05-26T06:20:02.492143+00:00
BE:royal antwerp fc,BE,royal antwerp fc,royal antwerp fc,200,400,1779728400,1779732600,[17],"[""royal antwerp fc""]",2026-05-26T06:20:02.492143+00:00
BE:brand halle,BE,brand halle,brand halle,200,1000,1779707400,1779712800,[10],"[""brand halle""]",2026-05-26T06:20:02.492143+00:00
BE:ruud,BE,ruud,ruud,100,1000,1779734400,1779738600,[11],"[""ruud""]",2026-05-26T06:20:02.492143+00:00
BE:stafford,BE,stafford,stafford,200,1000,1779737400,1779739800,[17],"[""stafford""]",2026-05-26T06:20:02.492143+00:00
BE:begroting,BE,begroting,begroting,100,700,1779730800,1779741000,[11],"[""begroting""]",2026-05-26T06:20:02.492143+00:00
BE:kampioenenviering brugge,BE,kampioenenviering brugge,kampioenenviering brugge,200,500,1779723600,1779730800,[17],"[""kampioenenviering brugge""]",2026-05-26T06:20:02.492143+00:00
BE:tui,BE,tui,tui,500,100,1779711000,1779714600,[7],"[""tui""]",2026-05-26T06:20:02.492143+00:00
BE:agression,BE,agression,agression,200,1000,1779721200,1779725400,[11],"[""agression""]",2026-05-26T06:20:02.492143+00:00
BE:straaljager,BE,straaljager,straaljager,200,600,1779694200,1779702600,"[10, 3]","[""straaljager""]",2026-05-26T06:20:02.492143+00:00
BE:halle,BE,halle,halle,100,800,1779727200,1779731400,"[8, 13]","[""halle""]",2026-05-26T06:20:02.492143+00:00
BE:brand,BE,brand,brand,200,1000,1779708000,1779712200,[10],"[""brand""]",2026-05-26T06:20:02.492143+00:00
BE:rapid bucuresti - universitatea craiova,BE,rapid bucureşti - universitatea craiova,rapid bucuresti - universitatea craiova,100,800,1779732600,1779735600,[17],"[""rapid bucureşti - universitatea craiova""]",2026-05-26T06:20:02.492143+00:00
BE:luigi dall'igna,BE,luigi dall'igna,luigi dall'igna,100,700,1779705600,1779714000,[17],"[""luigi dall'igna""]",2026-05-26T06:20:02.492143+00:00
BE:pizza hut,BE,pizza hut,pizza hut,200,100,1779728400,1779730800,[5],"[""pizza hut""]",2026-05-26T06:20:02.492143+00:00
BE:iga swiatek,BE,iga świątek,iga swiatek,200,1000,1779707400,1779710400,"[17, 4]","[""iga świątek""]",2026-05-26T06:20:02.492143+00:00
BE:luca van assche,BE,luca van assche,luca van assche,100,800,1779714600,1779717600,"[17, 6]","[""luca van assche""]",2026-05-26T06:20:02.492143+00:00
BE:hondenkweker dessel,BE,hondenkweker dessel,hondenkweker dessel,100,900,1779694200,1779698400,"[8, 13]","[""hondenkweker dessel""]",2026-05-26T06:20:02.492143+00:00
BE:hans vanaken,BE,hans vanaken,hans vanaken,200,400,1779732600,1779733800,[17],"[""hans vanaken""]",2026-05-26T06:20:02.492143+00:00
BE:ah,BE,ah,ah,100,100,1779690600,1779694200,[5],"[""ah""]",2026-05-26T06:20:02.492143+00:00
BE:luchtvaartmaatschappij,BE,luchtvaartmaatschappij,luchtvaartmaatschappij,100,500,1779706200,1779707400,[3],"[""luchtvaartmaatschappij""]",2026-05-26T06:20:02.492143+00:00
BR:coritiba x bahia,BR,coritiba x bahia,coritiba x bahia,500000,1000,1779725400,,[17],"[""coritiba x bahia"", ""coritiba"", ""bahia"", ""bahia x coritiba"", ""jogo do bahia"", ""bahia x"", ""campeonato brasileiro"", ""campeonato brasileiro série a"", ""coritiba x"", ""brasileirao"", ""coxa"", ""coritiba e bahia"", ""jogo do bahia hoje"", ""coritiba vs bahia"", ""onde assistir coritiba x esporte clube bahia"", ""bahia fc"", ""esporte clube bahia"", ""coritiba foot ball club"", ""brasileirão"", ""jogo do coritiba"", ""coritiba fc"", ""jogo bahia"", ""coritiba - bahia"", ""curitiba x bahia"", ""bahia e coritiba"", ""ec bahia"", ""coritiba x bahia onde assistir"", ""brasileiro série a"", ""jogo coritiba"", ""bahia hoje"", ""estatísticas de coritiba x esporte clube bahia"", ""jogo do coxa"", ""tiago coser"", ""curitiba e bahia"", ""classificações de coritiba x esporte clube bahia"", ""onde assistir coritiba e bahia"", ""coritiba x bahia palpite"", ""horário do jogo do bahia"", ""brasileirao serie a"", ""bahia e curitiba"", ""ecbahia"", ""coxa e bahia"", ""bruno melo"", ""onde assistir coritiba x bahia"", ""curitiba fc"", ""erick pulga""]",2026-05-26T06:21:32.456034+00:00
BR:cardiomiopatia hipertrofica,BR,cardiomiopatia hipertrófica,cardiomiopatia hipertrofica,100000,1000,1779723600,,[11],"[""cardiomiopatia hipertrófica"", ""doença"", ""cardiomiopatia"", ""cardiomiopatia hipertrofica"", ""cardiomiopatia hipertrófica no coração"", ""laudo ganley"", ""fisiculturista morre aos 22 anos"", ""g1 ganley"", ""morte subita"", ""boletim""]",2026-05-26T06:21:32.456034+00:00
BR:botafogo sp x athletic,BR,botafogo sp x athletic,botafogo sp x athletic,50000,1000,1779743400,,[17],"[""botafogo sp x athletic"", ""botafogo sp"", ""athletic"", ""botafogo sp x""]",2026-05-26T06:21:32.456034+00:00
BR:saque-aniversario,BR,saque-aniversário,saque-aniversario,50000,1000,1779737400,,[10],"[""saque-aniversário"", ""saque fgts 2026"", ""caixa"", ""saque aniversário"", ""saque fgts"", ""medida provisória fgts""]",2026-05-26T06:21:32.456034+00:00
BR:paysandu x floresta,BR,paysandu x floresta,paysandu x floresta,50000,1000,1779745800,,[17],"[""paysandu x floresta"", ""paysandu"", ""jogo do paysandu"", ""brasileirão série c"", ""paysandu x"", ""paysandu hoje"", ""paysandu sport club""]",2026-05-26T06:21:32.456034+00:00
BR:tadeu schmidt,BR,tadeu schmidt,tadeu schmidt,20000,1000,1779714000,,[4],"[""tadeu schmidt"", ""mãe de tadeu schmidt"", ""oscar schmidt""]",2026-05-26T06:21:32.456034+00:00
BR:fgts,BR,fgts,fgts,100000,200,1779691800,,[3],"[""fgts"", ""fundo de garantia do tempo de serviço"", ""desenrola brasil"", ""desenrola brasil 2026"", ""o que é saque residual do fgts"", ""desenrola"", ""saque residual"", ""programa desenrola brasil"", ""fgts desenrola brasil"", ""desenrola 2.0"", ""como funciona o desenrola brasil"", ""programa desenrola"", ""o que e saque residual do fgts""]",2026-05-26T06:21:32.456034+00:00
BR:charlize theron,BR,charlize theron,charlize theron,20000,1000,1779700800,,[4],"[""charlize theron""]",2026-05-26T06:21:32.456034+00:00
BR:israel e rodolffo,BR,israel e rodolffo,israel e rodolffo,20000,1000,1779732600,,[4],"[""israel e rodolffo"", ""israel & rodolffo""]",2026-05-26T06:21:32.456034+00:00
BR:pesquisa btg nexus,BR,pesquisa btg nexus,pesquisa btg nexus,20000,1000,1779711600,,[14],"[""pesquisa btg nexus"", ""pesquisa btg"", ""pesquisa""]",2026-05-26T06:21:32.456034+00:00
BR:granizo,BR,granizo,granizo,10000,1000,1779751200,,[20],"[""granizo"", ""alerta amarelo: tempestade""]",2026-05-26T06:21:32.456034+00:00
BR:ituano x botafogo-pb,BR,ituano x botafogo-pb,ituano x botafogo-pb,20000,1000,1779747000,,[17],"[""ituano x botafogo-pb"", ""classificações de ituano x botafogo-pb"", ""ituano"", ""botafogo pb"", ""ituano x"", ""jogo do ituano"", ""ituano fc sp botafogo fc pb 25/05/2026""]",2026-05-26T06:21:32.456034+00:00
BR:enem,BR,enem,enem,200000,700,1779702000,1779768000,[9],"[""enem"", ""enem 2026"", ""inep"", ""enem inscrição 2026"", ""inep enem"", ""inscrições enem 2026"", ""inep enem inscrição"", ""inscricao enem"", ""pagina do participante enem"", ""enem.inep.gov.br 2026/participante"", ""enem inep"", ""inep página do participante"", ""inscrição do enem"", ""inep enem 2026"", ""inep inscrição enem"", ""enem 2026 inscrição"", ""página do participante enem"", ""inscrição do enem 2026"", ""inscrições enem""]",2026-05-26T06:21:32.456034+00:00
BR:escorpioes,BR,escorpiões,escorpioes,10000,500,1779710400,,[8],"[""escorpiões""]",2026-05-26T06:21:32.456034+00:00
BR:monique medeiros,BR,monique medeiros,monique medeiros,5000,500,1779736200,,[10],"[""monique medeiros"", ""henry borel"", ""caso henry borel""]",2026-05-26T06:21:32.456034+00:00
BR:virginia e ze felipe,BR,virginia e zé felipe,virginia e ze felipe,2000,900,1779750600,,[4],"[""virginia e zé felipe"", ""ze felipe e virgínia""]",2026-05-26T06:21:32.456034+00:00
BR:helena ranaldi,BR,helena ranaldi,helena ranaldi,5000,400,1779723000,,[4],"[""helena ranaldi"", ""daniel alvim""]",2026-05-26T06:21:32.456034+00:00
BR:andres sanchez,BR,andres sanchez,andres sanchez,2000,600,1779748200,,[17],"[""andres sanchez""]",2026-05-26T06:21:32.456034+00:00
BR:loteria aldeota,BR,loteria aldeota,loteria aldeota,10000,500,1779721200,,[6],"[""loteria aldeota"", ""bolão"", ""ganhadores da mega sena 30 anos"", ""megasena 3010"", ""resultado mega sena concurso 3010"", ""mega sena concurso 3010"", ""diario do nordeste"", ""resultado da mega-sena do concurso 3010""]",2026-05-26T06:21:32.456034+00:00
BR:penitenciaria,BR,penitenciária,penitenciaria,5000,800,1779744600,,[10],"[""penitenciária""]",2026-05-26T06:21:32.456034+00:00
BR:peixe,BR,peixe,peixe,5000,400,1779744000,,[8],"[""peixe"", ""peixe agulha""]",2026-05-26T06:21:32.456034+00:00
BR:cavaliers x knicks,BR,cavaliers x knicks,cavaliers x knicks,20000,1000,1779753000,1779773400,[17],"[""cavaliers x knicks"", ""knicks""]",2026-05-26T06:21:32.456034+00:00
BR:feriado em junho,BR,feriado em junho,feriado em junho,50000,200,1779701400,1779774600,[8],"[""feriado em junho"", ""corpus christi é feriado"", ""corpus christi é feriado nacional"", ""feriado junho"", ""feriado corpus christi 2026"", ""feriado corpus christi"", ""feriado junho 2026"", ""feriado de corpus christi"", ""dia 4 de junho é feriado"", ""4 de junho"", ""feriado de corpus christi 2026"", ""feriado em junho 2026"", ""feriados junho 2026"", ""feriado de junho"", ""feriado 4 de junho"", ""feriados junho"", ""proximo feriado""]",2026-05-26T06:21:32.456034+00:00
BR:faustao,BR,faustão,faustao,20000,1000,1779727800,1779760200,"[7, 4]","[""faustão""]",2026-05-26T06:21:32.456034+00:00
BR:serie a,BR,serie a,serie a,20000,400,1779752400,1779763800,[17],"[""serie a""]",2026-05-26T06:21:32.456034+00:00
BR:amas 2026,BR,amas 2026,amas 2026,5000,400,1779748800,1779772800,[4],"[""amas 2026"", ""amas"", ""american music awards de 2026"", ""american music awards"", ""american music awards 2026"", ""bts""]",2026-05-26T06:21:32.456034+00:00
BR:tremor,BR,tremor,tremor,5000,100,1779762000,,[20],"[""tremor"", ""chile"", ""terremoto chile"", ""terremoto"", ""terremoto são paulo""]",2026-05-26T06:21:32.456034+00:00
BR:wolfsburg,BR,wolfsburg,wolfsburg,20000,1000,1779732600,1779750600,[17],"[""wolfsburg"", ""paderborn""]",2026-05-26T06:21:32.456034+00:00
BR:diario oficial da uniao,BR,diário oficial da união,diario oficial da uniao,20000,1000,1779728400,1779750000,"[10, 14]","[""diário oficial da união""]",2026-05-26T06:21:32.456034+00:00
BR:new york knicks,BR,new york knicks,new york knicks,5000,400,1779755400,1779771600,[17],"[""new york knicks"", ""karl-anthony towns"", ""cavs"", ""ny knicks"", ""josh hart"", ""cavaliers vs knicks"", ""cleveland cavaliers"", ""in"", ""cleveland"", ""cavaliers""]",2026-05-26T06:21:32.456034+00:00
BR:iphone 18,BR,iphone 18,iphone 18,5000,100,1779739200,1779772800,[18],"[""iphone 18""]",2026-05-26T06:21:32.456034+00:00
BR:jenna gray,BR,jenna gray,jenna gray,5000,600,1779730200,1779771000,[17],"[""jenna gray""]",2026-05-26T06:21:32.456034+00:00
BR:pis 2026,BR,pis 2026,pis 2026,10000,500,1779718800,1779762600,[10],"[""pis 2026""]",2026-05-26T06:21:32.456034+00:00
BR:fim da escala 6x1,BR,fim da escala 6x1,fim da escala 6x1,10000,200,1779730800,1779771600,[11],"[""fim da escala 6x1"", ""6x1"", ""riachuelo"", ""escala 6x1""]",2026-05-26T06:21:32.456034+00:00
BR:concurso petrobras 2026,BR,concurso petrobras 2026,concurso petrobras 2026,5000,300,1779723600,1779769200,[10],"[""concurso petrobras 2026""]",2026-05-26T06:21:32.456034+00:00
BR:los angeles lakers,BR,los angeles lakers,los angeles lakers,2000,500,1779745800,1779771000,[17],"[""los angeles lakers""]",2026-05-26T06:21:32.456034+00:00
BR:lotofacil 3694,BR,lotofacil 3694,lotofacil 3694,2000,400,1779753000,1779775800,[6],"[""lotofacil 3694"", ""lotofácil 3694"", ""resultado da lotofácil 3694"", ""resultado lotofácil 3694""]",2026-05-26T06:21:32.456034+00:00
BR:laos,BR,laos,laos,2000,200,1779723000,1779772200,[11],"[""laos""]",2026-05-26T06:21:32.456034+00:00
BR:olise,BR,olise,olise,500,100,1779762600,,[17],"[""olise""]",2026-05-26T06:21:32.456034+00:00
BR:policia rodoviaria federal,BR,polícia rodoviária federal,policia rodoviaria federal,2000,300,1779741000,1779775800,[10],"[""polícia rodoviária federal""]",2026-05-26T06:21:32.456034+00:00
BR:jeans,BR,jeans,jeans,2000,600,1779741600,1779772800,[4],"[""jeans""]",2026-05-26T06:21:32.456034+00:00
BR:convocacao espanha 2026,BR,convocação espanha 2026,convocacao espanha 2026,10000,300,1779718800,1779768000,[17],"[""convocação espanha 2026"", ""convocação espanha"", ""seleção espanhola de futebol"", ""huijsen""]",2026-05-26T06:21:32.456034+00:00
BR:atropelamento,BR,atropelamento,atropelamento,5000,700,1779740400,1779757800,[11],"[""atropelamento""]",2026-05-26T06:21:32.456034+00:00
BR:irpf 2026,BR,irpf 2026,irpf 2026,10000,50,1779747600,1779759600,"[3, 10]","[""irpf 2026"", ""declaração imposto de renda"", ""programa imposto de renda 2026"", ""declarar imposto de renda 2026"", ""declarar imposto de renda""]",2026-05-26T06:21:32.456034+00:00
BR:chevrolet onix,BR,chevrolet onix,chevrolet onix,5000,500,1779723000,1779759600,"[1, 16]","[""chevrolet onix""]",2026-05-26T06:21:32.456034+00:00
BR:cintia chagas,BR,cíntia chagas,cintia chagas,2000,200,1779745800,1779774000,[4],"[""cíntia chagas"", ""cintia chagas""]",2026-05-26T06:21:32.456034+00:00
BR:aucas,BR,aucas,aucas,2000,300,1779741600,1779767400,"[17, 6]","[""aucas""]",2026-05-26T06:21:32.456034+00:00
BR:furb,BR,furb,furb,10000,200,1779706200,1779747600,"[9, 10]","[""furb"", ""furb concursos""]",2026-05-26T06:21:32.456034+00:00
BR:nurtec odt,BR,nurtec odt,nurtec odt,5000,200,1779711600,1779766200,[7],"[""nurtec odt""]",2026-05-26T06:21:32.456034+00:00
BR:prefeitura de piracicaba,BR,prefeitura de piracicaba,prefeitura de piracicaba,5000,200,1779705000,1779759000,[10],"[""prefeitura de piracicaba"", ""iptu piracicaba"", ""prefeitura piracicaba""]",2026-05-26T06:21:32.456034+00:00
BR:gael monfils,BR,gael monfils,gael monfils,5000,200,1779736200,1779766200,[17],"[""gael monfils"", ""monfils""]",2026-05-26T06:21:32.456034+00:00
BR:jogos de brasileirao serie a,BR,jogos de brasileirão série a,jogos de brasileirao serie a,5000,600,1779756600,1779761400,[17],"[""jogos de brasileirão série a"", ""brasileirao 2026""]",2026-05-26T06:21:32.456034+00:00
BR:ferrari luce,BR,ferrari luce,ferrari luce,2000,200,1779741000,1779775200,[1],"[""ferrari luce""]",2026-05-26T06:21:32.456034+00:00
BR:katseye,BR,katseye,katseye,2000,700,1779759600,1779769800,[4],"[""katseye"", ""sombr"", ""new kids on the block""]",2026-05-26T06:21:32.456034+00:00
BR:flamengo x cusco,BR,flamengo x cusco,flamengo x cusco,2000,200,1779745800,1779774600,[17],"[""flamengo x cusco"", ""escalações de flamengo x cusco fc"", ""onde assistir flamengo x cusco fc""]",2026-05-26T06:21:32.456034+00:00
BR:selecao colombiana de futebol,BR,seleção colombiana de futebol,selecao colombiana de futebol,5000,700,1779743400,1779761400,[17],"[""seleção colombiana de futebol"", ""convocação colombia"", ""convocação colômbia"", ""convocacao colombia"", ""colombia"", ""convocação colombia 2026""]",2026-05-26T06:21:32.456034+00:00
BR:ciot,BR,ciot,ciot,10000,400,1779706800,1779746400,[3],"[""ciot"", ""antt ciot"", ""antt"", ""ciot antt""]",2026-05-26T06:21:32.456034+00:00
BR:007 first light,BR,007 first light,007 first light,2000,75,1779724200,1779774000,[6],"[""007 first light""]",2026-05-26T06:21:32.456034+00:00
BR:surfe,BR,surfe,surfe,2000,200,1779726600,1779766800,"[17, 8]","[""surfe""]",2026-05-26T06:21:32.456034+00:00
BR:luciano huck,BR,luciano huck,luciano huck,10000,1000,1779715200,1779733200,[11],"[""luciano huck""]",2026-05-26T06:21:32.456034+00:00
BR:resumo da novela quem ama cuida,BR,resumo da novela quem ama cuida,resumo da novela quem ama cuida,5000,600,1779755400,1779763200,[4],"[""resumo da novela quem ama cuida"", ""resumo quem ama cuida"", ""quem ama cuida"", ""quem ama cuida novela"", ""quem ama cuida resumo"", ""resumo de quem ama cuida"", ""novela quem ama cuida"", ""novela das 9""]",2026-05-26T06:21:32.456034+00:00
BR:sydney sweeney,BR,sydney sweeney,sydney sweeney,2000,100,1779724800,1779774000,[4],"[""sydney sweeney""]",2026-05-26T06:21:32.456034+00:00
BR:roberto jefferson,BR,roberto jefferson,roberto jefferson,2000,200,1779742200,1779769800,[10],"[""roberto jefferson""]",2026-05-26T06:21:32.456034+00:00
BR:brasileirao serie a,BR,brasileirão série a,brasileirao serie a,10000,800,1779757800,1779760200,[17],"[""brasileirão série a""]",2026-05-26T06:21:32.456034+00:00
BR:economista,BR,economista,economista,2000,600,1779726600,1779751200,[3],"[""economista""]",2026-05-26T06:21:32.456034+00:00
BR:multishow,BR,multishow,multishow,2000,400,1779750600,1779766800,[4],"[""multishow""]",2026-05-26T06:21:32.456034+00:00
BR:sorteio copa do brasil,BR,sorteio copa do brasil,sorteio copa do brasil,5000,1000,1779742800,1779750600,[17],"[""sorteio copa do brasil"", ""copa do brasil de futebol de 2026""]",2026-05-26T06:21:32.456034+00:00
BR:aeroporto,BR,aeroporto,aeroporto,1000,200,1779750600,1779772800,[19],"[""aeroporto""]",2026-05-26T06:21:32.456034+00:00
BR:jalen brunson,BR,jalen brunson,jalen brunson,1000,400,1779759600,1779769800,[17],"[""jalen brunson""]",2026-05-26T06:21:32.456034+00:00
BR:nathalia dill quem ama cuida,BR,nathalia dill quem ama cuida,nathalia dill quem ama cuida,2000,700,1779754800,1779761400,[4],"[""nathalia dill quem ama cuida"", ""nathalia dill"", ""quem ama cuida elenco"", ""elenco quem ama cuida"", ""personagem de nathalia dill em quem ama cuida""]",2026-05-26T06:21:32.456034+00:00
BR:real cartagena,BR,real cartagena,real cartagena,1000,400,1779756000,1779768600,[17],"[""real cartagena"", ""envigado"", ""envigado fc""]",2026-05-26T06:21:32.456034+00:00
BR:simaria mendes,BR,simaria mendes,simaria mendes,2000,200,1779724800,1779766800,[4],"[""simaria mendes""]",2026-05-26T06:21:32.456034+00:00
BR:climatempo,BR,climatempo,climatempo,2000,300,1779743400,1779757800,[11],"[""climatempo"", ""junho""]",2026-05-26T06:21:32.456034+00:00
BR:quina 7034,BR,quina 7034,quina 7034,1000,200,1779754200,1779771000,[6],"[""quina 7034"", ""loteria""]",2026-05-26T06:21:32.456034+00:00
BR:tabela serie c,BR,tabela serie c,tabela serie c,2000,200,1779751800,1779764400,[17],"[""tabela serie c"", ""serie c 2026"", ""classificação serie c"", ""classificação da série c"", ""jogos de brasileirão série c""]",2026-05-26T06:21:32.456034+00:00
BR:nismo,BR,nismo,nismo,2000,300,1779721800,1779754200,[1],"[""nismo""]",2026-05-26T06:21:32.456034+00:00
BR:corpus christi,BR,corpus christi,corpus christi,10000,50,1779709200,1779744600,[11],"[""corpus christi""]",2026-05-26T06:21:32.456034+00:00
BR:suzane von richthofen,BR,suzane von richthofen,suzane von richthofen,1000,200,1779745200,1779769800,[10],"[""suzane von richthofen""]",2026-05-26T06:21:32.456034+00:00
BR:receita,BR,receita,receita,2000,200,1779743400,1779769800,"[10, 3]","[""receita"", ""receita federal imposto de renda""]",2026-05-26T06:21:32.456034+00:00
BR:beneficio,BR,benefício,beneficio,10000,400,1779696000,1779715200,"[3, 10]","[""benefício""]",2026-05-26T06:21:32.456034+00:00
BR:mikal bridges,BR,mikal bridges,mikal bridges,500,200,1779757200,1779770400,[17],"[""mikal bridges""]",2026-05-26T06:21:32.456034+00:00
BR:a1,BR,a1,a1,500,100,1779770400,,[17],"[""a1"", ""sao paulo feminino""]",2026-05-26T06:21:32.456034+00:00
BR:receita federal do brasil,BR,receita federal do brasil,receita federal do brasil,2000,100,1779730200,1779757800,[10],"[""receita federal do brasil""]",2026-05-26T06:21:32.456034+00:00
BR:magnifica humanitas,BR,magnifica humanitas,magnifica humanitas,2000,100,1779705600,1779762000,[11],"[""magnifica humanitas"", ""enciclica"", ""enciclica papa leao xiv""]",2026-05-26T06:21:32.456034+00:00
BR:memorial day,BR,memorial day,memorial day,2000,200,1779705600,1779750000,[10],"[""memorial day""]",2026-05-26T06:21:32.456034+00:00
BR:hugo gaston,BR,hugo gaston,hugo gaston,2000,300,1779734400,1779750000,[17],"[""hugo gaston"", ""gaël monfils""]",2026-05-26T06:21:32.456034+00:00
BR:caetano veloso,BR,caetano veloso,caetano veloso,2000,800,1779741600,1779752400,[4],"[""caetano veloso""]",2026-05-26T06:21:32.456034+00:00
BR:virna,BR,virna,virna,500,600,1779766200,1779772200,[17],"[""virna""]",2026-05-26T06:21:32.456034+00:00
BR:br-262,BR,br-262,br-262,2000,200,1779698400,1779745200,[10],"[""br-262""]",2026-05-26T06:21:32.456034+00:00
BR:curitiba,BR,curitiba,curitiba,2000,200,1779752400,1779761400,[17],"[""curitiba""]",2026-05-26T06:21:32.456034+00:00
BR:onde assistir sao paulo futebol clube x boston river,BR,onde assistir são paulo futebol clube x boston river,onde assistir sao paulo futebol clube x boston river,2000,200,1779739800,1779759000,[17],"[""onde assistir são paulo futebol clube x boston river""]",2026-05-26T06:21:32.456034+00:00
BR:landry shamet,BR,landry shamet,landry shamet,500,300,1779759600,1779770400,[17],"[""landry shamet""]",2026-05-26T06:21:32.456034+00:00
BR:banco central,BR,banco central,banco central,2000,200,1779743400,1779756600,[10],"[""banco central""]",2026-05-26T06:21:32.456034+00:00
BR:aeroporto internacional de viracopos,BR,aeroporto internacional de viracopos,aeroporto internacional de viracopos,2000,500,1779741000,1779754200,"[16, 10]","[""aeroporto internacional de viracopos""]",2026-05-26T06:21:32.456034+00:00
BR:marilia mendonca,BR,marília mendonça,marilia mendonca,1000,200,1779735600,1779756000,[4],"[""marília mendonça""]",2026-05-26T06:21:32.456034+00:00
BR:campeonato brasileiro 2026,BR,campeonato brasileiro 2026,campeonato brasileiro 2026,2000,500,1779756000,1779761400,[17],"[""campeonato brasileiro 2026""]",2026-05-26T06:21:32.456034+00:00
BR:mercado comum do sul,BR,mercado comum do sul,mercado comum do sul,1000,100,1779744600,1779766800,[3],"[""mercado comum do sul""]",2026-05-26T06:21:32.456034+00:00
BR:democrata gv,BR,democrata gv,democrata gv,1000,200,1779749400,1779763200,[17],"[""democrata gv""]",2026-05-26T06:21:32.456034+00:00
BR:ali khamenei,BR,ali khamenei,ali khamenei,1000,100,1779738000,1779759000,[11],"[""ali khamenei""]",2026-05-26T06:21:32.456034+00:00
BR:daniel filho,BR,daniel filho,daniel filho,1000,200,1779736800,1779773400,[4],"[""daniel filho""]",2026-05-26T06:21:32.456034+00:00
BR:ea sports fc 26,BR,ea sports fc 26,ea sports fc 26,500,100,1779753000,1779772800,"[6, 17]","[""ea sports fc 26""]",2026-05-26T06:21:32.456034+00:00
BR:grand theft auto vi,BR,grand theft auto vi,grand theft auto vi,2000,400,1779716400,1779747600,[6],"[""grand theft auto vi""]",2026-05-26T06:21:32.456034+00:00
BR:ama,BR,ama,ama,500,100,1779753000,1779768600,[4],"[""ama""]",2026-05-26T06:21:32.456034+00:00
BR:gabriel bortoleto,BR,gabriel bortoleto,gabriel bortoleto,2000,400,1779738600,1779750600,[17],"[""gabriel bortoleto""]",2026-05-26T06:21:32.456034+00:00
BR:alexandre de moraes,BR,alexandre de moraes,alexandre de moraes,10000,300,1779717600,1779726000,"[10, 14]","[""alexandre de moraes"", ""supremo tribunal federal"", ""rumble""]",2026-05-26T06:21:32.456034+00:00
BR:royal enfield,BR,royal enfield,royal enfield,2000,100,1779739800,1779755400,"[1, 16]","[""royal enfield""]",2026-05-26T06:21:32.456034+00:00
BR:ministerio da cultura,BR,ministério da cultura,ministerio da cultura,200,100,1779762600,1779772800,[9],"[""ministério da cultura""]",2026-05-26T06:21:32.456034+00:00
BR:og anunoby,BR,og anunoby,og anunoby,500,100,1779759600,1779770400,[17],"[""og anunoby""]",2026-05-26T06:21:32.456034+00:00
BR:uber,BR,uber,uber,2000,100,1779739800,1779750000,[11],"[""uber""]",2026-05-26T06:21:32.456034+00:00
BR:aecio neves,BR,aécio neves,aecio neves,2000,300,1779733800,1779750000,[14],"[""aécio neves""]",2026-05-26T06:21:32.456034+00:00
BR:naughty dog,BR,naughty dog,naughty dog,2000,200,1779709800,1779748200,[6],"[""naughty dog""]",2026-05-26T06:21:32.456034+00:00
BR:taxi,BR,táxi,taxi,1000,100,1779720000,1779751800,[11],"[""táxi""]",2026-05-26T06:21:32.456034+00:00
BR:nr 1,BR,nr 1,nr 1,2000,100,1779708000,1779750600,[11],"[""nr 1""]",2026-05-26T06:21:32.456034+00:00
BR:jorginho flamengo,BR,jorginho flamengo,jorginho flamengo,2000,200,1779742200,1779756000,[17],"[""jorginho flamengo"", ""jorginho""]",2026-05-26T06:21:32.456034+00:00
BR:vinicius junior,BR,vinicius júnior,vinicius junior,5000,1000,1779721800,1779729000,[17],"[""vinicius júnior""]",2026-05-26T06:21:32.456034+00:00
BR:lula cancer,BR,lula cancer,lula cancer,500,100,1779755400,1779768000,[7],"[""lula cancer""]",2026-05-26T06:21:32.456034+00:00
BR:declaracao mei,BR,declaração mei,declaracao mei,5000,50,1779712200,1779754800,[3],"[""declaração mei"", ""declaração anual mei"", ""declaracao mei""]",2026-05-26T06:21:32.456034+00:00
BR:paderborn x wolfsburg,BR,paderborn x wolfsburg,paderborn x wolfsburg,2000,200,1779732600,1779746400,[17],"[""paderborn x wolfsburg"", ""wolfsburg x"", ""wolfsburg fc""]",2026-05-26T06:21:32.456034+00:00
BR:nico williams,BR,nico williams,nico williams,2000,500,1779714600,1779730800,[17],"[""nico williams"", ""pubill""]",2026-05-26T06:21:32.456034+00:00
BR:deportes copiapo,BR,deportes copiapo,deportes copiapo,500,400,1779756600,1779763800,[17],"[""deportes copiapo""]",2026-05-26T06:21:32.456034+00:00
BR:defesa civil,BR,defesa civil,defesa civil,2000,1000,1779754800,1779758400,[10],"[""defesa civil""]",2026-05-26T06:21:32.456034+00:00
BR:igor julio,BR,igor julio,igor julio,1000,100,1779725400,1779752400,[17],"[""igor julio""]",2026-05-26T06:21:32.456034+00:00
BR:argentinos,BR,argentinos,argentinos,2000,400,1779721200,1779738000,[3],"[""argentinos""]",2026-05-26T06:21:32.456034+00:00
BR:homer gere,BR,homer gere,homer gere,1000,100,1779727200,1779763200,[4],"[""homer gere""]",2026-05-26T06:21:32.456034+00:00
BR:billy idol,BR,billy idol,billy idol,200,400,1779763800,1779768600,[4],"[""billy idol""]",2026-05-26T06:21:32.456034+00:00
BR:union espanola,BR,union espanola,union espanola,500,300,1779756600,1779763800,[17],"[""union espanola""]",2026-05-26T06:21:32.456034+00:00
BR:tabela da serie c,BR,tabela da série c,tabela da serie c,500,100,1779752400,1779761400,[17],"[""tabela da série c""]",2026-05-26T06:21:32.456034+00:00
BR:lua azul,BR,lua azul,lua azul,1000,100,1779742800,1779757200,[15],"[""lua azul""]",2026-05-26T06:21:32.456034+00:00
BR:fundo garantidor de creditos,BR,fundo garantidor de créditos,fundo garantidor de creditos,2000,200,1779724800,1779741600,[3],"[""fundo garantidor de créditos""]",2026-05-26T06:21:32.456034+00:00
BR:james harden,BR,james harden,james harden,500,200,1779762000,1779766800,[17],"[""james harden""]",2026-05-26T06:21:32.456034+00:00
BR:alexandre borges,BR,alexandre borges,alexandre borges,500,500,1779758400,1779762600,[4],"[""alexandre borges""]",2026-05-26T06:21:32.456034+00:00
BR:flavia alessandra,BR,flávia alessandra,flavia alessandra,500,700,1779757800,1779762000,[4],"[""flávia alessandra"", ""flavia alessandra""]",2026-05-26T06:21:32.456034+00:00
BR:petrobras,BR,petrobras,petrobras,2000,400,1779715800,1779727200,[3],"[""petrobras""]",2026-05-26T06:21:32.456034+00:00
BR:karol g,BR,karol g,karol g,500,700,1779756600,1779761400,[4],"[""karol g""]",2026-05-26T06:21:32.456034+00:00
BR:crosta,BR,crosta,crosta,1000,100,1779724800,1779745800,[15],"[""crosta""]",2026-05-26T06:21:32.456034+00:00
BR:gui santos,BR,gui santos,gui santos,500,200,1779750600,1779766800,[17],"[""gui santos""]",2026-05-26T06:21:32.456034+00:00
BR:sandra bullock,BR,sandra bullock,sandra bullock,2000,700,1779735000,1779742200,[4],"[""sandra bullock"", ""ryan reynolds""]",2026-05-26T06:21:32.456034+00:00
BR:kick,BR,kick,kick,2000,100,1779759000,1779761400,[17],"[""kick""]",2026-05-26T06:21:32.456034+00:00
BR:bolsonarismo,BR,bolsonarismo,bolsonarismo,2000,200,1779705600,1779727800,[14],"[""bolsonarismo""]",2026-05-26T06:21:32.456034+00:00
BR:roberto marinho neto,BR,roberto marinho neto,roberto marinho neto,200,100,1779757800,1779766200,"[4, 7]","[""roberto marinho neto""]",2026-05-26T06:21:32.456034+00:00
BR:trf1,BR,trf1,trf1,2000,50,1779735000,1779741600,[11],"[""trf1"", ""ministério das relações exteriores""]",2026-05-26T06:21:32.456034+00:00
BR:esocial,BR,esocial,esocial,5000,100,1779725400,1779732000,"[10, 3]","[""esocial"", ""irrf 2026""]",2026-05-26T06:21:32.456034+00:00
BR:marcelo faria,BR,marcelo faria,marcelo faria,200,100,1779763200,1779768600,[10],"[""marcelo faria""]",2026-05-26T06:21:32.456034+00:00
BR:mariana ximenes,BR,mariana ximenes,mariana ximenes,500,400,1779757800,1779762000,[4],"[""mariana ximenes""]",2026-05-26T06:21:32.456034+00:00
BR:cristhian loor,BR,cristhian loor,cristhian loor,500,200,1779738600,1779750000,[17],"[""cristhian loor""]",2026-05-26T06:21:32.456034+00:00
BR:romulo estrela,BR,romulo estrela,romulo estrela,1000,400,1779740400,1779747600,[4],"[""romulo estrela""]",2026-05-26T06:21:32.456034+00:00
BR:fundador,BR,fundador,fundador,1000,100,1779733800,1779746400,[4],"[""fundador""]",2026-05-26T06:21:32.456034+00:00
BR:brasileiro,BR,brasileiro,brasileiro,500,300,1779757200,1779760200,[17],"[""brasileiro""]",2026-05-26T06:21:32.456034+00:00
BR:miles mcbride,BR,miles mcbride,miles mcbride,200,100,1779762000,1779768000,[17],"[""miles mcbride""]",2026-05-26T06:21:32.456034+00:00
BR:maluma,BR,maluma,maluma,200,400,1779763200,1779767400,[4],"[""maluma""]",2026-05-26T06:21:32.456034+00:00
BR:donovan mitchell,BR,donovan mitchell,donovan mitchell,200,300,1779762600,1779766200,[17],"[""donovan mitchell""]",2026-05-26T06:21:32.456034+00:00
BR:sbt programacao,BR,sbt programação,sbt programacao,100,100,1779772200,1779774000,[4],"[""sbt programação""]",2026-05-26T06:21:32.456034+00:00
BR:cafeicultura,BR,cafeicultura,cafeicultura,500,100,1779739800,1779750600,[3],"[""cafeicultura""]",2026-05-26T06:21:32.456034+00:00
BR:jacob elordi,BR,jacob elordi,jacob elordi,200,100,1779767400,1779771600,[4],"[""jacob elordi"", ""7""]",2026-05-26T06:21:32.456034+00:00
BR:elenco de quem ama cuida,BR,elenco de quem ama cuida,elenco de quem ama cuida,200,300,1779757800,1779762000,[4],"[""elenco de quem ama cuida""]",2026-05-26T06:21:32.456034+00:00
BR:shameless,BR,shameless,shameless,100,50,1779766200,1779774600,[4],"[""shameless""]",2026-05-26T06:21:32.456034+00:00
BR:diretor-geral da organizacao mundial da saude,BR,diretor-geral da organização mundial da saúde,diretor-geral da organizacao mundial da saude,500,100,1779739200,1779747600,"[7, 10]","[""diretor-geral da organização mundial da saúde""]",2026-05-26T06:21:32.456034+00:00
BR:raiz4,BR,raiz4,raiz4,500,100,1779742200,1779749400,[3],"[""raiz4""]",2026-05-26T06:21:32.456034+00:00
BR:black eyed peas,BR,black eyed peas,black eyed peas,200,300,1779757800,1779762000,[4],"[""black eyed peas""]",2026-05-26T06:21:32.456034+00:00
BR:leon thomas,BR,leon thomas,leon thomas,200,300,1779756600,1779760800,[4],"[""leon thomas""]",2026-05-26T06:21:32.456034+00:00
BR:tata werneck,BR,tata werneck,tata werneck,200,200,1779758400,1779762600,[4],"[""tata werneck""]",2026-05-26T06:21:32.456034+00:00
BR:queen latifah,BR,queen latifah,queen latifah,200,100,1779756000,1779760800,[4],"[""queen latifah""]",2026-05-26T06:21:32.456034+00:00
BR:mils3,BR,mils3,mils3,1000,100,1779711000,1779724200,[3],"[""mils3"", ""mills""]",2026-05-26T06:21:32.456034+00:00
BR:bolivia,BR,bolivia,bolivia,200,100,1779757800,1779767400,"[14, 10]","[""bolivia""]",2026-05-26T06:21:32.456034+00:00
BR:prio3,BR,prio3,prio3,500,100,1779742200,1779748200,[3],"[""prio3""]",2026-05-26T06:21:32.456034+00:00
BR:joshua heuston,BR,joshua heuston,joshua heuston,500,200,1779728400,1779737400,[4],"[""joshua heuston""]",2026-05-26T06:21:32.456034+00:00
BR:ivete sangalo,BR,ivete sangalo,ivete sangalo,1000,400,1779694200,1779711000,[4],"[""ivete sangalo""]",2026-05-26T06:21:32.456034+00:00
BR:brb,BR,brb,brb,1000,200,1779723600,1779730800,[10],"[""brb""]",2026-05-26T06:21:32.456034+00:00
BR:gabarito cfc 2026.1,BR,gabarito cfc 2026.1,gabarito cfc 2026.1,1000,100,1779706800,1779724200,"[9, 10]","[""gabarito cfc 2026.1""]",2026-05-26T06:21:32.456034+00:00
BR:hilary duff,BR,hilary duff,hilary duff,100,200,1779762000,1779766200,[4],"[""hilary duff""]",2026-05-26T06:21:32.456034+00:00
BR:st mirren,BR,st mirren,st mirren,500,100,1779735600,1779744600,[17],"[""st mirren""]",2026-05-26T06:21:32.456034+00:00
BR:edital oab 47,BR,edital oab 47,edital oab 47,500,100,1779740400,1779759000,[10],"[""edital oab 47""]",2026-05-26T06:21:32.456034+00:00
BR:atacante,BR,atacante,atacante,500,200,1779741000,1779747600,[17],"[""atacante""]",2026-05-26T06:21:32.456034+00:00
BR:b3,BR,b3,b3,500,75,1779759600,1779762000,[3],"[""b3""]",2026-05-26T06:21:32.456034+00:00
BR:nhl,BR,nhl,nhl,200,50,1779765000,1779768600,[17],"[""nhl""]",2026-05-26T06:21:32.456034+00:00
BR:tv brasil,BR,tv brasil,tv brasil,200,100,1779754200,1779759000,[17],"[""tv brasil""]",2026-05-26T06:21:32.456034+00:00
BR:senador,BR,senador,senador,1000,300,1779702000,1779714000,"[14, 10]","[""senador""]",2026-05-26T06:21:32.456034+00:00
BR:ibovespa,BR,ibovespa,ibovespa,2000,50,1779743400,1779746400,[3],"[""ibovespa""]",2026-05-26T06:21:32.456034+00:00
BR:gabriel brazao,BR,gabriel brazão,gabriel brazao,100,100,1779762600,1779766800,[17],"[""gabriel brazão""]",2026-05-26T06:21:32.456034+00:00
BR:mitchell robinson,BR,mitchell robinson,mitchell robinson,100,100,1779762000,1779765600,[17],"[""mitchell robinson""]",2026-05-26T06:21:32.456034+00:00
BR:nicole scherzinger,BR,nicole scherzinger,nicole scherzinger,200,200,1779756600,1779760200,[4],"[""nicole scherzinger""]",2026-05-26T06:21:32.456034+00:00
BR:streaming,BR,streaming,streaming,500,100,1779726000,1779734400,[4],"[""streaming""]",2026-05-26T06:21:32.456034+00:00
BR:pe de meia,BR,pe de meia,pe de meia,1000,100,1779702000,1779727200,[9],"[""pe de meia""]",2026-05-26T06:21:32.456034+00:00
BR:heitor quem ama cuida,BR,heitor quem ama cuida,heitor quem ama cuida,200,200,1779757200,1779760200,[4],"[""heitor quem ama cuida""]",2026-05-26T06:21:32.456034+00:00
BR:cblol,BR,cblol,cblol,200,100,1779744000,1779761400,[6],"[""cblol""]",2026-05-26T06:21:32.456034+00:00
BR:tromso fc,BR,tromso fc,tromso fc,500,100,1779719400,1779731400,[17],"[""tromso fc""]",2026-05-26T06:21:32.456034+00:00
BR:rafael jodar,BR,rafael jodar,rafael jodar,1000,500,1779708000,1779713400,[17],"[""rafael jodar""]",2026-05-26T06:21:32.456034+00:00
BR:marcelo sangalo,BR,marcelo sangalo,marcelo sangalo,500,100,1779705000,1779715800,[4],"[""marcelo sangalo""]",2026-05-26T06:21:32.456034+00:00
BR:larissa riquelme,BR,larissa riquelme,larissa riquelme,500,100,1779724200,1779732600,"[2, 4]","[""larissa riquelme""]",2026-05-26T06:21:32.456034+00:00
BR:roubo,BR,roubo,roubo,500,300,1779700200,1779709800,[10],"[""roubo"", ""fantastico deolane""]",2026-05-26T06:21:32.456034+00:00
BR:renuncia,BR,renúncia,renuncia,500,100,1779712800,1779721800,"[14, 10]","[""renúncia""]",2026-05-26T06:21:32.456034+00:00
BR:resultado da mega-sena de ontem,BR,resultado da mega-sena de ontem,resultado da mega-sena de ontem,500,300,1779699600,1779708600,[6],"[""resultado da mega-sena de ontem""]",2026-05-26T06:21:32.456034+00:00
BR:james rodriguez,BR,james rodriguez,james rodriguez,500,100,1779732000,1779737400,[17],"[""james rodriguez""]",2026-05-26T06:21:32.456034+00:00
BR:ratinho,BR,ratinho,ratinho,200,200,1779760200,1779762000,[11],"[""ratinho""]",2026-05-26T06:21:32.456034+00:00
BR:luka doncic,BR,luka dončić,luka doncic,500,200,1779724200,1779729600,[17],"[""luka dončić""]",2026-05-26T06:21:32.456034+00:00
BR:twenty one pilots,BR,twenty one pilots,twenty one pilots,200,200,1779758400,1779760200,[4],"[""twenty one pilots""]",2026-05-26T06:21:32.456034+00:00
BR:selecao italiana de futebol,BR,seleção italiana de futebol,selecao italiana de futebol,100,100,1779760200,1779763200,[17],"[""seleção italiana de futebol""]",2026-05-26T06:21:32.456034+00:00
BR:guaratingueta,BR,guaratinguetá,guaratingueta,500,100,1779715800,1779725400,[11],"[""guaratinguetá""]",2026-05-26T06:21:32.456034+00:00
BR:mark wahlberg,BR,mark wahlberg,mark wahlberg,200,100,1779737400,1779742200,[11],"[""mark wahlberg""]",2026-05-26T06:21:32.456034+00:00
BR:borja iglesias,BR,borja iglesias,borja iglesias,500,200,1779708600,1779716400,[17],"[""borja iglesias""]",2026-05-26T06:21:32.456034+00:00
BR:consulta restituicao ir 2026,BR,consulta restituição ir 2026,consulta restituicao ir 2026,500,200,1779707400,1779713400,"[3, 10]","[""consulta restituição ir 2026""]",2026-05-26T06:21:32.456034+00:00
BR:kiev,BR,kiev,kiev,500,500,1779726600,1779729600,[11],"[""kiev""]",2026-05-26T06:21:32.456034+00:00
BR:adusp,BR,adusp,adusp,200,100,1779743400,1779747600,[9],"[""adusp""]",2026-05-26T06:21:32.456034+00:00
BR:victor munoz,BR,victor munoz,victor munoz,500,100,1779708000,1779715800,[17],"[""victor munoz""]",2026-05-26T06:21:32.456034+00:00
BR:bundesliga 2,BR,bundesliga 2,bundesliga 2,200,400,1779742800,1779745200,[17],"[""bundesliga 2""]",2026-05-26T06:21:32.456034+00:00
BR:avenida do estado,BR,avenida do estado,avenida do estado,500,100,1779710400,1779716400,[11],"[""avenida do estado"", ""rio tamanduateí""]",2026-05-26T06:21:32.456034+00:00
BR:rublev,BR,rublev,rublev,200,100,1779731400,1779736200,[17],"[""rublev""]",2026-05-26T06:21:32.456034+00:00
BR:anistia,BR,anistia,anistia,200,200,1779699600,1779708600,"[10, 14]","[""anistia""]",2026-05-26T06:21:32.456034+00:00
BR:aleksandar kovacevic,BR,aleksandar kovacevic,aleksandar kovacevic,500,100,1779709800,1779715800,[17],"[""aleksandar kovacevic""]",2026-05-26T06:21:32.456034+00:00
BR:kick tv,BR,kick tv,kick tv,200,100,1779759000,1779760800,[17],"[""kick tv""]",2026-05-26T06:21:32.456034+00:00
BR:timothee chalamet,BR,timothée chalamet,timothee chalamet,100,200,1779764400,1779765600,[4],"[""timothée chalamet""]",2026-05-26T06:21:32.456034+00:00
BR:previsao do tempo rio de janeiro,BR,previsão do tempo rio de janeiro,previsao do tempo rio de janeiro,1000,75,1779696600,1779702600,[20],"[""previsão do tempo rio de janeiro"", ""tempo rio de janeiro"", ""tempo rj"", ""previsao do tempo rio de janeiro""]",2026-05-26T06:21:32.456034+00:00
BR:marte,BR,marte,marte,200,100,1779723000,1779727800,[17],"[""marte""]",2026-05-26T06:21:32.456034+00:00
BR:dia do orgulho nerd,BR,dia do orgulho nerd,dia do orgulho nerd,200,100,1779723000,1779732000,[11],"[""dia do orgulho nerd""]",2026-05-26T06:21:32.456034+00:00
BR:roman safiullin,BR,roman safiullin,roman safiullin,200,100,1779732600,1779736200,"[17, 4]","[""roman safiullin""]",2026-05-26T06:21:32.456034+00:00
BR:previsao do tempo salvador,BR,previsão do tempo salvador,previsao do tempo salvador,500,200,1779702600,1779707400,[20],"[""previsão do tempo salvador""]",2026-05-26T06:21:32.456034+00:00
BR:reforma tributaria,BR,reforma tributária,reforma tributaria,200,100,1779733200,1779736800,"[3, 10]","[""reforma tributária""]",2026-05-26T06:21:32.456034+00:00
BR:final champions 2026,BR,final champions 2026,final champions 2026,200,100,1779723600,1779727800,[17],"[""final champions 2026""]",2026-05-26T06:21:32.456034+00:00
BR:emerson jones,BR,emerson jones,emerson jones,500,200,1779705600,1779710400,[17],"[""emerson jones""]",2026-05-26T06:21:32.456034+00:00
BR:feriados em junho,BR,feriados em junho,feriados em junho,500,100,1779711600,1779724200,[8],"[""feriados em junho"", ""feriados em junho 2026""]",2026-05-26T06:21:32.456034+00:00
BR:dua lipa,BR,dua lipa,dua lipa,200,75,1779751800,1779758400,"[2, 16, 4]","[""dua lipa""]",2026-05-26T06:21:32.456034+00:00
BR:b3sa3,BR,b3sa3,b3sa3,200,100,1779744000,1779747000,[3],"[""b3sa3""]",2026-05-26T06:21:32.456034+00:00
BR:enciclica,BR,encíclica,enciclica,200,100,1779753000,1779754800,[11],"[""encíclica""]",2026-05-26T06:21:32.456034+00:00
BR:telesena,BR,telesena,telesena,500,100,1779717000,1779720600,[6],"[""telesena"", ""tele sena""]",2026-05-26T06:21:32.456034+00:00
BR:nico hulkenberg,BR,nico hülkenberg,nico hulkenberg,200,100,1779726600,1779730800,[17],"[""nico hülkenberg""]",2026-05-26T06:21:32.456034+00:00
BR:copel,BR,copel,copel,500,50,1779723600,1779726000,[3],"[""copel""]",2026-05-26T06:21:32.456034+00:00
BR:janja lula da silva,BR,janja lula da silva,janja lula da silva,200,100,1779742200,1779745200,"[10, 14]","[""janja lula da silva""]",2026-05-26T06:21:32.456034+00:00
BR:contracheque,BR,contracheque,contracheque,500,75,1779705600,1779709800,[10],"[""contracheque""]",2026-05-26T06:21:32.456034+00:00
BR:ben shelton,BR,ben shelton,ben shelton,200,200,1779728400,1779730800,[17],"[""ben shelton""]",2026-05-26T06:21:32.456034+00:00
BR:molde,BR,molde,molde,200,100,1779725400,1779729600,[17],"[""molde""]",2026-05-26T06:21:32.456034+00:00
BR:gac,BR,gac,gac,100,75,1779762000,1779763200,[1],"[""gac""]",2026-05-26T06:21:32.456034+00:00
BR:reforma casa brasil,BR,reforma casa brasil,reforma casa brasil,200,100,1779707400,1779711600,[11],"[""reforma casa brasil""]",2026-05-26T06:21:32.456034+00:00
BR:douglas souza,BR,douglas souza,douglas souza,200,100,1779726000,1779729600,[17],"[""douglas souza""]",2026-05-26T06:21:32.456034+00:00
BR:azul linhas aereas brasileiras,BR,azul linhas aéreas brasileiras,azul linhas aereas brasileiras,200,100,1779723000,1779726000,[19],"[""azul linhas aéreas brasileiras""]",2026-05-26T06:21:32.456034+00:00
BR:nate jacobs morre,BR,nate jacobs morre,nate jacobs morre,200,100,1779704400,1779709800,[4],"[""nate jacobs morre""]",2026-05-26T06:21:32.456034+00:00
BR:loxam,BR,loxam,loxam,200,100,1779711000,1779714600,[3],"[""loxam""]",2026-05-26T06:21:32.456034+00:00
BR:hong kong,BR,hong kong,hong kong,200,100,1779734400,1779736200,"[3, 15]","[""hong kong""]",2026-05-26T06:21:32.456034+00:00
BR:iga swiatek,BR,iga świątek,iga swiatek,200,400,1779705600,1779708600,"[17, 4]","[""iga świątek""]",2026-05-26T06:21:32.456034+00:00
BR:stan wawrinka,BR,stan wawrinka,stan wawrinka,200,100,1779711000,1779722400,[17],"[""stan wawrinka""]",2026-05-26T06:21:32.456034+00:00
BR:money times,BR,money times,money times,200,100,1779709800,1779714000,[3],"[""money times""]",2026-05-26T06:21:32.456034+00:00
BR:rapid vienna,BR,rapid vienna,rapid vienna,200,100,1779721800,1779724800,[17],"[""rapid vienna""]",2026-05-26T06:21:32.456034+00:00
BR:anjo da guarda,BR,anjo da guarda,anjo da guarda,200,200,1779701400,1779705000,[11],"[""anjo da guarda""]",2026-05-26T06:21:32.456034+00:00
BR:elena rybakina,BR,elena rybakina,elena rybakina,200,200,1779711000,1779712800,[17],"[""elena rybakina""]",2026-05-26T06:21:32.456034+00:00
BR:igreja de flores da cunha,BR,igreja de flores da cunha,igreja de flores da cunha,100,75,1779738000,1779739800,[11],"[""igreja de flores da cunha""]",2026-05-26T06:21:32.456034+00:00
BR:paraiba,BR,paraíba,paraiba,100,100,1779744600,1779745800,[10],"[""paraíba""]",2026-05-26T06:21:32.456034+00:00
BR:calendario do bolsa familia 2026,BR,calendário do bolsa família 2026,calendario do bolsa familia 2026,200,50,1779702600,1779705000,"[3, 10]","[""calendário do bolsa família 2026""]",2026-05-26T06:21:32.456034+00:00
BR:natal,BR,natal,natal,200,100,1779714600,1779716400,[11],"[""natal""]",2026-05-26T06:21:32.456034+00:00
BR:qual3,BR,qual3,qual3,200,100,1779717000,1779718800,[3],"[""qual3""]",2026-05-26T06:21:32.456034+00:00
BR:tce,BR,tce,tce,200,75,1779730200,1779731400,"[10, 3]","[""tce""]",2026-05-26T06:21:32.456034+00:00
BR:rico verhoeven,BR,rico verhoeven,rico verhoeven,200,100,1779727200,1779728400,[11],"[""rico verhoeven""]",2026-05-26T06:21:32.456034+00:00
BR:antonio conte,BR,antonio conte,antonio conte,100,100,1779706200,1779708600,[17],"[""antonio conte""]",2026-05-26T06:21:32.456034+00:00
BR:vasco ontem,BR,vasco ontem,vasco ontem,100,200,1779703800,1779706200,[17],"[""vasco ontem""]",2026-05-26T06:21:32.456034+00:00
CA:hurricanes vs canadiens,CA,hurricanes vs canadiens,hurricanes vs canadiens,200000,1000,1779752400,,[17],"[""hurricanes vs canadiens"", ""hurricanes – canadiens"", ""claude lemieux"", ""montreal vs carolina"", ""rod brind'amour"", ""habs game"", ""canadiens hurricanes"", ""habs"", ""mtl vs carolina"", ""habs vs carolina"", ""habs vs hurricanes"", ""canadien vs hurricanes"", ""canadiens score"", ""jalen chatfield"", ""montreal game tonight"", ""andrei svechnikov"", ""chatfield"", ""canadiens game"", ""montreal score"", ""canadiens vs carolina"", ""habs vs canes"", ""habs score"", ""score canadiens"", ""chatfield nhl"", ""montreal game"", ""dobes montreal"", ""sebastian aho"", ""noah dobson"", ""hockey score"", ""habs game tonight"", ""hockey game tonight"", ""montreal canadiens game tonight"", ""carolina vs montreal"", ""canadien vs caroline"", ""montreal carolina"", ""canadien score"", ""habs game score"", ""hockey game"", ""hockey game montreal"", ""montreal canadiens live"", ""did montreal win tonight"", ""aho"", ""canadians score"", ""canadians game"", ""hockey scores tonight"", ""svechnikov"", ""montreal canadiens score"", ""habs score tonight"", ""dobes canadiens"", ""canes vs habs"", ""mark jankowski"", ""score of montreal game"", ""centre bell"", ""montreal canadiens game tonight live"", ""game canadien"", ""montreal"", ""montreal hockey game"", ""sportsnet"", ""montreal canadiens game"", ""montreal vs hurricanes"", ""mtl canadiens"", ""montreal canadiens standings"", ""chatfield carolina hurricanes"", ""montreal vs carolina score"", ""montreal game score"", ""mtl"", ""canadiens hockey"", ""canadiens vs"", ""canadiens vs caroline"", ""nhl stream"", ""canadiens game tonight"", ""nhl live"", ""montreal score tonight"", ""staal"", ""lemieux montreal canadiens"", ""game des canadiens"", ""nhl live stream"", ""habs canes"", ""stankoven"", ""rod brindamour"", ""mtl game"", ""nhl scores tonight"", ""mtl vs car"", ""carolina hurricanes roster"", ""game canadiens"", ""what time is the montreal game tonight"", ""habs vs"", ""montreal hockey game tonight"", ""canadien vs hurricane"", ""what is the score of the montreal game"", ""habs."", ""montreal canadian"", ""nhl game tonight"", ""nhl results""]",2026-05-26T06:22:12.703798+00:00
CA:marlins vs blue jays,CA,marlins vs blue jays,marlins vs blue jays,20000,1000,1779747600,,[17],"[""marlins vs blue jays"", ""blue jays lineup today"", ""vladdy injury"", ""guerrero injury""]",2026-05-26T06:22:12.703798+00:00
CA:knicks,CA,knicks,knicks,50000,1000,1779756600,,[17],"[""knicks"", ""new york knicks"", ""nba finals"", ""knicks vs cavaliers"", ""karl-anthony towns"", ""knicks vs cleveland cavaliers"", ""ny knicks"", ""cavs vs knicks"", ""knicks game"", ""knicks – cavaliers"", ""new york"", ""knicks vs cleveland cavaliers match player stats"", ""1999 nba finals"", ""karl anthony towns"", ""cleveland cavaliers"", ""knicks cavs"", ""nyk"", ""cavaliers"", ""knicks score"", ""knicks vs"", ""nba playoff bracket"", ""nba bracket""]",2026-05-26T06:22:12.703798+00:00
CA:max domi surgery,CA,max domi surgery,max domi surgery,20000,1000,1779714600,,[17],"[""max domi surgery"", ""max domi""]",2026-05-26T06:22:12.703798+00:00
CA:jake worthington,CA,jake worthington,jake worthington,5000,1000,1779741000,,[4],"[""jake worthington""]",2026-05-26T06:22:12.703798+00:00
CA:ferrari luce,CA,ferrari luce,ferrari luce,5000,1000,1779741000,,[1],"[""ferrari luce""]",2026-05-26T06:22:12.703798+00:00
CA:caroline mulroney,CA,caroline mulroney,caroline mulroney,20000,1000,1779705600,,"[14, 10]","[""caroline mulroney"", ""national post"", ""doug ford"", ""brian mulroney"", ""caroline mulroney resigns""]",2026-05-26T06:22:12.703798+00:00
CA:rcmp concerns cbc prank,CA,rcmp concerns cbc prank,rcmp concerns cbc prank,2000,1000,1779746400,,[4],"[""rcmp concerns cbc prank""]",2026-05-26T06:22:12.703798+00:00
CA:canada economic ties india,CA,canada economic ties india,canada economic ties india,2000,1000,1779749400,,[10],"[""canada economic ties india""]",2026-05-26T06:22:12.703798+00:00
CA:american music awards 2026,CA,american music awards 2026,american music awards 2026,10000,800,1779744600,,[4],"[""american music awards 2026"", ""ama awards 2026"", ""amas 2026"", ""amas"", ""sombr"", ""new kids on the block"", ""american music awards""]",2026-05-26T06:22:12.703798+00:00
CA:tourism,CA,tourism,tourism,5000,1000,1779711000,,[11],"[""tourism""]",2026-05-26T06:22:12.703798+00:00
CA:davis schneider,CA,davis schneider,davis schneider,5000,1000,1779736800,,[17],"[""davis schneider"", ""nathan lukes"", ""schneider blue jays""]",2026-05-26T06:22:12.703798+00:00
CA:mark zuckerberg,CA,mark zuckerberg,mark zuckerberg,2000,300,1779717600,,[3],"[""mark zuckerberg""]",2026-05-26T06:22:12.703798+00:00
CA:billy idol,CA,billy idol,billy idol,2000,1000,1779757800,,[4],"[""billy idol""]",2026-05-26T06:22:12.703798+00:00
CA:financial market,CA,financial market,financial market,1000,300,1779743400,,[3],"[""financial market""]",2026-05-26T06:22:12.703798+00:00
CA:food security,CA,food security,food security,1000,500,1779755400,,[10],"[""food security""]",2026-05-26T06:22:12.703798+00:00
CA:sonny rollins,CA,sonny rollins,sonny rollins,1000,700,1779761400,,[4],"[""sonny rollins""]",2026-05-26T06:22:12.703798+00:00
CA:rajpal yadav,CA,rajpal yadav,rajpal yadav,1000,1000,1779763800,,[14],"[""rajpal yadav"", ""rajpal yadav news""]",2026-05-26T06:22:12.703798+00:00
CA:bts,CA,bts,bts,2000,400,1779753600,,[4],"[""bts"", ""ama""]",2026-05-26T06:22:12.703798+00:00
CA:radio-canada info,CA,radio-canada info,radio-canada info,10000,800,1779753000,,[17],"[""radio-canada info"", ""match du canadien ce soir"", ""canadien caroline"", ""brindamour"", ""hockey ce soir"", ""les canadiens de montréal"", ""match canadiens ce soir"", ""canadiens de montréal direct"", ""le journal de montréal"", ""montreal hockey"", ""tva sport"", ""ch montreal"", ""hockey sur glace"", ""canadien ce soir"", ""canadien de mtl"", ""canadiens match"", ""match canadiens"", ""canadien match"", ""canadiens mtl"", ""match canadien en direct"", ""heure match canadien"", ""match des canadiens ce soir"", ""à quelle heure le match des canadiens ce soir""]",2026-05-26T06:22:12.703798+00:00
CA:queen latifah,CA,queen latifah,queen latifah,1000,400,1779750600,,[4],"[""queen latifah""]",2026-05-26T06:22:12.703798+00:00
CA:chicago,CA,chicago,chicago,2000,300,1779724800,,[10],"[""chicago""]",2026-05-26T06:22:12.703798+00:00
CA:jalen brunson,CA,jalen brunson,jalen brunson,2000,600,1779762000,,[17],"[""jalen brunson""]",2026-05-26T06:22:12.703798+00:00
CA:extortion,CA,extortion,extortion,2000,300,1779733800,,[10],"[""extortion"", ""gang""]",2026-05-26T06:22:12.703798+00:00
CA:rockies vs dodgers,CA,rockies vs dodgers,rockies vs dodgers,1000,700,1779757200,,[17],"[""rockies vs dodgers""]",2026-05-26T06:22:12.703798+00:00
CA:connor hellebuyck,CA,connor hellebuyck,connor hellebuyck,500,400,1779760800,,[17],"[""connor hellebuyck""]",2026-05-26T06:22:12.703798+00:00
CA:timothee chalamet,CA,timothee chalamet,timothee chalamet,1000,200,1779762000,,[4],"[""timothee chalamet"", ""kylie jenner"", ""spike lee""]",2026-05-26T06:22:12.703798+00:00
CA:ranveer singh,CA,ranveer singh,ranveer singh,1000,100,1779733200,,[4],"[""ranveer singh""]",2026-05-26T06:22:12.703798+00:00
CA:wander franco,CA,wander franco,wander franco,1000,300,1779744000,,[11],"[""wander franco""]",2026-05-26T06:22:12.703798+00:00
CA:friteuse,CA,friteuse,friteuse,5000,1000,1779721200,1779773400,[11],"[""friteuse""]",2026-05-26T06:22:12.703798+00:00
CA:dust storm,CA,dust storm,dust storm,200,400,1779770400,,[11],"[""dust storm""]",2026-05-26T06:22:12.703798+00:00
CA:taylor hall,CA,taylor hall,taylor hall,5000,500,1779756600,1779770400,[17],"[""taylor hall""]",2026-05-26T06:22:12.703798+00:00
CA:pere,CA,père,pere,5000,1000,1779710400,1779770400,[11],"[""père""]",2026-05-26T06:22:12.703798+00:00
CA:teddy swims,CA,teddy swims,teddy swims,500,300,1779762600,,[4],"[""teddy swims""]",2026-05-26T06:22:12.703798+00:00
CA:mike matheson,CA,mike matheson,mike matheson,5000,1000,1779756600,1779769200,[17],"[""mike matheson"", ""matheson""]",2026-05-26T06:22:12.703798+00:00
CA:diablo iv,CA,diablo iv,diablo iv,500,300,1779747600,,[6],"[""diablo iv""]",2026-05-26T06:22:12.703798+00:00
CA:gael monfils,CA,gael monfils,gael monfils,5000,400,1779736800,1779774000,[17],"[""gael monfils"", ""monfils"", ""hugo gaston"", ""gaël monfils"", ""french open"", ""monfils tennis"", ""elina svitolina""]",2026-05-26T06:22:12.703798+00:00
CA:quebec,CA,québec,quebec,10000,800,1779729000,1779764400,[11],"[""québec"", ""crédit d'impôt"", ""christine fréchette"", ""journal de québec""]",2026-05-26T06:22:12.703798+00:00
CA:lane hutson,CA,lane hutson,lane hutson,5000,1000,1779759000,1779765000,[17],"[""lane hutson"", ""hutson"", ""hutson habs""]",2026-05-26T06:22:12.703798+00:00
CA:from episode 6,CA,from episode 6,from episode 6,2000,300,1779715200,1779772800,[4],"[""from episode 6"", ""from season 4 episode 6 release date"", ""from season 4 episode 6"", ""from season 4""]",2026-05-26T06:22:12.703798+00:00
CA:landry shamet,CA,landry shamet,landry shamet,1000,700,1779757800,1779775800,[17],"[""landry shamet""]",2026-05-26T06:22:12.703798+00:00
CA:retail,CA,retail,retail,5000,1000,1779744600,1779760200,[4],"[""retail""]",2026-05-26T06:22:12.703798+00:00
CA:fifa world cup,CA,fifa world cup,fifa world cup,5000,200,1779735600,1779772800,[17],"[""fifa world cup""]",2026-05-26T06:22:12.703798+00:00
CA:new orleans,CA,new orleans,new orleans,2000,400,1779711000,1779775800,[11],"[""new orleans""]",2026-05-26T06:22:12.703798+00:00
CA:gta 6 release date,CA,gta 6 release date,gta 6 release date,200,100,1779770400,,[6],"[""gta 6 release date""]",2026-05-26T06:22:12.703798+00:00
CA:score canadien ce soir,CA,score canadien ce soir,score canadien ce soir,2000,500,1779756000,1779769200,[17],"[""score canadien ce soir""]",2026-05-26T06:22:12.703798+00:00
CA:jordan staal,CA,jordan staal,jordan staal,2000,1000,1779756000,1779767400,[17],"[""jordan staal"", ""dobson""]",2026-05-26T06:22:12.703798+00:00
CA:occupation double,CA,occupation double,occupation double,2000,1000,1779741000,1779766800,[4],"[""occupation double""]",2026-05-26T06:22:12.703798+00:00
CA:iihf world championship usa hungary,CA,iihf world championship usa hungary,iihf world championship usa hungary,2000,500,1779733800,1779772200,[17],"[""iihf world championship usa hungary""]",2026-05-26T06:22:12.703798+00:00
CA:ferrari,CA,ferrari,ferrari,1000,100,1779742200,1779775800,[1],"[""ferrari"", ""insideevs""]",2026-05-26T06:22:12.703798+00:00
CA:james harden,CA,james harden,james harden,1000,900,1779762000,1779772800,[17],"[""james harden""]",2026-05-26T06:22:12.703798+00:00
CA:eid ul adha 2026,CA,eid ul adha 2026,eid ul adha 2026,1000,75,1779702000,,[8],"[""eid ul adha 2026""]",2026-05-26T06:22:12.703798+00:00
CA:oilers sign aku raty,CA,oilers sign aku raty,oilers sign aku raty,2000,400,1779739800,1779769800,[17],"[""oilers sign aku raty"", ""aku raty"", ""aku räty""]",2026-05-26T06:22:12.703798+00:00
CA:charlotte cardin,CA,charlotte cardin,charlotte cardin,1000,1000,1779761400,1779772200,"[4, 5]","[""charlotte cardin""]",2026-05-26T06:22:12.703798+00:00
CA:shayne gostisbehere,CA,shayne gostisbehere,shayne gostisbehere,2000,1000,1779755400,1779770400,[17],"[""shayne gostisbehere"", ""gostisbehere""]",2026-05-26T06:22:12.703798+00:00
CA:marlins – blue jays,CA,marlins – blue jays,marlins – blue jays,2000,600,1779750000,1779769800,[17],"[""marlins – blue jays"", ""miami marlins"", ""janson junk"", ""marlins"", ""javier sanoja"", ""pinango"", ""blue jays news""]",2026-05-26T06:22:12.703798+00:00
CA:lara fabian,CA,lara fabian,lara fabian,2000,300,1779733800,1779768600,[4],"[""lara fabian""]",2026-05-26T06:22:12.703798+00:00
CA:secura air fryer recall canada,CA,secura air fryer recall canada,secura air fryer recall canada,2000,900,1779733800,1779763800,[8],"[""secura air fryer recall canada"", ""air fryer recall""]",2026-05-26T06:22:12.703798+00:00
CA:eleonore lagace,CA,éléonore lagacé,eleonore lagace,2000,1000,1779754200,1779766800,[4],"[""éléonore lagacé""]",2026-05-26T06:22:12.703798+00:00
CA:mariners vs athletics,CA,mariners vs athletics,mariners vs athletics,1000,400,1779759000,1779774600,[17],"[""mariners vs athletics""]",2026-05-26T06:22:12.703798+00:00
CA:enfant,CA,enfant,enfant,5000,1000,1779719400,1779749400,[10],"[""enfant""]",2026-05-26T06:22:12.703798+00:00
CA:cavs,CA,cavs,cavs,2000,1000,1779760200,1779766800,[17],"[""cavs""]",2026-05-26T06:22:12.703798+00:00
CA:tanner andrews,CA,tanner andrews,tanner andrews,1000,400,1779748200,1779767400,[17],"[""tanner andrews""]",2026-05-26T06:22:12.703798+00:00
CA:canadien hurricane,CA,canadien hurricane,canadien hurricane,1000,800,1779756000,1779767400,[17],"[""canadien hurricane"", ""canadien hurricanes""]",2026-05-26T06:22:12.703798+00:00
CA:canadians,CA,canadians,canadians,1000,1000,1779763200,1779768600,[10],"[""canadians"", ""ctv atlantic""]",2026-05-26T06:22:12.703798+00:00
CA:karol g,CA,karol g,karol g,1000,800,1779757200,1779774000,[4],"[""karol g""]",2026-05-26T06:22:12.703798+00:00
CA:james webb space telescope,CA,james webb space telescope,james webb space telescope,1000,200,1779730200,1779771000,"[15, 3]","[""james webb space telescope""]",2026-05-26T06:22:12.703798+00:00
CA:mikal bridges,CA,mikal bridges,mikal bridges,500,300,1779759600,1779774000,[17],"[""mikal bridges""]",2026-05-26T06:22:12.703798+00:00
CA:yankees vs royals,CA,yankees vs royals,yankees vs royals,2000,1000,1779737400,1779759000,[17],"[""yankees vs royals""]",2026-05-26T06:22:12.703798+00:00
CA:financial post,CA,financial post,financial post,2000,600,1779718200,1779748800,[3],"[""financial post""]",2026-05-26T06:22:12.703798+00:00
CA:jordan clarkson,CA,jordan clarkson,jordan clarkson,500,200,1779761400,1779775800,[17],"[""jordan clarkson""]",2026-05-26T06:22:12.703798+00:00
CA:chris chelios,CA,chris chelios,chris chelios,2000,1000,1779754200,1779767400,[17],"[""chris chelios"", ""snowbirds"", ""snowbirds montreal"", ""snowbird centre bell""]",2026-05-26T06:22:12.703798+00:00
CA:keith urban,CA,keith urban,keith urban,500,400,1779760800,1779776400,[4],"[""keith urban""]",2026-05-26T06:22:12.703798+00:00
CA:wayne gretzky,CA,wayne gretzky,wayne gretzky,1000,300,1779755400,1779768600,[17],"[""wayne gretzky""]",2026-05-26T06:22:12.703798+00:00
CA:primerica,CA,primerica,primerica,500,1000,1779762000,1779769800,[3],"[""primerica""]",2026-05-26T06:22:12.703798+00:00
CA:guy lafleur,CA,guy lafleur,guy lafleur,1000,600,1779754200,1779766200,[4],"[""guy lafleur""]",2026-05-26T06:22:12.703798+00:00
CA:insurance,CA,insurance,insurance,500,600,1779760800,1779769200,[3],"[""insurance""]",2026-05-26T06:22:12.703798+00:00
CA:le journal de quebec,CA,le journal de québec,le journal de quebec,1000,600,1779736200,1779762000,[7],"[""le journal de québec""]",2026-05-26T06:22:12.703798+00:00
CA:chl,CA,chl,chl,1000,200,1779761400,1779770400,[17],"[""chl"", ""memorial cup standings"", ""everett silvertips"", ""cameron reid""]",2026-05-26T06:22:12.703798+00:00
CA:famille,CA,famille,famille,1000,300,1779738000,1779762600,[4],"[""famille""]",2026-05-26T06:22:12.703798+00:00
CA:economy,CA,economy,economy,2000,300,1779721200,1779759000,[11],"[""economy""]",2026-05-26T06:22:12.703798+00:00
CA:guillaume lefrancois,CA,guillaume lefrançois,guillaume lefrancois,2000,300,1779702600,1779753600,[17],"[""guillaume lefrançois""]",2026-05-26T06:22:12.703798+00:00
CA:lotto max,CA,lotto max,lotto max,5000,1000,1779743400,1779750000,[6],"[""lotto max""]",2026-05-26T06:22:12.703798+00:00
CA:riley green,CA,riley green,riley green,500,300,1779758400,1779773400,[4],"[""riley green""]",2026-05-26T06:22:12.703798+00:00
CA:liam hicks,CA,liam hicks,liam hicks,1000,600,1779750600,1779764400,[17],"[""liam hicks""]",2026-05-26T06:22:12.703798+00:00
CA:found,CA,found,found,1000,800,1779743400,1779758400,[10],"[""found""]",2026-05-26T06:22:12.703798+00:00
CA:marshals season 2,CA,marshals season 2,marshals season 2,500,100,1779760800,1779773400,[4],"[""marshals season 2"", ""marshals tv series""]",2026-05-26T06:22:12.703798+00:00
CA:alycia parks,CA,alycia parks,alycia parks,2000,900,1779729000,1779747600,[17],"[""alycia parks"", ""leylah fernandez""]",2026-05-26T06:22:12.703798+00:00
CA:tim hortons local hiring plan,CA,tim hortons local hiring plan,tim hortons local hiring plan,2000,600,1779710400,1779744000,"[3, 5]","[""tim hortons local hiring plan"", ""restaurant""]",2026-05-26T06:22:12.703798+00:00
CA:rays vs orioles,CA,rays vs orioles,rays vs orioles,2000,700,1779729600,1779750600,[17],"[""rays vs orioles""]",2026-05-26T06:22:12.703798+00:00
CA:sous-marin,CA,sous-marin,sous-marin,1000,200,1779724200,1779757800,[11],"[""sous-marin""]",2026-05-26T06:22:12.703798+00:00
CA:rogers centre,CA,rogers centre,rogers centre,1000,300,1779741000,1779759600,[17],"[""rogers centre""]",2026-05-26T06:22:12.703798+00:00
CA:k'andre miller,CA,k'andre miller,k'andre miller,500,300,1779758400,1779769800,[17],"[""k'andre miller""]",2026-05-26T06:22:12.703798+00:00
CA:owen caissie,CA,owen caissie,owen caissie,500,600,1779751800,1779763200,[17],"[""owen caissie""]",2026-05-26T06:22:12.703798+00:00
CA:us holiday today,CA,us holiday today,us holiday today,2000,300,1779712800,1779744600,[3],"[""us holiday today"", ""is the stock market open today"", ""memorial day usa"", ""is stock market open today"", ""are us markets open today"", ""nyse holidays 2026"", ""us market holidays""]",2026-05-26T06:22:12.703798+00:00
CA:kent hughes,CA,kent hughes,kent hughes,2000,500,1779702000,1779756000,[17],"[""kent hughes""]",2026-05-26T06:22:12.703798+00:00
CA:iran news,CA,iran news,iran news,500,50,1779768000,1779772200,"[14, 10]","[""iran news"", ""al jazeera"", ""us iran"", ""us iran news"", ""us strikes iran""]",2026-05-26T06:22:12.703798+00:00
CA:black eyed peas,CA,black eyed peas,black eyed peas,500,600,1779757800,1779773400,[4],"[""black eyed peas""]",2026-05-26T06:22:12.703798+00:00
CA:seth jarvis,CA,seth jarvis,seth jarvis,500,900,1779755400,1779768600,[17],"[""seth jarvis""]",2026-05-26T06:22:12.703798+00:00
CA:off campus' season 2,CA,off campus' season 2,off campus' season 2,1000,400,1779739800,1779757800,[4],"[""off campus' season 2""]",2026-05-26T06:22:12.703798+00:00
CA:otto lopez,CA,otto lopez,otto lopez,500,500,1779750600,1779762600,[17],"[""otto lopez""]",2026-05-26T06:22:12.703798+00:00
CA:mark carney alberta referendum,CA,mark carney alberta referendum,mark carney alberta referendum,1000,200,1779738000,1779760800,[14],"[""mark carney alberta referendum""]",2026-05-26T06:22:12.703798+00:00
CA:tanner scott,CA,tanner scott,tanner scott,200,500,1779760800,1779768000,[17],"[""tanner scott""]",2026-05-26T06:22:12.703798+00:00
CA:veleno,CA,veleno,veleno,1000,400,1779756000,1779763800,[17],"[""veleno"", ""joe veleno"", ""canadiens game 3 lineup changes""]",2026-05-26T06:22:12.703798+00:00
CA:kaiden guhle,CA,kaiden guhle,kaiden guhle,500,600,1779762600,1779767400,[17],"[""kaiden guhle""]",2026-05-26T06:22:12.703798+00:00
CA:hootie and the blowfish,CA,hootie and the blowfish,hootie and the blowfish,500,700,1779754800,1779769800,[4],"[""hootie and the blowfish""]",2026-05-26T06:22:12.703798+00:00
CA:miles mcbride,CA,miles mcbride,miles mcbride,200,200,1779762600,1779771000,[17],"[""miles mcbride""]",2026-05-26T06:22:12.703798+00:00
CA:mitchell robinson,CA,mitchell robinson,mitchell robinson,500,300,1779758400,1779766800,[17],"[""mitchell robinson""]",2026-05-26T06:22:12.703798+00:00
CA:tvq,CA,tvq,tvq,2000,200,1779752400,1779766800,[3],"[""tvq"", ""tsx today""]",2026-05-26T06:22:12.703798+00:00
CA:homer gere,CA,homer gere,homer gere,1000,200,1779722400,1779766800,[4],"[""homer gere""]",2026-05-26T06:22:12.703798+00:00
CA:hockey tonight,CA,hockey tonight,hockey tonight,200,100,1779760800,1779768600,[17],"[""hockey tonight""]",2026-05-26T06:22:12.703798+00:00
CA:guhle,CA,guhle,guhle,200,300,1779756600,1779767400,[17],"[""guhle""]",2026-05-26T06:22:12.703798+00:00
CA:donovan mitchell,CA,donovan mitchell,donovan mitchell,500,1000,1779762600,1779766800,[17],"[""donovan mitchell""]",2026-05-26T06:22:12.703798+00:00
CA:navdeep bains,CA,navdeep bains,navdeep bains,500,300,1779737400,1779767400,[14],"[""navdeep bains""]",2026-05-26T06:22:12.703798+00:00
CA:hailie jade,CA,hailie jade,hailie jade,500,200,1779742800,1779760800,[4],"[""hailie jade""]",2026-05-26T06:22:12.703798+00:00
CA:cbs,CA,cbs,cbs,500,200,1779748200,1779762600,[4],"[""cbs""]",2026-05-26T06:22:12.703798+00:00
CA:edmonton weather,CA,edmonton weather,edmonton weather,2000,200,1779742200,1779748800,[20],"[""edmonton weather""]",2026-05-26T06:22:12.703798+00:00
CA:grand prix de formule 1 du canada,CA,grand prix de formule 1 du canada,grand prix de formule 1 du canada,1000,200,1779704400,1779756600,[17],"[""grand prix de formule 1 du canada""]",2026-05-26T06:22:12.703798+00:00
CA:carolina hurricanes players,CA,carolina hurricanes players,carolina hurricanes players,200,300,1779765000,1779769800,[17],"[""carolina hurricanes players""]",2026-05-26T06:22:12.703798+00:00
CA:us holidays,CA,us holidays,us holidays,1000,300,1779714000,1779737400,[8],"[""us holidays""]",2026-05-26T06:22:12.703798+00:00
CA:og anunoby,CA,og anunoby,og anunoby,500,700,1779762600,1779766200,[17],"[""og anunoby""]",2026-05-26T06:22:12.703798+00:00
CA:s&p/tsx composite index,CA,s&p/tsx composite index,s&p/tsx composite index,1000,100,1779743400,1779754800,[3],"[""s&p/tsx composite index""]",2026-05-26T06:22:12.703798+00:00
CA:construction,CA,construction,construction,1000,500,1779711000,1779733200,[10],"[""construction""]",2026-05-26T06:22:12.703798+00:00
CA:premier ministre,CA,premier ministre,premier ministre,1000,300,1779710400,1779738000,[14],"[""premier ministre""]",2026-05-26T06:22:12.703798+00:00
CA:cubs vs pirates,CA,cubs vs pirates,cubs vs pirates,1000,500,1779730200,1779744600,[17],"[""cubs vs pirates""]",2026-05-26T06:22:12.703798+00:00
CA:phillies vs padres,CA,phillies vs padres,phillies vs padres,500,300,1779748800,1779767400,[17],"[""phillies vs padres""]",2026-05-26T06:22:12.703798+00:00
CA:nationals vs guardians,CA,nationals vs guardians,nationals vs guardians,500,300,1779746400,1779761400,[17],"[""nationals vs guardians""]",2026-05-26T06:22:12.703798+00:00
CA:venezuela,CA,venezuela,venezuela,500,200,1779747600,1779759000,[10],"[""venezuela""]",2026-05-26T06:22:12.703798+00:00
CA:maroc,CA,maroc,maroc,500,200,1779741000,1779757200,[19],"[""maroc""]",2026-05-26T06:22:12.703798+00:00
CA:stan wawrinka,CA,stan wawrinka,stan wawrinka,1000,400,1779712200,1779766800,[17],"[""stan wawrinka"", ""jesper de jong"", ""wawrinka""]",2026-05-26T06:22:12.703798+00:00
CA:tyrannosaurus,CA,tyrannosaurus,tyrannosaurus,500,100,1779739800,1779759600,[15],"[""tyrannosaurus""]",2026-05-26T06:22:12.703798+00:00
CA:thunderstorm,CA,thunderstorm,thunderstorm,500,200,1779718200,1779747600,[20],"[""thunderstorm""]",2026-05-26T06:22:12.703798+00:00
CA:beer,CA,beer,beer,1000,400,1779703800,1779726000,[5],"[""beer""]",2026-05-26T06:22:12.703798+00:00
CA:actualite,CA,actualité,actualite,1000,700,1779709200,1779726000,[11],"[""actualité""]",2026-05-26T06:22:12.703798+00:00
CA:canadian score,CA,canadian score,canadian score,200,200,1779759600,1779768600,[17],"[""canadian score""]",2026-05-26T06:22:12.703798+00:00
CA:twins vs white sox,CA,twins vs white sox,twins vs white sox,500,400,1779732600,1779745800,[17],"[""twins vs white sox""]",2026-05-26T06:22:12.703798+00:00
CA:canadian dental care plan,CA,canadian dental care plan,canadian dental care plan,100,100,1779771600,1779774600,"[3, 7]","[""canadian dental care plan""]",2026-05-26T06:22:12.703798+00:00
CA:cpp payment dates,CA,cpp payment dates,cpp payment dates,1000,100,1779700800,1779723600,[3],"[""cpp payment dates""]",2026-05-26T06:22:12.703798+00:00
CA:the boroughs cast,CA,the boroughs cast,the boroughs cast,200,100,1779769800,1779772200,[4],"[""the boroughs cast""]",2026-05-26T06:22:12.703798+00:00
CA:明天的天氣,CA,明天的天氣,明天的天氣,100,50,1779772200,1779775200,[20],"[""明天的天氣""]",2026-05-26T06:22:12.703798+00:00
CA:diamondbacks vs giants,CA,diamondbacks vs giants,diamondbacks vs giants,500,300,1779744000,1779756600,[17],"[""diamondbacks vs giants""]",2026-05-26T06:22:12.703798+00:00
CA:kyiv,CA,kyiv,kyiv,500,200,1779740400,1779753600,[11],"[""kyiv""]",2026-05-26T06:22:12.703798+00:00
CA:impot,CA,impôt,impot,500,400,1779736800,1779748200,"[3, 10]","[""impôt""]",2026-05-26T06:22:12.703798+00:00
CA:netflix show cancellations 2026,CA,netflix show cancellations 2026,netflix show cancellations 2026,500,200,1779703800,1779729600,[4],"[""netflix show cancellations 2026""]",2026-05-26T06:22:12.703798+00:00
CA:bar,CA,bar,bar,200,100,1779753600,1779762600,[10],"[""bar""]",2026-05-26T06:22:12.703798+00:00
CA:darnell nurse,CA,darnell nurse,darnell nurse,100,100,1779762600,1779772200,[17],"[""darnell nurse""]",2026-05-26T06:22:12.703798+00:00
CA:jose alvarado,CA,jose alvarado,jose alvarado,200,100,1779762000,1779767400,[17],"[""jose alvarado""]",2026-05-26T06:22:12.703798+00:00
CA:mike brown,CA,mike brown,mike brown,200,100,1779763200,1779768600,[17],"[""mike brown""]",2026-05-26T06:22:12.703798+00:00
CA:us holiday,CA,us holiday,us holiday,500,200,1779715200,1779739800,[11],"[""us holiday""]",2026-05-26T06:22:12.703798+00:00
CA:astros vs rangers,CA,astros vs rangers,astros vs rangers,200,300,1779751800,1779764400,[17],"[""astros vs rangers""]",2026-05-26T06:22:12.703798+00:00
CA:paderborn vs wolfsburg,CA,paderborn vs wolfsburg,paderborn vs wolfsburg,500,200,1779735000,1779747600,[17],"[""paderborn vs wolfsburg"", ""wolfsburg""]",2026-05-26T06:22:12.703798+00:00
CA:kevin o'leary,CA,kevin o'leary,kevin o'leary,500,500,1779727200,1779744600,[11],"[""kevin o'leary""]",2026-05-26T06:22:12.703798+00:00
CA:patricia ferguson,CA,patricia ferguson,patricia ferguson,500,200,1779724800,1779749400,[10],"[""patricia ferguson"", ""serge audette""]",2026-05-26T06:22:12.703798+00:00
CA:carolina hurricanes coach,CA,carolina hurricanes coach,carolina hurricanes coach,200,100,1779763800,1779768600,[17],"[""carolina hurricanes coach""]",2026-05-26T06:22:12.703798+00:00
CA:dubai international airport,CA,dubai international airport,dubai international airport,200,100,1779752400,1779760800,"[19, 3]","[""dubai international airport""]",2026-05-26T06:22:12.703798+00:00
CA:brendan fraser,CA,brendan fraser,brendan fraser,100,200,1779769800,1779772200,[4],"[""brendan fraser""]",2026-05-26T06:22:12.703798+00:00
CA:stuart fails to save the universe,CA,stuart fails to save the universe,stuart fails to save the universe,500,200,1779712200,1779730800,[4],"[""stuart fails to save the universe""]",2026-05-26T06:22:12.703798+00:00
CA:rente,CA,rente,rente,500,900,1779727200,1779735000,[3],"[""rente""]",2026-05-26T06:22:12.703798+00:00
CA:roman safiullin,CA,roman safiullin,roman safiullin,500,300,1779727200,1779738000,[17],"[""roman safiullin"", ""casper ruud""]",2026-05-26T06:22:12.703798+00:00
CA:cardinals vs brewers,CA,cardinals vs brewers,cardinals vs brewers,500,300,1779733800,1779745800,[17],"[""cardinals vs brewers"", ""jacob misiorowski""]",2026-05-26T06:22:12.703798+00:00
CA:nba finals schedule,CA,nba finals schedule,nba finals schedule,100,200,1779765000,1779769200,[17],"[""nba finals schedule""]",2026-05-26T06:22:12.703798+00:00
CA:on hockey,CA,on hockey,on hockey,200,1000,1779754800,1779758400,[17],"[""on hockey""]",2026-05-26T06:22:12.703798+00:00
CA:john healey,CA,john healey,john healey,500,200,1779709200,1779768600,[10],"[""john healey""]",2026-05-26T06:22:12.703798+00:00
CA:reds vs mets,CA,reds vs mets,reds vs mets,200,400,1779741000,1779754800,[17],"[""reds vs mets""]",2026-05-26T06:22:12.703798+00:00
CA:leon thomas,CA,leon thomas,leon thomas,200,400,1779756600,1779760800,[4],"[""leon thomas""]",2026-05-26T06:22:12.703798+00:00
CA:nico hulkenberg,CA,nico hülkenberg,nico hulkenberg,200,100,1779723600,1779749400,[17],"[""nico hülkenberg""]",2026-05-26T06:22:12.703798+00:00
CA:darius rucker,CA,darius rucker,darius rucker,200,300,1779759600,1779763800,[4],"[""darius rucker""]",2026-05-26T06:22:12.703798+00:00
CA:lisa rinna,CA,lisa rinna,lisa rinna,100,200,1779771000,1779772800,"[4, 14]","[""lisa rinna""]",2026-05-26T06:22:12.703798+00:00
CA:easyjet flight diversion rome,CA,easyjet flight diversion rome,easyjet flight diversion rome,200,200,1779735600,1779746400,[11],"[""easyjet flight diversion rome""]",2026-05-26T06:22:12.703798+00:00
CA:tsx,CA,tsx,tsx,2000,75,1779717000,1779732600,[3],"[""tsx"", ""tsx index""]",2026-05-26T06:22:12.703798+00:00
CA:may 25 us holiday,CA,may 25 us holiday,may 25 us holiday,500,200,1779714000,1779728400,[8],"[""may 25 us holiday""]",2026-05-26T06:22:12.703798+00:00
CA:qui a porter le flambeau ce soir,CA,qui a porter le flambeau ce soir,qui a porter le flambeau ce soir,200,500,1779755400,1779759600,[17],"[""qui a porter le flambeau ce soir""]",2026-05-26T06:22:12.703798+00:00
CA:kelly osbourne,CA,kelly osbourne,kelly osbourne,200,300,1779740400,1779747600,[4],"[""kelly osbourne""]",2026-05-26T06:22:12.703798+00:00
CA:nathan mackinnon injury,CA,nathan mackinnon injury,nathan mackinnon injury,200,100,1779757800,1779762600,[17],"[""nathan mackinnon injury""]",2026-05-26T06:22:12.703798+00:00
CA:george floyd,CA,george floyd,george floyd,200,100,1779747600,1779766200,[11],"[""george floyd""]",2026-05-26T06:22:12.703798+00:00
CA:nh,CA,nh,nh,200,75,1779764400,1779768000,[3],"[""nh""]",2026-05-26T06:22:12.703798+00:00
CA:jane fonda,CA,jane fonda,jane fonda,200,100,1779746400,1779754800,[4],"[""jane fonda""]",2026-05-26T06:22:12.703798+00:00
CA:pewdiepie,CA,pewdiepie,pewdiepie,200,200,1779738600,1779747000,[4],"[""pewdiepie""]",2026-05-26T06:22:12.703798+00:00
CA:coyote,CA,coyote,coyote,500,100,1779715200,1779756000,[11],"[""coyote"", ""bruce boyd parkette""]",2026-05-26T06:22:12.703798+00:00
CA:lockheed martin f-35 lightning ii,CA,lockheed martin f-35 lightning ii,lockheed martin f-35 lightning ii,200,200,1779741000,1779760200,"[10, 3]","[""lockheed martin f-35 lightning ii""]",2026-05-26T06:22:12.703798+00:00
CA:gaston tennis,CA,gaston tennis,gaston tennis,200,200,1779743400,1779749400,"[17, 4]","[""gaston tennis""]",2026-05-26T06:22:12.703798+00:00
CA:kevin costner,CA,kevin costner,kevin costner,200,100,1779741600,1779753000,[4],"[""kevin costner""]",2026-05-26T06:22:12.703798+00:00
CA:toronto tech week,CA,toronto tech week,toronto tech week,200,100,1779718800,1779751800,[11],"[""toronto tech week""]",2026-05-26T06:22:12.703798+00:00
CA:portugal,CA,portugal,portugal,500,100,1779714600,1779723000,[17],"[""portugal""]",2026-05-26T06:22:12.703798+00:00
CA:wrexham,CA,wrexham,wrexham,100,200,1779763200,1779766200,[11],"[""wrexham""]",2026-05-26T06:22:12.703798+00:00
CA:express entry draw,CA,express entry draw,express entry draw,200,100,1779736200,1779742800,"[10, 9]","[""express entry draw""]",2026-05-26T06:22:12.703798+00:00
CA:june 2026 calendar,CA,june 2026 calendar,june 2026 calendar,500,100,1779717000,1779736200,[4],"[""june 2026 calendar""]",2026-05-26T06:22:12.703798+00:00
CA:wegovy,CA,wegovy,wegovy,200,200,1779757800,1779760800,[7],"[""wegovy""]",2026-05-26T06:22:12.703798+00:00
CA:elizabeth ii,CA,elizabeth ii,elizabeth ii,100,100,1779763800,1779766800,"[10, 4]","[""elizabeth ii""]",2026-05-26T06:22:12.703798+00:00
CA:yair lapid,CA,yair lapid,yair lapid,200,100,1779745200,1779756000,"[14, 10]","[""yair lapid""]",2026-05-26T06:22:12.703798+00:00
CA:eve cote,CA,eve cote,eve cote,200,400,1779748800,1779753000,[4],"[""eve cote""]",2026-05-26T06:22:12.703798+00:00
CA:idris elba,CA,idris elba,idris elba,100,200,1779762600,1779765000,[4],"[""idris elba""]",2026-05-26T06:22:12.703798+00:00
CA:quantum computing,CA,quantum computing,quantum computing,100,200,1779746400,1779767400,[11],"[""quantum computing""]",2026-05-26T06:22:12.703798+00:00
CA:olivia chow,CA,olivia chow,olivia chow,500,100,1779722400,1779750600,"[14, 10]","[""olivia chow"", ""globe and mail""]",2026-05-26T06:22:12.703798+00:00
CA:santiago espinal,CA,santiago espinal,santiago espinal,200,300,1779754800,1779757800,[17],"[""santiago espinal""]",2026-05-26T06:22:12.703798+00:00
CA:atm,CA,atm,atm,500,400,1779705600,1779715200,[10],"[""atm""]",2026-05-26T06:22:12.703798+00:00
CA:magnifica humanitas,CA,magnifica humanitas,magnifica humanitas,200,100,1779714600,1779730800,[11],"[""magnifica humanitas""]",2026-05-26T06:22:12.703798+00:00
CA:ctv news atlantic,CA,ctv news atlantic,ctv news atlantic,200,300,1779740400,1779745200,[10],"[""ctv news atlantic""]",2026-05-26T06:22:12.703798+00:00
CA:tom brady,CA,tom brady,tom brady,200,700,1779748800,1779752400,[4],"[""tom brady""]",2026-05-26T06:22:12.703798+00:00
CA:ben shelton,CA,ben shelton,ben shelton,200,200,1779730200,1779736800,[17],"[""ben shelton""]",2026-05-26T06:22:12.703798+00:00
CA:michael phelps,CA,michael phelps,michael phelps,200,100,1779721200,1779738000,[17],"[""michael phelps""]",2026-05-26T06:22:12.703798+00:00
CA:what is the abraham accord,CA,what is the abraham accord,what is the abraham accord,200,100,1779747000,1779754200,[14],"[""what is the abraham accord"", ""what are the abraham accords""]",2026-05-26T06:22:12.703798+00:00
CA:stock market today,CA,stock market today,stock market today,500,50,1779705600,1779720600,[3],"[""stock market today""]",2026-05-26T06:22:12.703798+00:00
CA:etats-unis,CA,états-unis,etats-unis,500,600,1779701400,1779709200,[14],"[""états-unis""]",2026-05-26T06:22:12.703798+00:00
CA:dua lipa,CA,dua lipa,dua lipa,200,200,1779763800,1779765000,[4],"[""dua lipa""]",2026-05-26T06:22:12.703798+00:00
CA:opseu,CA,opseu,opseu,200,100,1779738000,1779750000,[11],"[""opseu"", ""opseu strike""]",2026-05-26T06:22:12.703798+00:00
CA:canadien vs,CA,canadien vs,canadien vs,100,100,1779758400,1779762000,[17],"[""canadien vs""]",2026-05-26T06:22:12.703798+00:00
CA:jason rowe resignation,CA,jason rowe resignation,jason rowe resignation,500,100,1779714600,1779726600,[3],"[""jason rowe resignation"", ""carpenters regional council probe""]",2026-05-26T06:22:12.703798+00:00
CA:repentigny,CA,repentigny,repentigny,200,200,1779729000,1779738000,[8],"[""repentigny""]",2026-05-26T06:22:12.703798+00:00
CA:elena rybakina,CA,elena rybakina,elena rybakina,200,500,1779712200,1779717600,[17],"[""elena rybakina""]",2026-05-26T06:22:12.703798+00:00
CA:montreal canadiens tickets,CA,montreal canadiens tickets,montreal canadiens tickets,200,300,1779756600,1779758400,"[17, 4]","[""montreal canadiens tickets""]",2026-05-26T06:22:12.703798+00:00
CA:canadian dollar,CA,canadian dollar,canadian dollar,100,200,1779750000,1779753600,[3],"[""canadian dollar""]",2026-05-26T06:22:12.703798+00:00
CA:iga swiatek,CA,iga świątek,iga swiatek,500,600,1779706200,1779711600,"[17, 4]","[""iga świątek""]",2026-05-26T06:22:12.703798+00:00
CA:tiantsoa sarah rakotomanga rajaonah,CA,tiantsoa sarah rakotomanga rajaonah,tiantsoa sarah rakotomanga rajaonah,200,300,1779723000,1779727800,[17],"[""tiantsoa sarah rakotomanga rajaonah""]",2026-05-26T06:22:12.703798+00:00
CA:arnold schwarzenegger,CA,arnold schwarzenegger,arnold schwarzenegger,100,100,1779747000,1779750600,[4],"[""arnold schwarzenegger""]",2026-05-26T06:22:12.703798+00:00
CA:blackberry stock,CA,blackberry stock,blackberry stock,500,100,1779719400,1779728400,[18],"[""blackberry stock"", ""bb stock""]",2026-05-26T06:22:12.703798+00:00
CA:ruud,CA,ruud,ruud,100,300,1779735000,1779739200,[17],"[""ruud""]",2026-05-26T06:22:12.703798+00:00
CA:tva plus,CA,tva plus,tva plus,100,200,1779755400,1779757200,[17],"[""tva plus""]",2026-05-26T06:22:12.703798+00:00
CA:denise richards,CA,denise richards,denise richards,100,100,1779759600,1779761400,[4],"[""denise richards""]",2026-05-26T06:22:12.703798+00:00
CA:evan mobley,CA,evan mobley,evan mobley,100,200,1779763200,1779764400,[17],"[""evan mobley""]",2026-05-26T06:22:12.703798+00:00
CA:lol,CA,lol,lol,200,100,1779708000,1779721200,[6],"[""lol""]",2026-05-26T06:22:12.703798+00:00
CA:carey price,CA,carey price,carey price,200,200,1779702600,1779712800,[17],"[""carey price""]",2026-05-26T06:22:12.703798+00:00
CA:maja chwalinska,CA,maja chwalińska,maja chwalinska,200,200,1779708600,1779716400,[17],"[""maja chwalińska""]",2026-05-26T06:22:12.703798+00:00
CA:007 first light review,CA,007 first light review,007 first light review,100,100,1779729000,1779768000,[6],"[""007 first light review""]",2026-05-26T06:22:12.703798+00:00
CA:thunder bay weather,CA,thunder bay weather,thunder bay weather,200,100,1779707400,1779743400,[20],"[""thunder bay weather""]",2026-05-26T06:22:12.703798+00:00
CA:kelowna weather,CA,kelowna weather,kelowna weather,200,100,1779717600,1779721800,[20],"[""kelowna weather""]",2026-05-26T06:22:12.703798+00:00
CA:qinwen zheng,CA,qinwen zheng,qinwen zheng,200,200,1779711600,1779717600,[17],"[""qinwen zheng""]",2026-05-26T06:22:12.703798+00:00
CA:it's showtime,CA,it's showtime,it's showtime,100,200,1779746400,1779749400,[4],"[""it's showtime""]",2026-05-26T06:22:12.703798+00:00
CA:tiger woods,CA,tiger woods,tiger woods,200,100,1779756000,1779757200,[11],"[""tiger woods""]",2026-05-26T06:22:12.703798+00:00
CA:rbc stock,CA,rbc stock,rbc stock,200,75,1779718800,1779723000,[3],"[""rbc stock""]",2026-05-26T06:22:12.703798+00:00
CA:amanda anisimova,CA,amanda anisimova,amanda anisimova,100,200,1779724800,1779728400,[17],"[""amanda anisimova""]",2026-05-26T06:22:12.703798+00:00
CA:air canada stock,CA,air canada stock,air canada stock,200,75,1779718800,1779723000,[3],"[""air canada stock"", ""ac stock""]",2026-05-26T06:22:12.703798+00:00
CA:tom hanks,CA,tom hanks,tom hanks,200,300,1779750600,1779751800,[4],"[""tom hanks""]",2026-05-26T06:22:12.703798+00:00
CA:auston matthews maple leafs meeting,CA,auston matthews maple leafs meeting,auston matthews maple leafs meeting,100,100,1779748200,1779750000,[17],"[""auston matthews maple leafs meeting""]",2026-05-26T06:22:12.703798+00:00
CA:simple flying,CA,simple flying,simple flying,100,100,1779755400,1779756600,"[19, 3]","[""simple flying""]",2026-05-26T06:22:12.703798+00:00
CA:weather markham,CA,weather markham,weather markham,100,100,1779709800,1779714600,[11],"[""weather markham""]",2026-05-26T06:22:12.703798+00:00
CA:dr congo national football team,CA,dr congo national football team,dr congo national football team,100,100,1779708000,1779713400,[17],"[""dr congo national football team""]",2026-05-26T06:22:12.703798+00:00
CA:protest,CA,protest,protest,100,200,1779741600,1779744000,[11],"[""protest""]",2026-05-26T06:22:12.703798+00:00
CA:royal air maroc,CA,royal air maroc,royal air maroc,100,100,1779725400,1779739800,[3],"[""royal air maroc""]",2026-05-26T06:22:12.703798+00:00
CA:when is eid al adha 2026,CA,when is eid al adha 2026,when is eid al adha 2026,100,100,1779711600,1779715200,"[16, 8]","[""when is eid al adha 2026""]",2026-05-26T06:22:12.703798+00:00
CA:dow jones futures,CA,dow jones futures,dow jones futures,100,75,1779704400,1779712800,[3],"[""dow jones futures""]",2026-05-26T06:22:12.703798+00:00
CA:bmo stock,CA,bmo stock,bmo stock,200,50,1779720000,1779722400,[3],"[""bmo stock""]",2026-05-26T06:22:12.703798+00:00
CA:michigan,CA,michigan,michigan,100,100,1779732000,1779733800,[20],"[""michigan""]",2026-05-26T06:22:12.703798+00:00
CA:날씨,CA,날씨,날씨,100,50,1779708000,1779711000,[20],"[""날씨""]",2026-05-26T06:22:12.703798+00:00
CA:wordle answer,CA,wordle answer,wordle answer,100,100,1779718200,1779720000,[6],"[""wordle answer""]",2026-05-26T06:22:12.703798+00:00
CA:shopify stock,CA,shopify stock,shopify stock,200,50,1779720000,1779721200,[10],"[""shopify stock""]",2026-05-26T06:22:12.703798+00:00
CA:temperature,CA,temperature,temperature,100,50,1779705000,1779706800,[20],"[""temperature""]",2026-05-26T06:22:12.703798+00:00
CA:edmonton news,CA,edmonton news,edmonton news,100,100,1779712200,1779713400,[10],"[""edmonton news""]",2026-05-26T06:22:12.703798+00:00
CA:indycar,CA,indycar,indycar,100,100,1779715200,1779716400,[17],"[""indycar""]",2026-05-26T06:22:12.703798+00:00
CA:spelling bee,CA,spelling bee,spelling bee,100,50,1779708600,1779709800,[4],"[""spelling bee""]",2026-05-26T06:22:12.703798+00:00
CH:zug,CH,zug,zug,10000,1000,1779699000,,[11],"[""zug""]",2026-05-26T06:23:00.530898+00:00
CH:ferrari luce,CH,ferrari luce,ferrari luce,2000,1000,1779739800,,[1],"[""ferrari luce""]",2026-05-26T06:23:00.530898+00:00
CH:radfahrer,CH,radfahrer,radfahrer,5000,1000,1779712200,,[11],"[""radfahrer""]",2026-05-26T06:23:00.530898+00:00
CH:hitzewelle,CH,hitzewelle,hitzewelle,5000,1000,1779709200,,[20],"[""hitzewelle""]",2026-05-26T06:23:00.530898+00:00
CH:urlaub,CH,urlaub,urlaub,2000,1000,1779751800,,[11],"[""urlaub""]",2026-05-26T06:23:00.530898+00:00
CH:sennwald,CH,sennwald,sennwald,2000,1000,1779733800,,"[10, 1]","[""sennwald""]",2026-05-26T06:23:00.530898+00:00
CH:pierre deny,CH,pierre deny,pierre deny,1000,1000,1779733200,,[4],"[""pierre deny""]",2026-05-26T06:23:00.530898+00:00
CH:paderborn,CH,paderborn,paderborn,5000,1000,1779735600,,[17],"[""paderborn"", ""vfl wolfsburg"", ""sc paderborn – wolfsburg"", ""paderborn wolfsburg"", ""wolfsburg"", ""relegation bundesliga"", ""wolfsburg paderborn"", ""sc paderborn""]",2026-05-26T06:23:00.530898+00:00
CH:eishockey-weltmeisterschaft,CH,eishockey-weltmeisterschaft,eishockey-weltmeisterschaft,5000,700,1779738000,,[17],"[""eishockey-weltmeisterschaft"", ""eishockey""]",2026-05-26T06:23:00.530898+00:00
CH:armon orlik,CH,armon orlik,armon orlik,2000,900,1779724200,,[11],"[""armon orlik""]",2026-05-26T06:23:00.530898+00:00
CH:monfils,CH,monfils,monfils,2000,900,1779736200,,[17],"[""monfils"", ""gael monfils"", ""gaël monfils"", ""hugo gaston""]",2026-05-26T06:23:00.530898+00:00
CH:multa,CH,multa,multa,100,800,1779774600,,[17],"[""multa""]",2026-05-26T06:23:00.530898+00:00
CH:marco odermatt,CH,marco odermatt,marco odermatt,2000,1000,1779714600,1779775200,[11],"[""marco odermatt""]",2026-05-26T06:23:00.530898+00:00
CH:sonny rollins,CH,sonny rollins,sonny rollins,100,500,1779775800,,[4],"[""sonny rollins""]",2026-05-26T06:23:00.530898+00:00
CH:marwin hitz,CH,marwin hitz,marwin hitz,500,800,1779734400,1779775200,[17],"[""marwin hitz"", ""tagblatt""]",2026-05-26T06:23:00.530898+00:00
CH:droit de douane,CH,droit de douane,droit de douane,200,400,1779723000,,"[3, 5]","[""droit de douane""]",2026-05-26T06:23:00.530898+00:00
CH:ferrari,CH,ferrari,ferrari,200,400,1779744000,,[1],"[""ferrari""]",2026-05-26T06:23:00.530898+00:00
CH:cavaliers – knicks,CH,cavaliers – knicks,cavaliers – knicks,200,600,1779769200,1779775800,[17],"[""cavaliers – knicks"", ""nba playoffs""]",2026-05-26T06:23:00.530898+00:00
CH:jan cadieux,CH,jan cadieux,jan cadieux,200,400,1779768000,1779775800,[17],"[""jan cadieux""]",2026-05-26T06:23:00.530898+00:00
CH:appenzell ausserrhoden,CH,appenzell ausserrhoden,appenzell ausserrhoden,1000,1000,1779720600,1779771000,[10],"[""appenzell ausserrhoden""]",2026-05-26T06:23:00.530898+00:00
CH:wawrinka,CH,wawrinka,wawrinka,2000,1000,1779708600,1779723600,[17],"[""wawrinka"", ""stanislas wawrinka"", ""jesper de jong"", ""de jong tennis""]",2026-05-26T06:23:00.530898+00:00
CH:volksinitiative,CH,volksinitiative,volksinitiative,1000,1000,1779702000,1779738600,[11],"[""volksinitiative""]",2026-05-26T06:23:00.530898+00:00
CH:buffet,CH,buffet,buffet,1000,1000,1779695400,1779729600,[19],"[""buffet""]",2026-05-26T06:23:00.530898+00:00
CH:espagne,CH,espagne,espagne,500,400,1779715800,1779773400,[17],"[""espagne""]",2026-05-26T06:23:00.530898+00:00
CH:ebola,CH,ebola,ebola,100,100,1779766200,1779772200,[7],"[""ebola""]",2026-05-26T06:23:00.530898+00:00
CH:world surf league,CH,world surf league,world surf league,500,1000,1779713400,1779732600,"[17, 8]","[""world surf league""]",2026-05-26T06:23:00.530898+00:00
CH:zurich,CH,zürich,zurich,1000,100,1779731400,1779744600,[20],"[""zürich""]",2026-05-26T06:23:00.530898+00:00
CH:marcel koller,CH,marcel koller,marcel koller,200,500,1779738600,1779771600,[17],"[""marcel koller""]",2026-05-26T06:23:00.530898+00:00
CH:iran,CH,iran,iran,100,75,1779762000,1779772200,[14],"[""iran""]",2026-05-26T06:23:00.530898+00:00
CH:ivar stenberg,CH,ivar stenberg,ivar stenberg,500,900,1779717000,1779735600,[17],"[""ivar stenberg""]",2026-05-26T06:23:00.530898+00:00
CH:chaleur,CH,chaleur,chaleur,500,1000,1779703200,1779724200,[20],"[""chaleur""]",2026-05-26T06:23:00.530898+00:00
CH:george russell,CH,george russell,george russell,500,600,1779708600,1779766800,[17],"[""george russell""]",2026-05-26T06:23:00.530898+00:00
CH:thomas sussli,CH,thomas süssli,thomas sussli,500,1000,1779716400,1779728400,[10],"[""thomas süssli""]",2026-05-26T06:23:00.530898+00:00
CH:wolfsburg fc,CH,wolfsburg fc,wolfsburg fc,200,400,1779742800,1779773400,[17],"[""wolfsburg fc""]",2026-05-26T06:23:00.530898+00:00
CH:the boroughs,CH,the boroughs,the boroughs,200,200,1779736200,1779751800,[4],"[""the boroughs""]",2026-05-26T06:23:00.530898+00:00
CH:transport en commun,CH,transport en commun,transport en commun,100,300,1779744000,1779774000,[19],"[""transport en commun""]",2026-05-26T06:23:00.530898+00:00
CH:yb frauen,CH,yb frauen,yb frauen,500,600,1779709800,1779722400,[17],"[""yb frauen""]",2026-05-26T06:23:00.530898+00:00
CH:mette-marit von norwegen,CH,mette-marit von norwegen,mette-marit von norwegen,200,1000,1779713400,1779723600,[11],"[""mette-marit von norwegen""]",2026-05-26T06:23:00.530898+00:00
CH:ein sommer in italien,CH,ein sommer in italien,ein sommer in italien,200,800,1779734400,1779741000,"[4, 17]","[""ein sommer in italien""]",2026-05-26T06:23:00.530898+00:00
CH:andres ambuhl,CH,andres ambühl,andres ambuhl,200,1000,1779730200,1779735000,[17],"[""andres ambühl""]",2026-05-26T06:23:00.530898+00:00
CH:hallwilersee,CH,hallwilersee,hallwilersee,200,200,1779714000,1779723000,[10],"[""hallwilersee""]",2026-05-26T06:23:00.530898+00:00
CH:susan bandecchi,CH,susan bandecchi,susan bandecchi,500,600,1779706800,1779712800,[17],"[""susan bandecchi""]",2026-05-26T06:23:00.530898+00:00
CH:jil teichmann,CH,jil teichmann,jil teichmann,200,900,1779702600,1779709800,[17],"[""jil teichmann""]",2026-05-26T06:23:00.530898+00:00
CH:2026,CH,2026,2026,200,600,1779728400,1779735000,[17],"[""2026""]",2026-05-26T06:23:00.530898+00:00
CH:lanzarote,CH,lanzarote,lanzarote,100,800,1779742200,1779745800,[3],"[""lanzarote""]",2026-05-26T06:23:00.530898+00:00
CH:schurtenberger sven,CH,schurtenberger sven,schurtenberger sven,200,1000,1779722400,1779726600,[17],"[""schurtenberger sven"", ""luzerner kantonales schwingfest 2026 live"", ""luzerner kantonales schwingfest""]",2026-05-26T06:23:00.530898+00:00
CH:tv programm,CH,tv programm,tv programm,200,100,1779732000,1779735600,[4],"[""tv programm""]",2026-05-26T06:23:00.530898+00:00
CH:migration,CH,migration,migration,200,1000,1779691800,1779710400,[10],"[""migration""]",2026-05-26T06:23:00.530898+00:00
CH:bandecchi,CH,bandecchi,bandecchi,200,1000,1779706800,1779711600,[17],"[""bandecchi""]",2026-05-26T06:23:00.530898+00:00
CH:dax,CH,dax,dax,100,1000,1779737400,1779741000,[3],"[""dax""]",2026-05-26T06:23:00.530898+00:00
CH:unfall a8 falschfahrer,CH,unfall a8 falschfahrer,unfall a8 falschfahrer,200,600,1779691200,1779699000,[11],"[""unfall a8 falschfahrer""]",2026-05-26T06:23:00.530898+00:00
CH:kleid,CH,kleid,kleid,100,800,1779738000,1779741000,"[16, 2]","[""kleid""]",2026-05-26T06:23:00.530898+00:00
CH:ebola virus,CH,ebola virus,ebola virus,100,400,1779732000,1779735000,"[7, 10]","[""ebola virus""]",2026-05-26T06:23:00.530898+00:00
CH:martin suter,CH,martin suter,martin suter,200,1000,1779709200,1779712800,[11],"[""martin suter""]",2026-05-26T06:23:00.530898+00:00
CH:restaurateur,CH,restaurateur,restaurateur,100,500,1779693000,1779697800,"[10, 5]","[""restaurateur""]",2026-05-26T06:23:00.530898+00:00
CH:casper ruud,CH,casper ruud,casper ruud,100,1000,1779736200,1779737400,[17],"[""casper ruud""]",2026-05-26T06:23:00.530898+00:00
CH:europe,CH,europe,europe,100,700,1779730200,1779731400,[11],"[""europe""]",2026-05-26T06:23:00.530898+00:00
CH:anna-carina woitschack,CH,anna-carina woitschack,anna-carina woitschack,100,500,1779730200,1779731400,[4],"[""anna-carina woitschack""]",2026-05-26T06:23:00.530898+00:00
CH:motorrad,CH,motorrad,motorrad,100,300,1779723000,1779724200,[11],"[""motorrad""]",2026-05-26T06:23:00.530898+00:00
CL:calama,CL,calama,calama,50000,1000,1779745800,,[20],"[""calama"", ""terremoto calama"", ""sismologia"", ""sismologia chile"", ""sismo calama"", ""temblor calama"", ""temblor en calama"", ""terremoto"", ""sismo"", ""temblor"", ""sismo en calama"", ""temblor antofagasta"", ""sismologia de chile"", ""temblor hoy antofagasta"", ""antofagasta"", ""sismología"", ""temblor en calama hoy"", ""terremoto en calama hoy"", ""temblor calama hoy"", ""terremoto chile"", ""sismo en calama hoy"", ""sismos"", ""sismo antofagasta"", ""sismos chile"", ""temblor en antofagasta"", ""calama temblor"", ""temblor hoy calama"", ""temblor en chile"", ""temblor antofagasta hoy"", ""sismo chile"", ""temblor en el norte"", ""temblor chile"", ""temblor en antofagasta hoy"", ""terremoto calama hoy"", ""temblor ahora"", ""temblor en calama ahora"", ""terremoto antofagasta"", ""sismo calama hoy"", ""temblores"", ""temblor arica"", ""temblor hoy arica"", ""sismo en chile"", ""sismo en antofagasta""]",2026-05-26T06:23:50.694795+00:00
CL:restriccion vehicular hoy con sello verde 2026,CL,restricción vehicular hoy con sello verde 2026,restriccion vehicular hoy con sello verde 2026,5000,1000,1779723000,,"[1, 10, 9]","[""restricción vehicular hoy con sello verde 2026"", ""restricción vehicular hoy""]",2026-05-26T06:23:50.694795+00:00
CL:terremotos en chile,CL,terremotos en chile,terremotos en chile,20000,1000,1779745800,,[20],"[""terremotos en chile"", ""temblor hoy"", ""sismo hoy"", ""ultimos sismos"", ""ultimos sismos en chile"", ""sismología chile último sismo hoy"", ""sismología chile"", ""temblor hoy chile"", ""sismos en chile"", ""temblor en chile hoy"", ""temblor iquique"", ""temblores chile"", ""temblor hoy en chile"", ""centro sismológico de chile"", ""epicentro del temblor de hoy hace unos minutos""]",2026-05-26T06:23:50.694795+00:00
CL:subsecretaria de telecomunicaciones de chile,CL,subsecretaría de telecomunicaciones de chile,subsecretaria de telecomunicaciones de chile,2000,1000,1779732600,,[11],"[""subsecretaría de telecomunicaciones de chile""]",2026-05-26T06:23:50.694795+00:00
CL:copiapo - u. espanola,CL,copiapó - u. española,copiapo - u. espanola,20000,1000,1779751800,1779773400,[17],"[""copiapó - u. española"", ""union española"", ""copiapo vs"", ""union española vs"", ""deportes copiapo"", ""copiapo vs union española"", ""copiapó vs. u. española"", ""copiapo""]",2026-05-26T06:23:50.694795+00:00
CL:knicks,CL,knicks,knicks,5000,700,1779756600,,[17],"[""knicks"", ""cavaliers - knicks"", ""new york knicks"", ""knicks vs"", ""knicks vs cavaliers""]",2026-05-26T06:23:50.694795+00:00
CL:chile vs portugal,CL,chile vs portugal,chile vs portugal,1000,500,1779747000,,[17],"[""chile vs portugal""]",2026-05-26T06:23:50.694795+00:00
CL:amas 2026,CL,amas 2026,amas 2026,1000,1000,1779752400,1779768600,[4],"[""amas 2026"", ""amas""]",2026-05-26T06:23:50.694795+00:00
CL:american music awards 2026,CL,american music awards 2026,american music awards 2026,1000,1000,1779751200,1779772800,[4],"[""american music awards 2026""]",2026-05-26T06:23:50.694795+00:00
CL:camilo huerta,CL,camilo huerta,camilo huerta,500,700,1779764400,1779775800,[4],"[""camilo huerta"", ""marite matus""]",2026-05-26T06:23:50.694795+00:00
CL:donde ver los amas 2026 en chile,CL,donde ver los amas 2026 en chile,donde ver los amas 2026 en chile,1000,1000,1779753000,1779765000,[4],"[""donde ver los amas 2026 en chile"", ""amas 2026 donde ver""]",2026-05-26T06:23:50.694795+00:00
CL:coritiba - bahia,CL,coritiba - bahía,coritiba - bahia,500,900,1779749400,1779763800,[17],"[""coritiba - bahía""]",2026-05-26T06:23:50.694795+00:00
CL:wolfsburg,CL,wolfsburg,wolfsburg,1000,600,1779733200,1779752400,[17],"[""wolfsburg"", ""wolfsburg vs""]",2026-05-26T06:23:50.694795+00:00
CL:servicios locales de educacion publica,CL,servicios locales de educación pública,servicios locales de educacion publica,500,1000,1779737400,1779757200,[10],"[""servicios locales de educación pública""]",2026-05-26T06:23:50.694795+00:00
CL:monfils,CL,monfils,monfils,1000,1000,1779739800,1779753000,[17],"[""monfils"", ""hugo gaston"", ""gael monfils"", ""gaël monfils""]",2026-05-26T06:23:50.694795+00:00
CL:usgs,CL,usgs,usgs,500,1000,1779746400,1779760200,[20],"[""usgs""]",2026-05-26T06:23:50.694795+00:00
CL:nomina,CL,nómina,nomina,1000,600,1779722400,1779748800,[17],"[""nómina""]",2026-05-26T06:23:50.694795+00:00
CL:cyber,CL,cyber,cyber,2000,100,1779714600,1779771000,[11],"[""cyber"", ""cyber day 2026""]",2026-05-26T06:23:50.694795+00:00
CL:cirque du soleil,CL,cirque du soleil,cirque du soleil,1000,200,1779727800,1779747000,[4],"[""cirque du soleil""]",2026-05-26T06:23:50.694795+00:00
CL:tom hanks,CL,tom hanks,tom hanks,500,900,1779726000,1779748200,[4],"[""tom hanks""]",2026-05-26T06:23:50.694795+00:00
CL:anibal mosa,CL,aníbal mosa,anibal mosa,500,600,1779731400,1779754800,[17],"[""aníbal mosa""]",2026-05-26T06:23:50.694795+00:00
CL:javiera suarez,CL,javiera suárez,javiera suarez,1000,200,1779746400,1779757200,[4],"[""javiera suárez"", ""javiera suarez""]",2026-05-26T06:23:50.694795+00:00
CL:daniel coleman,CL,daniel coleman,daniel coleman,1000,1000,1779726000,1779739200,[4],"[""daniel coleman""]",2026-05-26T06:23:50.694795+00:00
CL:subsidio electrico 2026,CL,subsidio electrico 2026,subsidio electrico 2026,500,200,1779720600,1779776400,[3],"[""subsidio electrico 2026""]",2026-05-26T06:23:50.694795+00:00
CL:restriccion vehicular lunes 25 de mayo,CL,restriccion vehicular lunes 25 de mayo,restriccion vehicular lunes 25 de mayo,1000,600,1779710400,1779735000,[11],"[""restriccion vehicular lunes 25 de mayo"", ""pre emergencia ambiental"", ""restriccion vehicular""]",2026-05-26T06:23:50.694795+00:00
CL:atlassian,CL,atlassian,atlassian,500,200,1779708600,1779748200,[3],"[""atlassian""]",2026-05-26T06:23:50.694795+00:00
CL:paramount,CL,paramount,paramount,500,400,1779753600,1779758400,[4],"[""paramount""]",2026-05-26T06:23:50.694795+00:00
CL:cbs,CL,cbs,cbs,200,900,1779753600,1779759600,[4],"[""cbs""]",2026-05-26T06:23:50.694795+00:00
CL:katherine orellana,CL,katherine orellana,katherine orellana,500,1000,1779744600,1779750000,[4],"[""katherine orellana"", ""kathy orellana""]",2026-05-26T06:23:50.694795+00:00
CL:tnt,CL,tnt,tnt,200,700,1779753000,1779759000,[17],"[""tnt""]",2026-05-26T06:23:50.694795+00:00
CL:ignacio buse,CL,ignacio buse,ignacio buse,1000,900,1779721200,1779733800,[17],"[""ignacio buse"", ""buse""]",2026-05-26T06:23:50.694795+00:00
CL:paramount plus,CL,paramount plus,paramount plus,200,500,1779753600,1779759600,[4],"[""paramount plus""]",2026-05-26T06:23:50.694795+00:00
CL:reunion de superados,CL,reunion de superados,reunion de superados,100,300,1779764400,1779768600,[4],"[""reunion de superados""]",2026-05-26T06:23:50.694795+00:00
CL:earthquake,CL,earthquake,earthquake,200,1000,1779745800,1779751800,[20],"[""earthquake""]",2026-05-26T06:23:50.694795+00:00
CL:festival,CL,festival,festival,200,800,1779747600,1779754800,[4],"[""festival""]",2026-05-26T06:23:50.694795+00:00
CL:poder judicial,CL,poder judicial,poder judicial,2000,300,1779712800,1779718800,[10],"[""poder judicial""]",2026-05-26T06:23:50.694795+00:00
CL:enciclica,CL,enciclica,enciclica,200,500,1779760800,1779764400,[11],"[""enciclica"", ""enciclica papa leon xiv""]",2026-05-26T06:23:50.694795+00:00
CL:pampa ilusion,CL,pampa ilusion,pampa ilusion,200,900,1779739800,1779746400,[4],"[""pampa ilusion""]",2026-05-26T06:23:50.694795+00:00
CL:ebola,CL,ebola,ebola,500,1000,1779735000,1779738600,[7],"[""ebola""]",2026-05-26T06:23:50.694795+00:00
CL:deposito,CL,depósito,deposito,500,400,1779704400,1779723600,[3],"[""depósito""]",2026-05-26T06:23:50.694795+00:00
CL:stan wawrinka,CL,stan wawrinka,stan wawrinka,500,500,1779714600,1779723600,[17],"[""stan wawrinka"", ""wawrinka""]",2026-05-26T06:23:50.694795+00:00
CL:tita ureta,CL,tita ureta,tita ureta,200,1000,1779737400,1779741600,[4],"[""tita ureta""]",2026-05-26T06:23:50.694795+00:00
CL:ben shelton,CL,ben shelton,ben shelton,200,1000,1779729000,1779734400,[17],"[""ben shelton""]",2026-05-26T06:23:50.694795+00:00
CL:claudio aquino,CL,claudio aquino,claudio aquino,100,800,1779752400,1779756000,[17],"[""claudio aquino""]",2026-05-26T06:23:50.694795+00:00
CL:rublev,CL,rublev,rublev,200,700,1779727800,1779735000,[17],"[""rublev""]",2026-05-26T06:23:50.694795+00:00
CL:cavs,CL,cavs,cavs,100,300,1779760800,1779762600,[17],"[""cavs""]",2026-05-26T06:23:50.694795+00:00
CL:tvn,CL,tvn,tvn,200,300,1779748200,1779750600,"[4, 8]","[""tvn""]",2026-05-26T06:23:50.694795+00:00
CL:louis tomlinson,CL,louis tomlinson,louis tomlinson,200,700,1779720000,1779724800,[4],"[""louis tomlinson""]",2026-05-26T06:23:50.694795+00:00
CL:temperatura santiago,CL,temperatura santiago,temperatura santiago,1000,50,1779706800,1779712200,[20],"[""temperatura santiago"", ""temperatura en santiago""]",2026-05-26T06:23:50.694795+00:00
CL:elena rybakina,CL,elena rybakina,elena rybakina,200,900,1779712800,1779720000,[17],"[""elena rybakina""]",2026-05-26T06:23:50.694795+00:00
CL:tnt en vivo,CL,tnt en vivo,tnt en vivo,100,500,1779757200,1779759000,[17],"[""tnt en vivo""]",2026-05-26T06:23:50.694795+00:00
CL:ivanka trump,CL,ivanka trump,ivanka trump,200,1000,1779714600,1779718200,"[10, 14]","[""ivanka trump""]",2026-05-26T06:23:50.694795+00:00
CL:vacaciones de invierno 2026,CL,vacaciones de invierno 2026,vacaciones de invierno 2026,500,50,1779709200,1779718800,[9],"[""vacaciones de invierno 2026"", ""vacaciones de invierno 2026 chile""]",2026-05-26T06:23:50.694795+00:00
CL:kino resultados,CL,kino resultados,kino resultados,200,100,1779701400,1779712800,[6],"[""kino resultados""]",2026-05-26T06:23:50.694795+00:00
CL:daniel garnero,CL,daniel garnero,daniel garnero,200,500,1779716400,1779724800,[17],"[""daniel garnero""]",2026-05-26T06:23:50.694795+00:00
CL:aucas,CL,aucas,aucas,100,300,1779756600,1779757800,[17],"[""aucas""]",2026-05-26T06:23:50.694795+00:00
CL:ministro,CL,ministro,ministro,100,200,1779708000,1779713400,"[10, 14]","[""ministro"", ""que""]",2026-05-26T06:23:50.694795+00:00
CL:buse vs,CL,buse vs,buse vs,100,300,1779729600,1779733200,[17],"[""buse vs""]",2026-05-26T06:23:50.694795+00:00
CL:grand theft auto,CL,grand theft auto,grand theft auto,100,400,1779745200,1779748800,[6],"[""grand theft auto""]",2026-05-26T06:23:50.694795+00:00
CL:rafael jodar,CL,rafael jódar,rafael jodar,100,600,1779712200,1779714600,[17],"[""rafael jódar""]",2026-05-26T06:23:50.694795+00:00
CL:licencia medica,CL,licencia medica,licencia medica,200,50,1779715800,1779717000,[7],"[""licencia medica""]",2026-05-26T06:23:50.694795+00:00
CO:real cartagena - envigado,CO,real cartagena - envigado,real cartagena - envigado,50000,1000,1779756000,,[17],"[""real cartagena - envigado"", ""real cartagena vs envigado"", ""real cartagena"", ""envigado fc"", ""envigado vs"", ""real cartagena hoy"", ""cartagena vs envigado"", ""real cartagena vs"", ""categoría primera b"", ""envigado"", ""real cartagena vs. envigado"", ""partido del real cartagena"", ""partido real cartagena hoy"", ""miguel marulanda"", ""fredy montero"", ""partido real cartagena"", ""torneo betplay"", ""partido del real cartagena hoy"", ""cartagena vs"", ""real cartagena envigado"", ""real cartagena partido de hoy"", ""partidos de real cartagena"", ""real cartagena hoy en vivo""]",2026-05-26T06:24:35.905862+00:00
CO:convocados de colombia para el mundial 2026,CO,convocados de colombia para el mundial 2026,convocados de colombia para el mundial 2026,50000,1000,1779726000,,[17],"[""convocados de colombia para el mundial 2026"", ""kevin castaño"", ""cucho hernández"", ""lista de convocados colombia"", ""willer ditta"", ""convocatoria de colombia para el mundial 2026"", ""seleccion colombia"", ""lista de convocados colombia mundial 2026"", ""borre"", ""juan camilo hernández"", ""wilmar barrios"", ""convocados selección colombia"", ""ditta"", ""yerson mosquera"", ""santos borre"", ""rueda de prensa nestor lorenzo"", ""jaminton campaz"", ""convocados colombia"", ""convocatoria colombia mundial 2026"", ""convocatoria selección colombia"", ""convocatoria colombia"", ""yerry mina"", ""lista convocados colombia"", ""convocados colombia mundial 2026"", ""26 convocados colombia"", ""convocados seleccion colombia"", ""selección de fútbol de colombia"", ""campaz"", ""mundial"", ""selección colombia"", ""rafael santos borré"", ""juan camilo hernandez"", ""convocatoria"", ""convocados"", ""fcf"", ""lista colombia mundial 2026"", ""nestor lorenzo"", ""convocados selección colombia mundial 2026"", ""conferencia de prensa nestor lorenzo hoy"", ""cucho hernandez"", ""mundial 2026"", ""lista seleccion colombia"", ""colombia fc"", ""lista de convocados selección colombia hoy"", ""federación colombiana de fútbol"", ""lista oficial de colombia para el mundial 2026"", ""federacion colombiana"", ""primer partido de colombia en el mundial"", ""jhon durán"", ""camilo vargas"", ""convocatoria seleccion colombia"", ""cuadrado"", ""colombia mundial"", ""la fm en vivo"", ""convocados selección colombia mundial""]",2026-05-26T06:24:35.905862+00:00
CO:carlos andres gomez,CO,carlos andrés gómez,carlos andres gomez,10000,1000,1779729000,,[17],"[""carlos andrés gómez"", ""carlos andres gomez"", ""carlos gomez"", ""carlos gómez"", ""andres gomez"", ""carlos andres gomez seleccion colombia""]",2026-05-26T06:24:35.905862+00:00
CO:carlos caicedo,CO,carlos caicedo,carlos caicedo,10000,1000,1779720600,,[14],"[""carlos caicedo""]",2026-05-26T06:24:35.905862+00:00
CO:edwin palma egea,CO,edwin palma egea,edwin palma egea,5000,1000,1779710400,,[3],"[""edwin palma egea"", ""ministro de minas y energía de colombia"", ""ministro""]",2026-05-26T06:24:35.905862+00:00
CO:cristhian mosquera,CO,cristhian mosquera,cristhian mosquera,2000,1000,1779732000,,[17],"[""cristhian mosquera""]",2026-05-26T06:24:35.905862+00:00
CO:giovanni celis,CO,giovanni celis,giovanni celis,2000,800,1779747000,,[11],"[""giovanni celis"", ""red mas noticias""]",2026-05-26T06:24:35.905862+00:00
CO:gustavo puerta,CO,gustavo puerta,gustavo puerta,2000,700,1779729000,,[17],"[""gustavo puerta"", ""portilla""]",2026-05-26T06:24:35.905862+00:00
CO:naim y la blanquita,CO,naim y la blanquita,naim y la blanquita,2000,400,1779747000,,[4],"[""naim y la blanquita"", ""blanquita y naim"", ""video de katy cardona y naim darrechi"", ""katy cardona la blanquita"", ""video de la blanquita y naim darrechi""]",2026-05-26T06:24:35.905862+00:00
CO:condena,CO,condena,condena,2000,900,1779739200,,[10],"[""condena"", ""musa besaile""]",2026-05-26T06:24:35.905862+00:00
CO:fuerzas armadas,CO,fuerzas armadas,fuerzas armadas,5000,1000,1779726600,1779775800,"[10, 9]","[""fuerzas armadas""]",2026-05-26T06:24:35.905862+00:00
CO:cavaliers - knicks,CO,cavaliers - knicks,cavaliers - knicks,5000,1000,1779753000,1779772800,[17],"[""cavaliers - knicks"", ""knicks"", ""knicks vs cavaliers"", ""new york knicks""]",2026-05-26T06:24:35.905862+00:00
CO:guillermo alfonso jaramillo,CO,guillermo alfonso jaramillo,guillermo alfonso jaramillo,2000,1000,1779724800,1779775200,"[10, 14]","[""guillermo alfonso jaramillo""]",2026-05-26T06:24:35.905862+00:00
CO:coritiba - bahia,CO,coritiba - bahía,coritiba - bahia,2000,1000,1779747600,1779772200,[17],"[""coritiba - bahía"", ""coritiba""]",2026-05-26T06:24:35.905862+00:00
CO:ley seca mayo 2026,CO,ley seca mayo 2026,ley seca mayo 2026,1000,300,1779747600,1779775800,"[10, 14]","[""ley seca mayo 2026""]",2026-05-26T06:24:35.905862+00:00
CO:ivan mordisco,CO,iván mordisco,ivan mordisco,1000,900,1779747600,1779776400,[10],"[""iván mordisco""]",2026-05-26T06:24:35.905862+00:00
CO:amas 2026,CO,amas 2026,amas 2026,2000,800,1779753000,1779768600,[4],"[""amas 2026"", ""american music awards 2026"", ""american music awards""]",2026-05-26T06:24:35.905862+00:00
CO:unidad nacional de proteccion,CO,unidad nacional de protección,unidad nacional de proteccion,1000,1000,1779758400,1779769200,[10],"[""unidad nacional de protección""]",2026-05-26T06:24:35.905862+00:00
CO:taylor fritz,CO,taylor fritz,taylor fritz,1000,600,1779725400,1779759000,[17],"[""taylor fritz""]",2026-05-26T06:24:35.905862+00:00
CO:precio de los alimentos,CO,precio de los alimentos,precio de los alimentos,1000,600,1779727200,1779759000,[3],"[""precio de los alimentos""]",2026-05-26T06:24:35.905862+00:00
CO:amas,CO,amas,amas,1000,800,1779752400,1779768600,[4],"[""amas""]",2026-05-26T06:24:35.905862+00:00
CO:marino hinestroza,CO,marino hinestroza,marino hinestroza,200,400,1779760800,1779775200,[17],"[""marino hinestroza""]",2026-05-26T06:24:35.905862+00:00
CO:ticketmaster,CO,ticketmaster,ticketmaster,5000,300,1779713400,1779732000,[4],"[""ticketmaster""]",2026-05-26T06:24:35.905862+00:00
CO:policia,CO,policía,policia,500,500,1779753000,1779771600,"[10, 1]","[""policía""]",2026-05-26T06:24:35.905862+00:00
CO:colombia vs cali,CO,colombia vs cali,colombia vs cali,5000,1000,1779757800,1779765600,[17],"[""colombia vs cali"", ""colombia vs"", ""selección de fútbol sub-17 de colombia"", ""cuando juega colombia""]",2026-05-26T06:24:35.905862+00:00
CO:embargo,CO,embargo,embargo,2000,1000,1779748800,1779753600,[10],"[""embargo""]",2026-05-26T06:24:35.905862+00:00
CO:arabia saudita,CO,arabia saudita,arabia saudita,1000,500,1779715800,1779765000,[11],"[""arabia saudita""]",2026-05-26T06:24:35.905862+00:00
CO:wolfsburg,CO,wolfsburg,wolfsburg,1000,700,1779733200,1779755400,[17],"[""wolfsburg""]",2026-05-26T06:24:35.905862+00:00
CO:kevin viveros,CO,kevin viveros,kevin viveros,500,500,1779729600,1779771000,[17],"[""kevin viveros""]",2026-05-26T06:24:35.905862+00:00
CO:procurador general de colombia,CO,procurador general de colombia,procurador general de colombia,1000,600,1779735600,1779755400,"[14, 10]","[""procurador general de colombia"", ""petro"", ""carlos gaviria díaz"", ""caracol radio en vivo""]",2026-05-26T06:24:35.905862+00:00
CO:tnt,CO,tnt,tnt,500,900,1779752400,1779762600,"[17, 4]","[""tnt""]",2026-05-26T06:24:35.905862+00:00
CO:delcy rodriguez,CO,delcy rodríguez,delcy rodriguez,200,500,1779757800,1779768600,[11],"[""delcy rodríguez""]",2026-05-26T06:24:35.905862+00:00
CO:puesto de votacion 2026,CO,puesto de votacion 2026,puesto de votacion 2026,1000,300,1779723000,1779758400,"[14, 10]","[""puesto de votacion 2026"", ""mesa de votación 2026"", ""puesto de votación 2026""]",2026-05-26T06:24:35.905862+00:00
CO:dodgers - rockies,CO,dodgers - rockies,dodgers - rockies,200,500,1779760800,1779768600,[17],"[""dodgers - rockies""]",2026-05-26T06:24:35.905862+00:00
CO:abelardo de la espriella,CO,abelardo de la espriella,abelardo de la espriella,2000,200,1779703200,1779715800,[14],"[""abelardo de la espriella""]",2026-05-26T06:24:35.905862+00:00
CO:futbol libre real cartagena,CO,futbol libre real cartagena,futbol libre real cartagena,200,500,1779759600,1779766800,[17],"[""futbol libre real cartagena""]",2026-05-26T06:24:35.905862+00:00
CO:fluminense football club,CO,fluminense football club,fluminense football club,500,400,1779730200,1779757800,[17],"[""fluminense football club""]",2026-05-26T06:24:35.905862+00:00
CO:cartagena,CO,cartagena,cartagena,200,200,1779763200,1779768600,[11],"[""cartagena""]",2026-05-26T06:24:35.905862+00:00
CO:ea sports fc 26,CO,ea sports fc 26,ea sports fc 26,500,300,1779746400,1779760800,[18],"[""ea sports fc 26""]",2026-05-26T06:24:35.905862+00:00
CO:cbs,CO,cbs,cbs,500,1000,1779754200,1779761400,[4],"[""cbs""]",2026-05-26T06:24:35.905862+00:00
CO:juan camilo portilla,CO,juan camilo portilla,juan camilo portilla,1000,1000,1779729000,1779739800,[17],"[""juan camilo portilla""]",2026-05-26T06:24:35.905862+00:00
CO:donde ver los amas 2026,CO,donde ver los amas 2026,donde ver los amas 2026,200,800,1779753600,1779761400,[4],"[""donde ver los amas 2026""]",2026-05-26T06:24:35.905862+00:00
CO:sebastian villa,CO,sebastian villa,sebastian villa,1000,700,1779729000,1779738000,[17],"[""sebastian villa"", ""sebastián villa""]",2026-05-26T06:24:35.905862+00:00
CO:paramount,CO,paramount,paramount,500,300,1779753600,1779759600,[4],"[""paramount""]",2026-05-26T06:24:35.905862+00:00
CO:memorial day,CO,memorial day,memorial day,1000,200,1779709200,1779730200,[10],"[""memorial day""]",2026-05-26T06:24:35.905862+00:00
CO:caracol,CO,caracol,caracol,1000,200,1779705000,1779733800,[11],"[""caracol"", ""gol caracol""]",2026-05-26T06:24:35.905862+00:00
CO:enciclica,CO,enciclica,enciclica,500,600,1779714000,1779760800,[11],"[""enciclica""]",2026-05-26T06:24:35.905862+00:00
CO:2026,CO,2026,2026,1000,200,1779703800,1779746400,[17],"[""2026""]",2026-05-26T06:24:35.905862+00:00
CO:tom hanks,CO,tom hanks,tom hanks,200,300,1779738000,1779752400,[4],"[""tom hanks""]",2026-05-26T06:24:35.905862+00:00
CO:registraduria nacional del estado civil,CO,registraduría nacional del estado civil,registraduria nacional del estado civil,1000,100,1779714000,1779735600,"[14, 10]","[""registraduría nacional del estado civil""]",2026-05-26T06:24:35.905862+00:00
CO:monfils,CO,monfils,monfils,500,300,1779743400,1779750000,[17],"[""monfils"", ""gael monfils"", ""hugo gaston""]",2026-05-26T06:24:35.905862+00:00
CO:raul montes,CO,raul montes,raul montes,500,500,1779728400,1779744600,[10],"[""raul montes""]",2026-05-26T06:24:35.905862+00:00
CO:paramount plus,CO,paramount plus,paramount plus,200,300,1779754200,1779759000,[4],"[""paramount plus""]",2026-05-26T06:24:35.905862+00:00
CO:camila osorio,CO,camila osorio,camila osorio,200,500,1779732600,1779740400,[17],"[""camila osorio""]",2026-05-26T06:24:35.905862+00:00
CO:memorial day 2026,CO,memorial day 2026,memorial day 2026,500,300,1779709200,1779728400,[11],"[""memorial day 2026""]",2026-05-26T06:24:35.905862+00:00
CO:festival,CO,festival,festival,200,400,1779743400,1779753600,[11],"[""festival""]",2026-05-26T06:24:35.905862+00:00
CO:polymarket elecciones colombia,CO,polymarket elecciones colombia,polymarket elecciones colombia,200,200,1779766800,1779769200,[14],"[""polymarket elecciones colombia"", ""segunda vuelta presidencial 2026""]",2026-05-26T06:24:35.905862+00:00
CO:royals - yankees,CO,royals - yankees,royals - yankees,200,400,1779741000,1779750000,[17],"[""royals - yankees""]",2026-05-26T06:24:35.905862+00:00
CO:jorge carrascal,CO,jorge carrascal,jorge carrascal,500,500,1779729600,1779735600,[17],"[""jorge carrascal"", ""carrascal""]",2026-05-26T06:24:35.905862+00:00
CO:caracol en vivo,CO,caracol en vivo,caracol en vivo,2000,75,1779730200,1779732600,"[10, 14]","[""caracol en vivo""]",2026-05-26T06:24:35.905862+00:00
CO:partidos colombia mundial 2026,CO,partidos colombia mundial 2026,partidos colombia mundial 2026,500,100,1779730200,1779736200,[17],"[""partidos colombia mundial 2026"", ""partidos de colombia en el mundial"", ""partidos de colombia"", ""calendario colombia""]",2026-05-26T06:24:35.905862+00:00
CO:stray kids,CO,stray kids,stray kids,500,200,1779721800,1779730200,[4],"[""stray kids""]",2026-05-26T06:24:35.905862+00:00
CO:yaser asprilla,CO,yaser asprilla,yaser asprilla,200,600,1779732600,1779738600,[17],"[""yaser asprilla""]",2026-05-26T06:24:35.905862+00:00
CO:ben shelton,CO,ben shelton,ben shelton,200,500,1779730200,1779735600,[17],"[""ben shelton""]",2026-05-26T06:24:35.905862+00:00
CO:jhon arias,CO,jhon arias,jhon arias,200,600,1779730800,1779735600,[17],"[""jhon arias""]",2026-05-26T06:24:35.905862+00:00
CO:sebastian montoya,CO,sebastián montoya,sebastian montoya,200,200,1779702600,1779718800,[17],"[""sebastián montoya""]",2026-05-26T06:24:35.905862+00:00
CO:botafogo sp,CO,botafogo sp,botafogo sp,100,400,1779748800,1779753000,[17],"[""botafogo sp""]",2026-05-26T06:24:35.905862+00:00
CO:elena rybakina,CO,elena rybakina,elena rybakina,200,700,1779713400,1779720600,[17],"[""elena rybakina""]",2026-05-26T06:24:35.905862+00:00
CO:fajardo,CO,fajardo,fajardo,200,100,1779733200,1779774000,[14],"[""fajardo""]",2026-05-26T06:24:35.905862+00:00
CO:cine de ciencia ficcion,CO,cine de ciencia ficción,cine de ciencia ficcion,100,200,1779730800,1779736800,[4],"[""cine de ciencia ficción""]",2026-05-26T06:24:35.905862+00:00
CO:universidad distrital,CO,universidad distrital,universidad distrital,100,200,1779762000,1779763200,"[9, 10]","[""universidad distrital""]",2026-05-26T06:24:35.905862+00:00
CO:ticket master,CO,ticket master,ticket master,200,300,1779718800,1779723600,[4],"[""ticket master""]",2026-05-26T06:24:35.905862+00:00
CO:jhon duran,CO,jhon duran,jhon duran,100,700,1779732000,1779735600,[17],"[""jhon duran""]",2026-05-26T06:24:35.905862+00:00
CO:candidatos presidenciales colombia 2026,CO,candidatos presidenciales colombia 2026,candidatos presidenciales colombia 2026,200,100,1779724200,1779736800,[14],"[""candidatos presidenciales colombia 2026""]",2026-05-26T06:24:35.905862+00:00
CO:convocatoria espana,CO,convocatoria españa,convocatoria espana,100,300,1779729000,1779733200,[17],"[""convocatoria españa""]",2026-05-26T06:24:35.905862+00:00
CO:festivos de junio,CO,festivos de junio,festivos de junio,200,100,1779711000,1779716400,[19],"[""festivos de junio""]",2026-05-26T06:24:35.905862+00:00
CO:claudia lopez,CO,claudia lopez,claudia lopez,100,400,1779734400,1779738000,"[14, 10]","[""claudia lopez""]",2026-05-26T06:24:35.905862+00:00
CO:terremoto,CO,terremoto,terremoto,100,900,1779704400,1779708600,[20],"[""terremoto""]",2026-05-26T06:24:35.905862+00:00
CO:rengifo,CO,rengifo,rengifo,100,500,1779732000,1779734400,[17],"[""rengifo""]",2026-05-26T06:24:35.905862+00:00
CO:stan wawrinka,CO,stan wawrinka,stan wawrinka,100,400,1779718800,1779721800,[17],"[""stan wawrinka""]",2026-05-26T06:24:35.905862+00:00
CO:iga swiatek,CO,iga świątek,iga swiatek,100,900,1779709800,1779712200,"[17, 4]","[""iga świątek""]",2026-05-26T06:24:35.905862+00:00
CO:salario minimo 2026 colombia,CO,salario mínimo 2026 colombia,salario minimo 2026 colombia,100,400,1779737400,1779738600,[10],"[""salario mínimo 2026 colombia""]",2026-05-26T06:24:35.905862+00:00
CO:primer partido del mundial 2026,CO,primer partido del mundial 2026,primer partido del mundial 2026,100,200,1779733200,1779734400,[17],"[""primer partido del mundial 2026""]",2026-05-26T06:24:35.905862+00:00
CO:noticias caracol en vivo,CO,noticias caracol en vivo,noticias caracol en vivo,100,50,1779706800,1779708000,[4],"[""noticias caracol en vivo""]",2026-05-26T06:24:35.905862+00:00
CZ:jackpot,CZ,jackpot,jackpot,10000,1000,1779721200,,"[4, 6]","[""jackpot""]",2026-05-26T06:25:22.486278+00:00
CZ:cesko norsko,CZ,cesko norsko,cesko norsko,20000,1000,1779712200,,[17],"[""cesko norsko"", ""hokej cesko norsko"", ""česko norsko"", ""norska hokejová reprezentace"", ""hokej online"", ""cesko norsko 2026"", ""hokej ms"", ""hokej"", ""česko norsko hokej"", ""hokej česko norsko"", ""čt sport živě"", ""hokej cesko"", ""hokej zive"", ""hokej živě"", ""cesko norsko hokej"", ""norsko cesko"", ""hokej česko-norsko"", ""hokej česko"", ""hokej norsko cesko"", ""online hokej"", ""hokej cesko norsko 2026"", ""česko-norsko"", ""cesko vs norsko"", ""hokej live"", ""cesko hokej"", ""hokej ms 2026 online"", ""dominik pavlát"", ""hronek"", ""česko hokej dnes"", ""ms hokej 2026 online"", ""čtsport"", ""ceskatelevize"", ""lední hokej"", ""ms hokej online"", ""filip hronek""]",2026-05-26T06:25:22.486278+00:00
CZ:meghan markleova,CZ,meghan markleová,meghan markleova,2000,1000,1779696600,,"[10, 4]","[""meghan markleová""]",2026-05-26T06:25:22.486278+00:00
CZ:mars,CZ,mars,mars,5000,1000,1779711600,,"[3, 15]","[""mars""]",2026-05-26T06:25:22.486278+00:00
CZ:vlna veder,CZ,vlna veder,vlna veder,2000,1000,1779727200,,[20],"[""vlna veder""]",2026-05-26T06:25:22.486278+00:00
CZ:pokuta,CZ,pokuta,pokuta,1000,1000,1779749400,,"[1, 10]","[""pokuta""]",2026-05-26T06:25:22.486278+00:00
CZ:ferrari luce,CZ,ferrari luce,ferrari luce,1000,1000,1779742800,,[1],"[""ferrari luce""]",2026-05-26T06:25:22.486278+00:00
CZ:brankar,CZ,brankář,brankar,2000,1000,1779735000,,[17],"[""brankář""]",2026-05-26T06:25:22.486278+00:00
CZ:oleksandr usyk,CZ,oleksandr usyk,oleksandr usyk,1000,1000,1779727200,,[17],"[""oleksandr usyk""]",2026-05-26T06:25:22.486278+00:00
CZ:ester ledecka,CZ,ester ledecká,ester ledecka,1000,1000,1779736200,,[11],"[""ester ledecká""]",2026-05-26T06:25:22.486278+00:00
CZ:jan reznicek,CZ,jan řezníček,jan reznicek,1000,1000,1779732000,,[4],"[""jan řezníček""]",2026-05-26T06:25:22.486278+00:00
CZ:jindrich trpisovsky,CZ,jindřich trpišovský,jindrich trpisovsky,500,900,1779769200,,[17],"[""jindřich trpišovský""]",2026-05-26T06:25:22.486278+00:00
CZ:srazka,CZ,srážka,srazka,500,1000,1779729000,,[11],"[""srážka""]",2026-05-26T06:25:22.486278+00:00
CZ:basketbal,CZ,basketbal,basketbal,500,500,1779741000,,[17],"[""basketbal""]",2026-05-26T06:25:22.486278+00:00
CZ:star citizen,CZ,star citizen,star citizen,200,500,1779756000,,[11],"[""star citizen""]",2026-05-26T06:25:22.486278+00:00
CZ:giro d'italia,CZ,giro d'italia,giro d'italia,500,500,1779772200,,"[8, 17, 1, 16]","[""giro d'italia"", ""giro d’italia""]",2026-05-26T06:25:22.486278+00:00
CZ:denik,CZ,deník,denik,5000,1000,1779702000,1779776400,[2],"[""deník""]",2026-05-26T06:25:22.486278+00:00
CZ:nate jacobs,CZ,nate jacobs,nate jacobs,200,300,1779744000,,[4],"[""nate jacobs""]",2026-05-26T06:25:22.486278+00:00
CZ:vfl wolfsburg,CZ,vfl wolfsburg,vfl wolfsburg,100,600,1779772800,,[17],"[""vfl wolfsburg""]",2026-05-26T06:25:22.486278+00:00
CZ:stefan margita,CZ,štefan margita,stefan margita,5000,1000,1779715800,1779768000,[4],"[""štefan margita""]",2026-05-26T06:25:22.486278+00:00
CZ:ct sport,CZ,ct sport,ct sport,20000,1000,1779718800,1779726600,[4],"[""ct sport"", ""čt sport"", ""ct sport živě""]",2026-05-26T06:25:22.486278+00:00
CZ:milan petrzela,CZ,milan petržela,milan petrzela,1000,1000,1779715200,1779775200,[17],"[""milan petržela""]",2026-05-26T06:25:22.486278+00:00
CZ:evropska centralni banka,CZ,evropská centrální banka,evropska centralni banka,2000,1000,1779697800,1779774600,[11],"[""evropská centrální banka""]",2026-05-26T06:25:22.486278+00:00
CZ:ct sport zive,CZ,ct sport zive,ct sport zive,5000,1000,1779718800,1779728400,[17],"[""ct sport zive""]",2026-05-26T06:25:22.486278+00:00
CZ:jirina bohdalova,CZ,jiřina bohdalová,jirina bohdalova,5000,1000,1779703800,1779716400,[4],"[""jiřina bohdalová""]",2026-05-26T06:25:22.486278+00:00
CZ:chlapec,CZ,chlapec,chlapec,1000,1000,1779708600,1779736200,[11],"[""chlapec""]",2026-05-26T06:25:22.486278+00:00
CZ:hokej dnes,CZ,hokej dnes,hokej dnes,2000,300,1779720600,1779730200,[17],"[""hokej dnes""]",2026-05-26T06:25:22.486278+00:00
CZ:tomas soucek,CZ,tomáš souček,tomas soucek,1000,1000,1779711000,1779769200,[17],"[""tomáš souček""]",2026-05-26T06:25:22.486278+00:00
CZ:peter dvorsky,CZ,peter dvorský,peter dvorsky,1000,1000,1779699600,1779721200,[4],"[""peter dvorský"", ""pavol dvorský""]",2026-05-26T06:25:22.486278+00:00
CZ:ct,CZ,ct,ct,2000,400,1779718800,1779727200,[11],"[""ct"", ""čt""]",2026-05-26T06:25:22.486278+00:00
CZ:cesko kanada 2026,CZ,cesko kanada 2026,cesko kanada 2026,500,300,1779772800,1779774600,[17],"[""cesko kanada 2026"", ""tabulka ms hokej 2026"", ""tabulka mistrovství světa v hokeji"", ""tabulka hokej ms 2026""]",2026-05-26T06:25:22.486278+00:00
CZ:grand prix kanady,CZ,grand prix kanady,grand prix kanady,500,900,1779709200,1779728400,[17],"[""grand prix kanady""]",2026-05-26T06:25:22.486278+00:00
CZ:iva kubelkova,CZ,iva kubelková,iva kubelkova,500,1000,1779705000,1779725400,"[2, 4]","[""iva kubelková""]",2026-05-26T06:25:22.486278+00:00
CZ:ceska televize,CZ,ceska televize,ceska televize,1000,600,1779718800,1779726600,[4],"[""ceska televize"", ""česká televize""]",2026-05-26T06:25:22.486278+00:00
CZ:nehoda,CZ,nehoda,nehoda,500,300,1779702600,1779717600,[11],"[""nehoda""]",2026-05-26T06:25:22.486278+00:00
CZ:bohus matus,CZ,bohuš matuš,bohus matus,500,1000,1779730800,1779736800,[4],"[""bohuš matuš""]",2026-05-26T06:25:22.486278+00:00
CZ:novak djokovic,CZ,novak djokovič,novak djokovic,200,900,1779727200,1779735600,[17],"[""novak djokovič""]",2026-05-26T06:25:22.486278+00:00
CZ:tabulka ms hokej,CZ,tabulka ms hokej,tabulka ms hokej,500,800,1779727200,1779731400,[11],"[""tabulka ms hokej"", ""ms hokej tabulka""]",2026-05-26T06:25:22.486278+00:00
CZ:polsko,CZ,polsko,polsko,200,800,1779723600,1779730800,[11],"[""polsko""]",2026-05-26T06:25:22.486278+00:00
CZ:oneplay,CZ,oneplay,oneplay,500,200,1779720000,1779723000,[4],"[""oneplay""]",2026-05-26T06:25:22.486278+00:00
CZ:steen,CZ,steen,steen,200,1000,1779727200,1779731400,[11],"[""steen""]",2026-05-26T06:25:22.486278+00:00
CZ:jaroslav chmelar,CZ,jaroslav chmelař,jaroslav chmelar,200,1000,1779720600,1779725400,[17],"[""jaroslav chmelař""]",2026-05-26T06:25:22.486278+00:00
CZ:silnicni dopravni nehoda,CZ,silniční dopravní nehoda,silnicni dopravni nehoda,200,1000,1779719400,1779727200,[11],"[""silniční dopravní nehoda""]",2026-05-26T06:25:22.486278+00:00
CZ:livesport,CZ,livesport,livesport,500,100,1779726600,1779729000,[17],"[""livesport""]",2026-05-26T06:25:22.486278+00:00
CZ:ct sport hokej,CZ,ct sport hokej,ct sport hokej,200,1000,1779718800,1779723000,[17],"[""ct sport hokej""]",2026-05-26T06:25:22.486278+00:00
CZ:ilarion,CZ,ilarion,ilarion,100,600,1779728400,1779732000,[11],"[""ilarion""]",2026-05-26T06:25:22.486278+00:00
CZ:radoslav kovac,CZ,radoslav kováč,radoslav kovac,100,1000,1779729600,1779731400,[17],"[""radoslav kováč""]",2026-05-26T06:25:22.486278+00:00
CZ:albanie,CZ,albánie,albanie,100,900,1779725400,1779727200,[19],"[""albánie""]",2026-05-26T06:25:22.486278+00:00
CZ:karel rehka,CZ,karel řehka,karel rehka,100,500,1779726600,1779728400,[10],"[""karel řehka""]",2026-05-26T06:25:22.486278+00:00
CZ:sara bejlek,CZ,sára bejlek,sara bejlek,100,900,1779707400,1779709800,[17],"[""sára bejlek""]",2026-05-26T06:25:22.486278+00:00
CZ:jan bendig,CZ,jan bendig,jan bendig,100,800,1779694200,1779695400,[4],"[""jan bendig""]",2026-05-26T06:25:22.486278+00:00
CZ:hokum,CZ,hokum,hokum,100,300,1779694200,1779695400,[4],"[""hokum""]",2026-05-26T06:25:22.486278+00:00
DE:sc paderborn – wolfsburg,DE,sc paderborn – wolfsburg,sc paderborn – wolfsburg,500000,1000,1779730800,,[17],"[""sc paderborn – wolfsburg"", ""vfl wolfsburg"", ""paderborn"", ""sc paderborn"", ""wolfsburg"", ""paderborn wolfsburg rückspiel"", ""wolfsburg vfl"", ""joakim maehle"", ""paderborn gegen wolfsburg"", ""bundesliga relegation"", ""relegation bundesliga"", ""paderborn fußball"", ""christian eriksen"", ""relegation"", ""ralf kettemann"", ""sc paderborn vs. wolfsburg"", ""laurin curda"", ""relegation paderborn wolfsburg"", ""relegation heute"", ""fussball relegation"", ""paderborn sc"", ""relegation 1 liga"", ""dieter hecking"", ""sat1"", ""wo wird teilnehmer: sc paderborn gegen vfl wolfsburg übertragen"", ""sat 1"", ""paderborn vs wolfsburg"", ""wolfsburg relegation"", ""sven michel"", ""relegation live"", ""bundesliga relegation 2026"", ""relegation bundesliga live"", ""eriksen"", ""sc paderborn 07"", ""paderborn spiel"", ""paderborn fc"", ""sat1 live stream"", ""filip bilbija"", ""paderborn stadion"", ""relegation wolfsburg paderborn"", ""paderborn wolfsburg live"", ""fußball relegation"", ""fc paderborn"", ""sat1 livestream"", ""stadion paderborn"", ""relegation bundesliga ergebnisse"", ""wolfsburg paderborn live"", ""relegation heute live"", ""wolfsburg gegen paderborn"", ""paderborn spiel heute"", ""hecking"", ""vfl wolfsburg spiel heute"", ""bilbija"", ""wolfsburg fc"", ""relegation bundesliga heute"", ""relegation bundesliga übertragung"", ""paderborn wolfsburg übertragung"", ""wo läuft relegation heute"", ""trainer paderborn"", ""wolfsburg paderborn hinspiel"", ""sat 1 live stream fußball"", ""ran livestream"", ""paderborn wolfsburg hinspiel"", ""scp07"", ""relegation wolfsburg"", ""scp wolfsburg"", ""relegation live im tv"", ""sc paderborn heute"", ""sat 1 stream"", ""vfl"", ""sat 1 live stream"", ""wolfsburg abstieg"", ""wolfsburg transfermarkt"", ""relegationsspiel"", ""hinspiel paderborn wolfsburg"", ""wolfsburg paderborn rückspiel"", ""sat1 stream"", ""relegation bundesliga 2026"", ""vfl wolfsburg relegation"", ""paderborn aufstieg"", ""wolfsburg vs. sc paderborn"", ""maehle"", ""jonas wind"", ""dženan pejčinović"", ""paderborn bundesliga"", ""trainer wolfsburg"", ""felix zwayer"", ""wolfsburg paderborn ergebnis"", ""paderborn relegation"", ""paderborn wolfsburg livestream"", ""fußball paderborn heute live"", ""michel paderborn"", ""paderborn trainer"", ""sc paderborn stadion"", ""relegation stream"", ""paderborn transfermarkt"", ""eriksen christian"", ""paderborn wolfsburg liveticker"", ""wolfsburg spiel"", ""eriksen wolfsburg"", ""wolfsburg kader"", ""relegation tv"", ""paderborn 07 – wolfsburg"", ""wolfsburg fußball"", ""transfermarkt wolfsburg"", ""kettemann"", ""wolfsburg trainer"", ""wann war paderborn in der bundesliga"", ""trainer sc paderborn"", ""patrick wimmer"", ""paderborn 1. liga"", ""scp paderborn"", ""relegation bundesliga live-ticker"", ""relegation bundesliga hinspiel"", ""curda"", ""relegation bundesliga ticker"", ""vfl wolfsburg transfermarkt"", ""vfl wolfsburg paderborn"", ""sat.1"", ""bundesliga relegation live"", ""paderborn wolfsburg heute"", ""fußball relegation heute"", ""relegation heute live tv""]",2026-05-26T06:26:07.781668+00:00
DE:fahndung,DE,fahndung,fahndung,50000,1000,1779714000,,[10],"[""fahndung""]",2026-05-26T06:26:07.781668+00:00
DE:hitzewelle,DE,hitzewelle,hitzewelle,20000,1000,1779731400,,[20],"[""hitzewelle""]",2026-05-26T06:26:07.781668+00:00
DE:bundeskriminalamt,DE,bundeskriminalamt,bundeskriminalamt,20000,1000,1779720600,,[10],"[""bundeskriminalamt""]",2026-05-26T06:26:07.781668+00:00
DE:außerirdisches leben,DE,außerirdisches leben,außerirdisches leben,20000,1000,1779703800,,[15],"[""außerirdisches leben""]",2026-05-26T06:26:07.781668+00:00
DE:carmen geiss,DE,carmen geiss,carmen geiss,20000,1000,1779717000,,[4],"[""carmen geiss"", ""davina geiss"", ""carmen geiss op"", ""shania geiss brust op""]",2026-05-26T06:26:07.781668+00:00
DE:strompreis,DE,strompreis,strompreis,10000,1000,1779694800,,[3],"[""strompreis""]",2026-05-26T06:26:07.781668+00:00
DE:ferrari luce,DE,ferrari luce,ferrari luce,10000,1000,1779692400,,[1],"[""ferrari luce"", ""ferrari"", ""luce ferrari""]",2026-05-26T06:26:07.781668+00:00
DE:eishockey-wm,DE,eishockey-wm,eishockey-wm,20000,1000,1779732000,,[17],"[""eishockey-wm"", ""eishockey deutschland großbritannien"", ""eishockey-wm live"", ""eishockey-wm 2026 spielplan"", ""eishockey deutschland heute"", ""deutschland großbritannien"", ""deutschland eishockey wm"", ""eishockey wm heute"", ""wm eishockey"", ""wm eishockey 2026"", ""eishockey heute"", ""eishockey live""]",2026-05-26T06:26:07.781668+00:00
DE:der spiegel,DE,der spiegel,der spiegel,10000,1000,1779731400,,[11],"[""der spiegel"", ""nsdap mitgliederkartei""]",2026-05-26T06:26:07.781668+00:00
DE:ministerprasident von ungarn,DE,ministerpräsident von ungarn,ministerprasident von ungarn,5000,800,1779724800,,[10],"[""ministerpräsident von ungarn""]",2026-05-26T06:26:07.781668+00:00
DE:warnstreik,DE,warnstreik,warnstreik,10000,1000,1779726600,,[11],"[""warnstreik""]",2026-05-26T06:26:07.781668+00:00
DE:elektroauto news,DE,elektroauto news,elektroauto news,10000,1000,1779723600,,"[1, 3]","[""elektroauto news""]",2026-05-26T06:26:07.781668+00:00
DE:iphone 20,DE,iphone 20,iphone 20,10000,1000,1779690600,,[18],"[""iphone 20""]",2026-05-26T06:26:07.781668+00:00
DE:bauer sucht frau,DE,bauer sucht frau,bauer sucht frau,10000,600,1779730800,,[4],"[""bauer sucht frau"", ""bauer sucht frau international 2026""]",2026-05-26T06:26:07.781668+00:00
DE:sandy molling,DE,sandy mölling,sandy molling,5000,600,1779727800,,[4],"[""sandy mölling""]",2026-05-26T06:26:07.781668+00:00
DE:monfils,DE,monfils,monfils,10000,1000,1779733800,,[17],"[""monfils"", ""gael monfils"", ""gaël monfils"", ""hugo gaston"", ""gaston""]",2026-05-26T06:26:07.781668+00:00
DE:benjamin netanjahu,DE,benjamin netanjahu,benjamin netanjahu,2000,1000,1779742800,,[11],"[""benjamin netanjahu""]",2026-05-26T06:26:07.781668+00:00
DE:oberleitung,DE,oberleitung,oberleitung,5000,600,1779736200,,[11],"[""oberleitung"", ""metronom""]",2026-05-26T06:26:07.781668+00:00
DE:gewichtszunahme,DE,gewichtszunahme,gewichtszunahme,2000,700,1779736200,,[7],"[""gewichtszunahme""]",2026-05-26T06:26:07.781668+00:00
DE:notlandung,DE,notlandung,notlandung,2000,1000,1779747000,,[11],"[""notlandung""]",2026-05-26T06:26:07.781668+00:00
DE:stefan mross kinder,DE,stefan mross kinder,stefan mross kinder,5000,500,1779695400,,[4],"[""stefan mross kinder""]",2026-05-26T06:26:07.781668+00:00
DE:myanmar,DE,myanmar,myanmar,5000,1000,1779720000,,[10],"[""myanmar""]",2026-05-26T06:26:07.781668+00:00
DE:bayram 2026,DE,bayram 2026,bayram 2026,10000,100,1779701400,,[8],"[""bayram 2026"", ""kurban bayrami 2026""]",2026-05-26T06:26:07.781668+00:00
DE:dominik jung,DE,dominik jung,dominik jung,2000,1000,1779765600,,[20],"[""dominik jung""]",2026-05-26T06:26:07.781668+00:00
DE:louise mountbatten-windsor,DE,louise mountbatten-windsor,louise mountbatten-windsor,2000,400,1779723600,,[10],"[""louise mountbatten-windsor""]",2026-05-26T06:26:07.781668+00:00
DE:kleid,DE,kleid,kleid,1000,900,1779767400,,[4],"[""kleid""]",2026-05-26T06:26:07.781668+00:00
DE:hogel,DE,högel,hogel,2000,400,1779702600,,[10],"[""högel"", ""högel schleswig holstein""]",2026-05-26T06:26:07.781668+00:00
DE:emma watson,DE,emma watson,emma watson,2000,400,1779732000,,[4],"[""emma watson""]",2026-05-26T06:26:07.781668+00:00
DE:schlangen,DE,schlangen,schlangen,5000,300,1779705000,,[11],"[""schlangen"", ""würgeschlange""]",2026-05-26T06:26:07.781668+00:00
DE:cavaliers – knicks,DE,cavaliers – knicks,cavaliers – knicks,2000,1000,1779754200,,[17],"[""cavaliers – knicks""]",2026-05-26T06:26:07.781668+00:00
DE:italien,DE,italien,italien,5000,400,1779763800,,[17],"[""italien"", ""transfermarkt""]",2026-05-26T06:26:07.781668+00:00
DE:miles davis,DE,miles davis,miles davis,5000,1000,1779735000,,[4],"[""miles davis""]",2026-05-26T06:26:07.781668+00:00
DE:matthias killing,DE,matthias killing,matthias killing,2000,400,1779732600,,[4],"[""matthias killing""]",2026-05-26T06:26:07.781668+00:00
DE:trinkgeld,DE,trinkgeld,trinkgeld,2000,300,1779728400,,[11],"[""trinkgeld""]",2026-05-26T06:26:07.781668+00:00
DE:alphonso davies,DE,alphonso davies,alphonso davies,1000,1000,1779771600,,[17],"[""alphonso davies""]",2026-05-26T06:26:07.781668+00:00
DE:nina warken,DE,nina warken,nina warken,1000,1000,1779770400,,[11],"[""nina warken""]",2026-05-26T06:26:07.781668+00:00
DE:adi hutter,DE,adi hütter,adi hutter,5000,500,1779715200,,[17],"[""adi hütter"", ""markus krösche""]",2026-05-26T06:26:07.781668+00:00
DE:kamp-lintfort,DE,kamp-lintfort,kamp-lintfort,2000,300,1779696600,,[10],"[""kamp-lintfort""]",2026-05-26T06:26:07.781668+00:00
DE:vincent kompany,DE,vincent kompany,vincent kompany,2000,1000,1779744000,,[17],"[""vincent kompany""]",2026-05-26T06:26:07.781668+00:00
DE:zheng qinwen,DE,zheng qinwen,zheng qinwen,2000,400,1779705000,,[17],"[""zheng qinwen""]",2026-05-26T06:26:07.781668+00:00
DE:kindergeld,DE,kindergeld,kindergeld,1000,300,1779742200,,[10],"[""kindergeld""]",2026-05-26T06:26:07.781668+00:00
DE:enzyklika,DE,enzyklika,enzyklika,2000,300,1779699600,,[11],"[""enzyklika"", ""magnifica humanitas"", ""papst leo""]",2026-05-26T06:26:07.781668+00:00
DE:deutschlandticket,DE,deutschlandticket,deutschlandticket,500,200,1779774600,,[10],"[""deutschlandticket""]",2026-05-26T06:26:07.781668+00:00
DE:nubel wechsel,DE,nübel wechsel,nubel wechsel,2000,600,1779772800,,[17],"[""nübel wechsel"", ""dennis seimen"", ""seimen""]",2026-05-26T06:26:07.781668+00:00
DE:a29,DE,a29,a29,1000,200,1779727200,,[10],"[""a29""]",2026-05-26T06:26:07.781668+00:00
DE:mutterrente,DE,mütterrente,mutterrente,50000,1000,1779694200,1779734400,[3],"[""mütterrente""]",2026-05-26T06:26:07.781668+00:00
DE:krieg,DE,krieg,krieg,20000,1000,1779718800,1779775800,"[14, 10]","[""krieg""]",2026-05-26T06:26:07.781668+00:00
DE:griechenland,DE,griechenland,griechenland,1000,300,1779747000,,[19],"[""griechenland""]",2026-05-26T06:26:07.781668+00:00
DE:1860 munchen,DE,1860 münchen,1860 munchen,1000,700,1779766200,,[17],"[""1860 münchen"", ""1860""]",2026-05-26T06:26:07.781668+00:00
DE:tedros adhanom ghebreyesus,DE,tedros adhanom ghebreyesus,tedros adhanom ghebreyesus,1000,200,1779741000,,"[7, 10]","[""tedros adhanom ghebreyesus""]",2026-05-26T06:26:07.781668+00:00
DE:kurban bayramı ne zaman,DE,kurban bayramı ne zaman,kurban bayramı ne zaman,2000,100,1779698400,,"[20, 8]","[""kurban bayramı ne zaman""]",2026-05-26T06:26:07.781668+00:00
DE:sonny rollins,DE,sonny rollins,sonny rollins,200,500,1779771600,,[4],"[""sonny rollins""]",2026-05-26T06:26:07.781668+00:00
DE:loteria,DE,loteria,loteria,1000,300,1779732000,,[11],"[""loteria""]",2026-05-26T06:26:07.781668+00:00
DE:ludovit reis,DE,ludovit reis,ludovit reis,1000,300,1779736200,,[17],"[""ludovit reis""]",2026-05-26T06:26:07.781668+00:00
DE:nadine dehmel,DE,nadine dehmel,nadine dehmel,1000,200,1779739800,,[4],"[""nadine dehmel"", ""nadine hofmann""]",2026-05-26T06:26:07.781668+00:00
DE:pfingstferien,DE,pfingstferien,pfingstferien,500,100,1779767400,,[11],"[""pfingstferien""]",2026-05-26T06:26:07.781668+00:00
DE:see,DE,see,see,10000,1000,1779698400,1779775800,[11],"[""see"", ""marienhafe""]",2026-05-26T06:26:07.781668+00:00
DE:kiew,DE,kiew,kiew,1000,300,1779740400,,[11],"[""kiew""]",2026-05-26T06:26:07.781668+00:00
DE:new york knicks,DE,new york knicks,new york knicks,1000,200,1779768000,,[17],"[""new york knicks"", ""knicks"", ""cavaliers vs knicks""]",2026-05-26T06:26:07.781668+00:00
DE:canadiens – hurricanes,DE,canadiens – hurricanes,canadiens – hurricanes,500,500,1779763200,,[17],"[""canadiens – hurricanes""]",2026-05-26T06:26:07.781668+00:00
DE:sat1 live,DE,sat1 live,sat1 live,20000,1000,1779731400,1779747000,[17],"[""sat1 live"", ""sat 1 livestream"", ""ran"", ""ran live"", ""relegationsspiele bundesliga"", ""relegationsspiel heute"", ""relegation livestream"", ""ran.de""]",2026-05-26T06:26:07.781668+00:00
DE:grischa promel,DE,grischa prömel,grischa promel,20000,1000,1779697200,1779774000,[17],"[""grischa prömel"", ""vfb stuttgart news"", ""vfb"", ""marius funk"", ""tsg 1899 hoffenheim""]",2026-05-26T06:26:07.781668+00:00
DE:christian kinsombi,DE,christian kinsombi,christian kinsombi,1000,200,1779718200,,[17],"[""christian kinsombi""]",2026-05-26T06:26:07.781668+00:00
DE:sommerferien 2026,DE,sommerferien 2026,sommerferien 2026,2000,50,1779713400,,"[18, 4]","[""sommerferien 2026""]",2026-05-26T06:26:07.781668+00:00
DE:pfingstferien 2026,DE,pfingstferien 2026,pfingstferien 2026,1000,100,1779731400,,[11],"[""pfingstferien 2026""]",2026-05-26T06:26:07.781668+00:00
DE:felix klare,DE,felix klare,felix klare,1000,300,1779733800,,[4],"[""felix klare""]",2026-05-26T06:26:07.781668+00:00
DE:valtteri bottas,DE,valtteri bottas,valtteri bottas,10000,1000,1779700800,1779775200,[17],"[""valtteri bottas""]",2026-05-26T06:26:07.781668+00:00
DE:lavinia wollny messerangriff,DE,lavinia wollny messerangriff,lavinia wollny messerangriff,2000,100,1779737400,,[11],"[""lavinia wollny messerangriff"", ""lavinia wollny"", ""wollny"", ""die wollnys""]",2026-05-26T06:26:07.781668+00:00
DE:vfb-news,DE,vfb-news,vfb-news,10000,1000,1779693600,1779772800,[17],"[""vfb-news"", ""bilal el khannouss""]",2026-05-26T06:26:07.781668+00:00
DE:jason statham,DE,jason statham,jason statham,5000,600,1779704400,1779774600,[4],"[""jason statham""]",2026-05-26T06:26:07.781668+00:00
DE:bayram 2026 kurban,DE,bayram 2026 kurban,bayram 2026 kurban,1000,100,1779769800,,[8],"[""bayram 2026 kurban"", ""kurban bayramı 2026"", ""kurban bayrami"", ""arefe günü 2026""]",2026-05-26T06:26:07.781668+00:00
DE:sat 1 live,DE,sat 1 live,sat 1 live,20000,1000,1779732000,1779747000,[17],"[""sat 1 live"", ""relegation übertragung"", ""relegation hinspiel""]",2026-05-26T06:26:07.781668+00:00
DE:волна похолодания,DE,волна похолодания,волна похолодания,10000,1000,1779699600,1779775800,[20],"[""волна похолодания""]",2026-05-26T06:26:07.781668+00:00
DE:kylie minogue,DE,kylie minogue,kylie minogue,500,300,1779766800,,[4],"[""kylie minogue""]",2026-05-26T06:26:07.781668+00:00
DE:usa iran,DE,usa iran,usa iran,200,75,1779768000,,[10],"[""usa iran""]",2026-05-26T06:26:07.781668+00:00
DE:george hotz,DE,george hotz,george hotz,200,200,1779771000,,[18],"[""george hotz""]",2026-05-26T06:26:07.781668+00:00
DE:kalenderwoche,DE,kalenderwoche,kalenderwoche,200,200,1779774000,,"[10, 1]","[""kalenderwoche""]",2026-05-26T06:26:07.781668+00:00
DE:fußball regionalliga,DE,fußball regionalliga,fußball regionalliga,10000,1000,1779697800,1779744600,[17],"[""fußball regionalliga"", ""oberliga westfalen"", ""fußball-regionalliga""]",2026-05-26T06:26:07.781668+00:00
DE:leogang,DE,leogang,leogang,100,300,1779772800,,[17],"[""leogang""]",2026-05-26T06:26:07.781668+00:00
DE:joyn,DE,joyn,joyn,20000,300,1779732600,1779746400,[4],"[""joyn""]",2026-05-26T06:26:07.781668+00:00
DE:american music awards 2026,DE,american music awards 2026,american music awards 2026,200,200,1779754200,,[4],"[""american music awards 2026""]",2026-05-26T06:26:07.781668+00:00
DE:borse,DE,börse,borse,10000,400,1779708000,1779775200,[3],"[""börse"", ""dax""]",2026-05-26T06:26:07.781668+00:00
DE:relegation 3 liga,DE,relegation 3 liga,relegation 3 liga,2000,300,1779735600,1779776400,[17],"[""relegation 3 liga""]",2026-05-26T06:26:07.781668+00:00
DE:sap,DE,sap,sap,500,400,1779745800,,"[18, 3]","[""sap""]",2026-05-26T06:26:07.781668+00:00
DE:tatmadaw,DE,tatmadaw,tatmadaw,10000,1000,1779705600,1779747600,[10],"[""tatmadaw""]",2026-05-26T06:26:07.781668+00:00
DE:h&m,DE,h&m,h&m,10000,50,1779727800,1779760800,[11],"[""h&m""]",2026-05-26T06:26:07.781668+00:00
DE:a7,DE,a7,a7,5000,1000,1779724200,1779769200,[11],"[""a7""]",2026-05-26T06:26:07.781668+00:00
DE:naughty dog,DE,naughty dog,naughty dog,200,200,1779772200,,"[6, 18]","[""naughty dog""]",2026-05-26T06:26:07.781668+00:00
DE:oliver baumann,DE,oliver baumann,oliver baumann,10000,1000,1779715200,1779742800,[17],"[""oliver baumann""]",2026-05-26T06:26:07.781668+00:00
DE:tim kleindienst,DE,tim kleindienst,tim kleindienst,5000,400,1779702600,1779772800,[17],"[""tim kleindienst""]",2026-05-26T06:26:07.781668+00:00
DE:anna-carina woitschack,DE,anna-carina woitschack,anna-carina woitschack,10000,1000,1779706800,1779735600,[4],"[""anna-carina woitschack""]",2026-05-26T06:26:07.781668+00:00
DE:eva lys,DE,eva lys,eva lys,10000,1000,1779708000,1779775800,[17],"[""eva lys"", ""tatjana maria"", ""marcinko"", ""petra marcinko"", ""marcinko tennis""]",2026-05-26T06:26:07.781668+00:00
DE:torben blech verletzung,DE,torben blech verletzung,torben blech verletzung,5000,600,1779720600,1779774600,[17],"[""torben blech verletzung"", ""torben blech""]",2026-05-26T06:26:07.781668+00:00
DE:tatort vergebung,DE,tatort vergebung,tatort vergebung,10000,1000,1779721200,1779748800,[4],"[""tatort vergebung"", ""tatort heute"", ""tatort"", ""vergebung tatort""]",2026-05-26T06:26:07.781668+00:00
DE:eid al adha 2026,DE,eid al adha 2026,eid al adha 2026,100,100,1779774000,,[8],"[""eid al adha 2026""]",2026-05-26T06:26:07.781668+00:00
DE:bts,DE,bts,bts,100,100,1779775200,,[4],"[""bts""]",2026-05-26T06:26:07.781668+00:00
DE:ferien 2026,DE,ferien 2026,ferien 2026,100,100,1779774600,,[19],"[""ferien 2026""]",2026-05-26T06:26:07.781668+00:00
DE:nate jacobs,DE,nate jacobs,nate jacobs,1000,200,1779738000,1779773400,[4],"[""nate jacobs"", ""jacob elordi""]",2026-05-26T06:26:07.781668+00:00
DE:stromausfall,DE,stromausfall,stromausfall,5000,900,1779700200,1779751200,[11],"[""stromausfall""]",2026-05-26T06:26:07.781668+00:00
DE:bayram,DE,bayram,bayram,100,100,1779775200,,[11],"[""bayram""]",2026-05-26T06:26:07.781668+00:00
DE:putin,DE,putin,putin,5000,300,1779711600,1779772200,"[10, 14]","[""putin""]",2026-05-26T06:26:07.781668+00:00
DE:wm kader spanien 2026,DE,wm kader spanien 2026,wm kader spanien 2026,5000,800,1779716400,1779744600,[17],"[""wm kader spanien 2026"", ""spanien wm kader""]",2026-05-26T06:26:07.781668+00:00
DE:zyczenia na dzien matki,DE,zyczenia na dzien matki,zyczenia na dzien matki,100,100,1779775800,,"[8, 16]","[""zyczenia na dzien matki""]",2026-05-26T06:26:07.781668+00:00
DE:s bahn munchen,DE,s bahn münchen,s bahn munchen,100,200,1779774600,,"[19, 3]","[""s bahn münchen""]",2026-05-26T06:26:07.781668+00:00
DE:thomas gottschalk,DE,thomas gottschalk,thomas gottschalk,5000,1000,1779714000,1779733800,[4],"[""thomas gottschalk""]",2026-05-26T06:26:07.781668+00:00
DE:lisa marie presley,DE,lisa marie presley,lisa marie presley,2000,1000,1779742800,1779760200,[4],"[""lisa marie presley""]",2026-05-26T06:26:07.781668+00:00
DE:stan wawrinka,DE,stan wawrinka,stan wawrinka,5000,900,1779708000,1779736800,[17],"[""stan wawrinka"", ""wawrinka"", ""jesper de jong"", ""de jong tennis""]",2026-05-26T06:26:07.781668+00:00
DE:ella seidel,DE,ella seidel,ella seidel,5000,1000,1779714000,1779736800,[17],"[""ella seidel"", ""ostapenko"", ""seidel tennis""]",2026-05-26T06:26:07.781668+00:00
DE:edeka,DE,edeka,edeka,500,100,1779771000,1779774600,[11],"[""edeka""]",2026-05-26T06:26:07.781668+00:00
DE:trikot,DE,trikot,trikot,2000,500,1779717000,1779746400,[17],"[""trikot""]",2026-05-26T06:26:07.781668+00:00
DE:1 fc magdeburg,DE,1 fc magdeburg,1 fc magdeburg,2000,600,1779693600,1779732000,[17],"[""1 fc magdeburg""]",2026-05-26T06:26:07.781668+00:00
DE:radio hochstift,DE,radio hochstift,radio hochstift,1000,100,1779745200,,"[17, 8]","[""radio hochstift"", ""scp heute"", ""sven michel paderborn"", ""aufstiegsfeier paderborn""]",2026-05-26T06:26:07.781668+00:00
DE:andrea berg,DE,andrea berg,andrea berg,2000,400,1779716400,1779745200,[4],"[""andrea berg""]",2026-05-26T06:26:07.781668+00:00
DE:ac mailand,DE,ac mailand,ac mailand,2000,500,1779728400,1779772200,[17],"[""ac mailand""]",2026-05-26T06:26:07.781668+00:00
DE:elterngeld,DE,elterngeld,elterngeld,200,100,1779769800,1779774600,[10],"[""elterngeld""]",2026-05-26T06:26:07.781668+00:00
DE:scp,DE,scp,scp,1000,300,1779735000,1779774600,[17],"[""scp""]",2026-05-26T06:26:07.781668+00:00
DE:abdou diallo,DE,abdou diallo,abdou diallo,1000,400,1779727800,1779772200,[17],"[""abdou diallo""]",2026-05-26T06:26:07.781668+00:00
DE:trinken,DE,trinken,trinken,2000,500,1779720000,1779745200,[11],"[""trinken""]",2026-05-26T06:26:07.781668+00:00
DE:gaston tennis,DE,gaston tennis,gaston tennis,2000,800,1779734400,1779749400,"[17, 4]","[""gaston tennis""]",2026-05-26T06:26:07.781668+00:00
DE:konigin von danemark,DE,königin von dänemark,konigin von danemark,500,200,1779737400,1779776400,[10],"[""königin von dänemark""]",2026-05-26T06:26:07.781668+00:00
DE:nato,DE,nato,nato,5000,1000,1779709800,1779719400,"[10, 14]","[""nato""]",2026-05-26T06:26:07.781668+00:00
DE:austin butler,DE,austin butler,austin butler,1000,900,1779740400,1779752400,[4],"[""austin butler""]",2026-05-26T06:26:07.781668+00:00
DE:jonas vingegaard,DE,jonas vingegaard,jonas vingegaard,1000,300,1779724800,1779772800,"[17, 8]","[""jonas vingegaard""]",2026-05-26T06:26:07.781668+00:00
DE:ndr,DE,ndr,ndr,200,50,1779769200,1779774000,[4],"[""ndr""]",2026-05-26T06:26:07.781668+00:00
DE:دعاء يوم عرفة,DE,دعاء يوم عرفة,دعاء يوم عرفة,200,100,1779757800,1779772200,[11],"[""دعاء يوم عرفة""]",2026-05-26T06:26:07.781668+00:00
DE:oberliga baden-wurttemberg,DE,oberliga baden-württemberg,oberliga baden-wurttemberg,2000,400,1779723600,1779740400,[17],"[""oberliga baden-württemberg"", ""oberliga - baden-württemberg""]",2026-05-26T06:26:07.781668+00:00
DE:julia brendler,DE,julia brendler,julia brendler,1000,500,1779733200,1779747600,[4],"[""julia brendler""]",2026-05-26T06:26:07.781668+00:00
DE:bauer sucht frau kandidaten 2026,DE,bauer sucht frau kandidaten 2026,bauer sucht frau kandidaten 2026,2000,400,1779729600,1779744000,[4],"[""bauer sucht frau kandidaten 2026"", ""inka bause"", ""sarah kern"", ""tobias bauer sucht frau"", ""bauer sucht frau tobias"", ""tobias pankow""]",2026-05-26T06:26:07.781668+00:00
DE:rapid bucuresti - universitatea craiova,DE,rapid bucureşti - universitatea craiova,rapid bucuresti - universitatea craiova,2000,600,1779727200,1779741000,[17],"[""rapid bucureşti - universitatea craiova""]",2026-05-26T06:26:07.781668+00:00
DE:joyn live,DE,joyn live,joyn live,1000,500,1779733200,1779746400,[17],"[""joyn live"", ""eishockey wm spielplan""]",2026-05-26T06:26:07.781668+00:00
DE:kryptowahrung,DE,kryptowährung,kryptowahrung,1000,300,1779729000,1779773400,[3],"[""kryptowährung""]",2026-05-26T06:26:07.781668+00:00
DE:felipe chavez,DE,felipe chávez,felipe chavez,2000,300,1779693600,1779733800,[17],"[""felipe chávez""]",2026-05-26T06:26:07.781668+00:00
DE:hund,DE,hund,hund,5000,500,1779701400,1779709800,[11],"[""hund""]",2026-05-26T06:26:07.781668+00:00
DE:krankenkasse,DE,krankenkasse,krankenkasse,2000,1000,1779711000,1779723600,[10],"[""krankenkasse""]",2026-05-26T06:26:07.781668+00:00
DE:sachsen-anhalt,DE,sachsen-anhalt,sachsen-anhalt,2000,400,1779714000,1779733800,[3],"[""sachsen-anhalt""]",2026-05-26T06:26:07.781668+00:00
DE:sat 1 programm,DE,sat 1 programm,sat 1 programm,1000,400,1779726000,1779741000,[4],"[""sat 1 programm"", ""sat1 programm""]",2026-05-26T06:26:07.781668+00:00
DE:lvz,DE,lvz,lvz,100,100,1779772200,1779775200,[4],"[""lvz""]",2026-05-26T06:26:07.781668+00:00
DE:ladies first film,DE,ladies first film,ladies first film,1000,200,1779733200,1779745200,[4],"[""ladies first film""]",2026-05-26T06:26:07.781668+00:00
DE:anthony gordon,DE,anthony gordon,anthony gordon,2000,1000,1779726000,1779734400,[17],"[""anthony gordon""]",2026-05-26T06:26:07.781668+00:00
DE:erik majetschak,DE,erik majetschak,erik majetschak,100,200,1779771600,1779775200,[17],"[""erik majetschak""]",2026-05-26T06:26:07.781668+00:00
DE:wer wird millionar?,DE,wer wird millionär?,wer wird millionar?,1000,200,1779696000,1779723000,[4],"[""wer wird millionär?"", ""wer wird millionär gestern""]",2026-05-26T06:26:07.781668+00:00
DE:bastian strietzel,DE,bastian strietzel,bastian strietzel,1000,300,1779705600,1779733200,[17],"[""bastian strietzel""]",2026-05-26T06:26:07.781668+00:00
DE:anthropic,DE,anthropic,anthropic,1000,300,1779730200,1779748200,[3],"[""anthropic""]",2026-05-26T06:26:07.781668+00:00
DE:cathie wood,DE,cathie wood,cathie wood,200,200,1779768600,1779772200,[3],"[""cathie wood""]",2026-05-26T06:26:07.781668+00:00
DE:kampf der realitystars 2026 sendetermine,DE,kampf der realitystars 2026 sendetermine,kampf der realitystars 2026 sendetermine,1000,200,1779729000,1779748800,[4],"[""kampf der realitystars 2026 sendetermine""]",2026-05-26T06:26:07.781668+00:00
DE:sievers und die funf fragezeichen,DE,sievers und die fünf fragezeichen,sievers und die funf fragezeichen,1000,500,1779732600,1779741600,[4],"[""sievers und die fünf fragezeichen"", ""peter heinrich brix""]",2026-05-26T06:26:07.781668+00:00
DE:victoria von schweden,DE,victoria von schweden,victoria von schweden,1000,300,1779702600,1779724200,"[10, 4]","[""victoria von schweden""]",2026-05-26T06:26:07.781668+00:00
DE:clemens tonnies,DE,clemens tönnies,clemens tonnies,200,200,1779739200,1779772800,[11],"[""clemens tönnies""]",2026-05-26T06:26:07.781668+00:00
DE:d-wave systems,DE,d-wave systems,d-wave systems,500,200,1779723600,1779776400,[3],"[""d-wave systems""]",2026-05-26T06:26:07.781668+00:00
DE:oltanker,DE,öltanker,oltanker,1000,400,1779699000,1779718200,[11],"[""öltanker""]",2026-05-26T06:26:07.781668+00:00
DE:jelena ostapenko,DE,jeļena ostapenko,jelena ostapenko,1000,500,1779725400,1779735600,[17],"[""jeļena ostapenko""]",2026-05-26T06:26:07.781668+00:00
DE:harz,DE,harz,harz,500,100,1779733800,1779776400,[15],"[""harz""]",2026-05-26T06:26:07.781668+00:00
DE:united states navy,DE,united states navy,united states navy,1000,200,1779699600,1779721800,[10],"[""united states navy""]",2026-05-26T06:26:07.781668+00:00
DE:daseinsvorsorge,DE,daseinsvorsorge,daseinsvorsorge,1000,200,1779717000,1779732600,[11],"[""daseinsvorsorge""]",2026-05-26T06:26:07.781668+00:00
DE:matthias opdenhovel,DE,matthias opdenhövel,matthias opdenhovel,500,300,1779740400,1779748200,[4],"[""matthias opdenhövel"", ""opdenhövel""]",2026-05-26T06:26:07.781668+00:00
DE:fc bayern transfer news,DE,fc bayern transfer news,fc bayern transfer news,2000,800,1779701400,1779711600,[17],"[""fc bayern transfer news""]",2026-05-26T06:26:07.781668+00:00
DE:magdalena neuner,DE,magdalena neuner,magdalena neuner,1000,800,1779730800,1779737400,[4],"[""magdalena neuner""]",2026-05-26T06:26:07.781668+00:00
DE:gartenarbeit,DE,gartenarbeit,gartenarbeit,1000,200,1779712800,1779731400,[8],"[""gartenarbeit""]",2026-05-26T06:26:07.781668+00:00
DE:schwabische zeitung,DE,schwäbische zeitung,schwabische zeitung,200,100,1779729000,1779775200,[14],"[""schwäbische zeitung""]",2026-05-26T06:26:07.781668+00:00
DE:cessna gleitschirm,DE,cessna gleitschirm,cessna gleitschirm,1000,200,1779699600,1779732000,[11],"[""cessna gleitschirm""]",2026-05-26T06:26:07.781668+00:00
DE:munchner merkur,DE,münchner merkur,munchner merkur,100,50,1779772200,1779774600,[10],"[""münchner merkur""]",2026-05-26T06:26:07.781668+00:00
DE:mdax,DE,mdax,mdax,500,500,1779736200,1779743400,[3],"[""mdax""]",2026-05-26T06:26:07.781668+00:00
DE:magnus carlsen,DE,magnus carlsen,magnus carlsen,500,200,1779725400,1779772800,[6],"[""magnus carlsen""]",2026-05-26T06:26:07.781668+00:00
DE:sg wattenscheid 09,DE,sg wattenscheid 09,sg wattenscheid 09,1000,300,1779724200,1779735600,[17],"[""sg wattenscheid 09"", ""wattenscheid 09""]",2026-05-26T06:26:07.781668+00:00
DE:enhanced,DE,enhanced,enhanced,500,300,1779732600,1779775800,[17],"[""enhanced""]",2026-05-26T06:26:07.781668+00:00
DE:tanker,DE,tanker,tanker,1000,500,1779706800,1779720000,[10],"[""tanker""]",2026-05-26T06:26:07.781668+00:00
DE:badische zeitung,DE,badische zeitung,badische zeitung,200,50,1779770400,1779772800,[11],"[""badische zeitung""]",2026-05-26T06:26:07.781668+00:00
DE:zugspitze unfall,DE,zugspitze unfall,zugspitze unfall,500,100,1779735000,1779772200,[11],"[""zugspitze unfall""]",2026-05-26T06:26:07.781668+00:00
DE:ruhestand,DE,ruhestand,ruhestand,500,100,1779716400,1779735000,[3],"[""ruhestand""]",2026-05-26T06:26:07.781668+00:00
DE:bz,DE,bz,bz,200,50,1779753000,1779770400,[4],"[""bz""]",2026-05-26T06:26:07.781668+00:00
DE:steffen baumgart,DE,steffen baumgart,steffen baumgart,500,500,1779735000,1779743400,[17],"[""steffen baumgart""]",2026-05-26T06:26:07.781668+00:00
DE:borussia monchengladbach news,DE,borussia mönchengladbach news,borussia monchengladbach news,1000,200,1779724800,1779732600,[17],"[""borussia mönchengladbach news""]",2026-05-26T06:26:07.781668+00:00
DE:osterwieck,DE,osterwieck,osterwieck,1000,1000,1779725400,1779731400,"[17, 8]","[""osterwieck""]",2026-05-26T06:26:07.781668+00:00
DE:christopher olah,DE,christopher olah,christopher olah,500,500,1779732000,1779748200,[11],"[""christopher olah""]",2026-05-26T06:26:07.781668+00:00
DE:thanasi kokkinakis,DE,thanasi kokkinakis,thanasi kokkinakis,2000,300,1779722400,1779728400,[17],"[""thanasi kokkinakis"", ""kokkinakis"", ""térence atmane"", ""atmane""]",2026-05-26T06:26:07.781668+00:00
DE:florian silbereisen,DE,florian silbereisen,florian silbereisen,500,400,1779738600,1779745800,[4],"[""florian silbereisen""]",2026-05-26T06:26:07.781668+00:00
DE:oberberg aktuell,DE,oberberg aktuell,oberberg aktuell,200,100,1779736800,1779774600,[10],"[""oberberg aktuell""]",2026-05-26T06:26:07.781668+00:00
DE:bvg,DE,bvg,bvg,200,50,1779768000,1779771600,"[3, 10]","[""bvg""]",2026-05-26T06:26:07.781668+00:00
DE:handelstag,DE,handelstag,handelstag,1000,300,1779694200,1779709800,[3],"[""handelstag""]",2026-05-26T06:26:07.781668+00:00
DE:yastremska,DE,yastremska,yastremska,2000,700,1779701400,1779709200,[17],"[""yastremska"", ""jasmine paolini"", ""jelena rybakina"", ""emerson jones""]",2026-05-26T06:26:07.781668+00:00
DE:rapid wien – ried,DE,rapid wien – ried,rapid wien – ried,500,300,1779720600,1779730800,[17],"[""rapid wien – ried""]",2026-05-26T06:26:07.781668+00:00
DE:marvin pieringer,DE,marvin pieringer,marvin pieringer,500,300,1779707400,1779720000,[17],"[""marvin pieringer""]",2026-05-26T06:26:07.781668+00:00
DE:axel schulz,DE,axel schulz,axel schulz,500,600,1779720600,1779728400,"[17, 7]","[""axel schulz""]",2026-05-26T06:26:07.781668+00:00
DE:iga swiatek,DE,iga świątek,iga swiatek,2000,1000,1779705600,1779711000,"[17, 4]","[""iga świątek""]",2026-05-26T06:26:07.781668+00:00
DE:tv programm jetzt,DE,tv programm jetzt,tv programm jetzt,1000,100,1779732600,1779736800,[11],"[""tv programm jetzt""]",2026-05-26T06:26:07.781668+00:00
DE:inka schneider,DE,inka schneider,inka schneider,1000,500,1779727800,1779732600,[4],"[""inka schneider"", ""zora klipp"", ""das kochstudio""]",2026-05-26T06:26:07.781668+00:00
DE:amas,DE,amas,amas,200,100,1779756000,1779772800,[4],"[""amas""]",2026-05-26T06:26:07.781668+00:00
DE:bayern trikot,DE,bayern trikot,bayern trikot,500,300,1779724200,1779732600,[17],"[""bayern trikot""]",2026-05-26T06:26:07.781668+00:00
DE:amoura,DE,amoura,amoura,500,900,1779741600,1779746400,[17],"[""amoura""]",2026-05-26T06:26:07.781668+00:00
DE:special olympics,DE,special olympics,special olympics,500,1000,1779742200,1779746400,[17],"[""special olympics""]",2026-05-26T06:26:07.781668+00:00
DE:matthew mcconaughey,DE,matthew mcconaughey,matthew mcconaughey,500,200,1779733800,1779742800,[4],"[""matthew mcconaughey""]",2026-05-26T06:26:07.781668+00:00
DE:edin dzeko,DE,edin džeko,edin dzeko,500,400,1779722400,1779729600,[17],"[""edin džeko""]",2026-05-26T06:26:07.781668+00:00
DE:algarve,DE,algarve,algarve,1000,500,1779706200,1779714600,[11],"[""algarve""]",2026-05-26T06:26:07.781668+00:00
DE:aruba,DE,aruba,aruba,500,200,1779705600,1779739200,[19],"[""aruba""]",2026-05-26T06:26:07.781668+00:00
DE:zoe kravitz,DE,zoe kravitz,zoe kravitz,500,100,1779711600,1779723600,[4],"[""zoe kravitz""]",2026-05-26T06:26:07.781668+00:00
DE:taz,DE,taz,taz,1000,400,1779713400,1779719400,[11],"[""taz""]",2026-05-26T06:26:07.781668+00:00
DE:nikkei 225,DE,nikkei 225,nikkei 225,100,50,1779769800,1779773400,[3],"[""nikkei 225""]",2026-05-26T06:26:07.781668+00:00
DE:sat 1 mediathek,DE,sat 1 mediathek,sat 1 mediathek,500,100,1779734400,1779744000,[4],"[""sat 1 mediathek"", ""sat1 mediathek""]",2026-05-26T06:26:07.781668+00:00
DE:lily collins,DE,lily collins,lily collins,500,300,1779708600,1779718200,[4],"[""lily collins""]",2026-05-26T06:26:07.781668+00:00
DE:oliver wnuk,DE,oliver wnuk,oliver wnuk,500,300,1779735000,1779739800,[4],"[""oliver wnuk""]",2026-05-26T06:26:07.781668+00:00
DE:hg saarlouis,DE,hg saarlouis,hg saarlouis,500,200,1779723600,1779746400,[17],"[""hg saarlouis""]",2026-05-26T06:26:07.781668+00:00
DE:kroatien,DE,kroatien,kroatien,1000,500,1779730800,1779733800,[11],"[""kroatien""]",2026-05-26T06:26:07.781668+00:00
DE:judith rakers,DE,judith rakers,judith rakers,500,500,1779715200,1779721800,"[4, 19]","[""judith rakers""]",2026-05-26T06:26:07.781668+00:00
DE:bild zeitung,DE,bild zeitung,bild zeitung,100,50,1779767400,1779770400,[11],"[""bild zeitung""]",2026-05-26T06:26:07.781668+00:00
DE:zella-mehlis,DE,zella-mehlis,zella-mehlis,500,200,1779715200,1779724200,[10],"[""zella-mehlis""]",2026-05-26T06:26:07.781668+00:00
DE:jack avery,DE,jack avery,jack avery,500,100,1779695400,1779741000,[10],"[""jack avery""]",2026-05-26T06:26:07.781668+00:00
DE:mekka,DE,mekka,mekka,500,500,1779732000,1779736200,[11],"[""mekka""]",2026-05-26T06:26:07.781668+00:00
DE:gefragt – gejagt,DE,gefragt – gejagt,gefragt – gejagt,1000,700,1779700800,1779706800,[4],"[""gefragt – gejagt""]",2026-05-26T06:26:07.781668+00:00
DE:braunschweig,DE,braunschweig,braunschweig,500,200,1779717600,1779724800,[10],"[""braunschweig""]",2026-05-26T06:26:07.781668+00:00
DE:tz,DE,tz,tz,100,50,1779771000,1779772200,[4],"[""tz""]",2026-05-26T06:26:07.781668+00:00
DE:hirschhausen,DE,hirschhausen,hirschhausen,500,300,1779730800,1779735600,[11],"[""hirschhausen""]",2026-05-26T06:26:07.781668+00:00
DE:chicago med,DE,chicago med,chicago med,500,100,1779718200,1779736800,[4],"[""chicago med""]",2026-05-26T06:26:07.781668+00:00
DE:rick and morty,DE,rick and morty,rick and morty,500,400,1779719400,1779724800,[4],"[""rick and morty""]",2026-05-26T06:26:07.781668+00:00
DE:kaaba,DE,kaaba,kaaba,200,300,1779732000,1779746400,[11],"[""kaaba""]",2026-05-26T06:26:07.781668+00:00
DE:db bahn,DE,db bahn,db bahn,100,50,1779766800,1779769200,"[19, 3]","[""db bahn""]",2026-05-26T06:26:07.781668+00:00
DE:paris,DE,paris,paris,500,100,1779729600,1779735000,[20],"[""paris""]",2026-05-26T06:26:07.781668+00:00
DE:mannarino,DE,mannarino,mannarino,500,400,1779721200,1779725400,[17],"[""mannarino"", ""ugo humbert"", ""aleksandar kovacevic""]",2026-05-26T06:26:07.781668+00:00
DE:ludwigshafen am rhein,DE,ludwigshafen am rhein,ludwigshafen am rhein,500,100,1779706200,1779717600,[11],"[""ludwigshafen am rhein""]",2026-05-26T06:26:07.781668+00:00
DE:ben shelton,DE,ben shelton,ben shelton,500,300,1779729000,1779734400,[17],"[""ben shelton""]",2026-05-26T06:26:07.781668+00:00
DE:fahrradunfall,DE,fahrradunfall,fahrradunfall,200,200,1779730800,1779735600,[10],"[""fahrradunfall""]",2026-05-26T06:26:07.781668+00:00
DE:sylt,DE,sylt,sylt,500,100,1779735600,1779739200,[11],"[""sylt""]",2026-05-26T06:26:07.781668+00:00
DE:schwerin,DE,schwerin,schwerin,200,300,1779736200,1779740400,"[9, 7]","[""schwerin""]",2026-05-26T06:26:07.781668+00:00
DE:urs meier,DE,urs meier,urs meier,200,100,1779736800,1779743400,[11],"[""urs meier""]",2026-05-26T06:26:07.781668+00:00
DE:desiree nick,DE,desiree nick,desiree nick,200,500,1779727200,1779731400,[4],"[""desiree nick""]",2026-05-26T06:26:07.781668+00:00
DE:fortuna dusseldorf news,DE,fortuna düsseldorf news,fortuna dusseldorf news,200,200,1779711000,1779718800,[17],"[""fortuna düsseldorf news""]",2026-05-26T06:26:07.781668+00:00
DE:karls erlebnis-dorf,DE,karls erlebnis-dorf,karls erlebnis-dorf,500,300,1779709200,1779715200,"[19, 4]","[""karls erlebnis-dorf""]",2026-05-26T06:26:07.781668+00:00
DE:christian angermayer,DE,christian angermayer,christian angermayer,500,400,1779691800,1779699600,[17],"[""christian angermayer""]",2026-05-26T06:26:07.781668+00:00
DE:rafael jodar,DE,rafael jódar,rafael jodar,200,200,1779710400,1779716400,[17],"[""rafael jódar""]",2026-05-26T06:26:07.781668+00:00
DE:paolini,DE,paolini,paolini,200,300,1779702600,1779709200,"[17, 4]","[""paolini""]",2026-05-26T06:26:07.781668+00:00
DE:pro7 live,DE,pro7 live,pro7 live,200,300,1779733800,1779736800,[17],"[""pro7 live""]",2026-05-26T06:26:07.781668+00:00
DE:brackelmann,DE,brackelmann,brackelmann,200,200,1779738600,1779742200,[17],"[""brackelmann""]",2026-05-26T06:26:07.781668+00:00
DE:fantastic 4,DE,fantastic 4,fantastic 4,500,400,1779695400,1779701400,[4],"[""fantastic 4""]",2026-05-26T06:26:07.781668+00:00
DE:arthur gea,DE,arthur géa,arthur gea,200,200,1779708600,1779715200,[17],"[""arthur géa""]",2026-05-26T06:26:07.781668+00:00
DE:bilbija paderborn,DE,bilbija paderborn,bilbija paderborn,200,200,1779736200,1779739200,[17],"[""bilbija paderborn""]",2026-05-26T06:26:07.781668+00:00
DE:maja chwalinska,DE,maja chwalińska,maja chwalinska,200,200,1779703800,1779709200,[17],"[""maja chwalińska""]",2026-05-26T06:26:07.781668+00:00
DE:tschechien,DE,tschechien,tschechien,200,100,1779703200,1779709200,[11],"[""tschechien""]",2026-05-26T06:26:07.781668+00:00
DE:wurzburger kickers,DE,würzburger kickers,wurzburger kickers,200,400,1779712800,1779717000,[17],"[""würzburger kickers""]",2026-05-26T06:26:07.781668+00:00
DE:chiemsee,DE,chiemsee,chiemsee,500,75,1779717000,1779721800,[11],"[""chiemsee""]",2026-05-26T06:26:07.781668+00:00
DE:sport1,DE,sport1,sport1,100,75,1779766800,1779768000,[17],"[""sport1""]",2026-05-26T06:26:07.781668+00:00
DE:adrian mannarino,DE,adrian mannarino,adrian mannarino,200,400,1779721200,1779724800,[17],"[""adrian mannarino""]",2026-05-26T06:26:07.781668+00:00
DE:susan bandecchi,DE,susan bandecchi,susan bandecchi,200,600,1779707400,1779711600,[17],"[""susan bandecchi""]",2026-05-26T06:26:07.781668+00:00
DE:flavio cobolli,DE,flavio cobolli,flavio cobolli,200,300,1779724200,1779727800,[17],"[""flavio cobolli""]",2026-05-26T06:26:07.781668+00:00
DE:stromausfall riesa,DE,stromausfall riesa,stromausfall riesa,200,300,1779697800,1779703200,"[3, 20]","[""stromausfall riesa""]",2026-05-26T06:26:07.781668+00:00
DE:auslosung,DE,auslosung,auslosung,200,100,1779714000,1779719400,[17],"[""auslosung""]",2026-05-26T06:26:07.781668+00:00
DE:chemietank kalifornien,DE,chemietank kalifornien,chemietank kalifornien,200,200,1779700200,1779706200,[10],"[""chemietank kalifornien""]",2026-05-26T06:26:07.781668+00:00
DE:dro,DE,dro,dro,500,100,1779693600,1779699000,[3],"[""dro""]",2026-05-26T06:26:07.781668+00:00
DE:muhlenfest 2026,DE,mühlenfest 2026,muhlenfest 2026,200,200,1779693000,1779699600,[11],"[""mühlenfest 2026"", ""mühlentag 2026 thüringen""]",2026-05-26T06:26:07.781668+00:00
DE:energy sharing,DE,energy sharing,energy sharing,200,200,1779704400,1779711000,[3],"[""energy sharing""]",2026-05-26T06:26:07.781668+00:00
DE:tasmanien,DE,tasmanien,tasmanien,200,300,1779726000,1779730200,"[3, 10]","[""tasmanien""]",2026-05-26T06:26:07.781668+00:00
DE:notts county,DE,notts county,notts county,200,200,1779724800,1779728400,[17],"[""notts county""]",2026-05-26T06:26:07.781668+00:00
DE:gta 6 release,DE,gta 6 release,gta 6 release,100,100,1779748200,1779750600,[11],"[""gta 6 release""]",2026-05-26T06:26:07.781668+00:00
DE:amelie mauresmo,DE,amelie mauresmo,amelie mauresmo,200,300,1779719400,1779723000,[17],"[""amelie mauresmo""]",2026-05-26T06:26:07.781668+00:00
DE:inga gehricke,DE,inga gehricke,inga gehricke,100,100,1779739800,1779742800,[10],"[""inga gehricke""]",2026-05-26T06:26:07.781668+00:00
DE:rosenheim cops,DE,rosenheim cops,rosenheim cops,200,100,1779720600,1779723600,[4],"[""rosenheim cops""]",2026-05-26T06:26:07.781668+00:00
DE:los angeles,DE,los angeles,los angeles,200,200,1779693000,1779698400,[11],"[""los angeles""]",2026-05-26T06:26:07.781668+00:00
DE:ariana baborie,DE,ariana baborie,ariana baborie,200,300,1779724200,1779726600,[4],"[""ariana baborie""]",2026-05-26T06:26:07.781668+00:00
DE:casper ruud,DE,casper ruud,casper ruud,200,400,1779735000,1779736200,[17],"[""casper ruud""]",2026-05-26T06:26:07.781668+00:00
DE:bodensee,DE,bodensee,bodensee,500,75,1779712800,1779715200,[11],"[""bodensee""]",2026-05-26T06:26:07.781668+00:00
DE:fc sturm hauzenberg,DE,fc sturm hauzenberg,fc sturm hauzenberg,100,100,1779727200,1779730200,[17],"[""fc sturm hauzenberg""]",2026-05-26T06:26:07.781668+00:00
DE:serengeti park,DE,serengeti park,serengeti park,200,100,1779701400,1779704400,[19],"[""serengeti park""]",2026-05-26T06:26:07.781668+00:00
DE:amanda anisimova,DE,amanda anisimova,amanda anisimova,200,200,1779723600,1779726000,[17],"[""amanda anisimova""]",2026-05-26T06:26:07.781668+00:00
DE:tiantsoa sarah rakotomanga rajaonah,DE,tiantsoa sarah rakotomanga rajaonah,tiantsoa sarah rakotomanga rajaonah,100,200,1779722400,1779725400,[17],"[""tiantsoa sarah rakotomanga rajaonah""]",2026-05-26T06:26:07.781668+00:00
DE:schliersee,DE,schliersee,schliersee,200,200,1779706800,1779710400,"[3, 19]","[""schliersee""]",2026-05-26T06:26:07.781668+00:00
DE:bandecchi tennis,DE,bandecchi tennis,bandecchi tennis,200,300,1779708000,1779711000,[17],"[""bandecchi tennis""]",2026-05-26T06:26:07.781668+00:00
DE:rocket league unreal engine 6,DE,rocket league unreal engine 6,rocket league unreal engine 6,200,100,1779691800,1779696600,[6],"[""rocket league unreal engine 6""]",2026-05-26T06:26:07.781668+00:00
DE:qantas airways,DE,qantas airways,qantas airways,100,200,1779708000,1779711600,[3],"[""qantas airways""]",2026-05-26T06:26:07.781668+00:00
DE:hubert hurkacz,DE,hubert hurkacz,hubert hurkacz,200,200,1779718800,1779721200,[17],"[""hubert hurkacz""]",2026-05-26T06:26:07.781668+00:00
DE:dean huijsen,DE,dean huijsen,dean huijsen,100,200,1779711000,1779714000,[17],"[""dean huijsen""]",2026-05-26T06:26:07.781668+00:00
DE:hamburger sv,DE,hamburger sv,hamburger sv,1000,100,1779709800,1779711000,[17],"[""hamburger sv""]",2026-05-26T06:26:07.781668+00:00
DE:muhlentag 2026 sachsen,DE,mühlentag 2026 sachsen,muhlentag 2026 sachsen,200,200,1779692400,1779696600,[11],"[""mühlentag 2026 sachsen"", ""deutscher mühlentag 2026""]",2026-05-26T06:26:07.781668+00:00
DE:vulkanausbruch,DE,vulkanausbruch,vulkanausbruch,200,200,1779698400,1779702000,[15],"[""vulkanausbruch""]",2026-05-26T06:26:07.781668+00:00
DE:bukarest,DE,bukarest,bukarest,100,200,1779744000,1779745200,[6],"[""bukarest""]",2026-05-26T06:26:07.781668+00:00
DE:tonda eckert,DE,tonda eckert,tonda eckert,100,300,1779694200,1779697800,[17],"[""tonda eckert""]",2026-05-26T06:26:07.781668+00:00
DE:carmen geiss hirn op,DE,carmen geiss hirn op,carmen geiss hirn op,200,200,1779735000,1779736200,[4],"[""carmen geiss hirn op""]",2026-05-26T06:26:07.781668+00:00
DE:langwedel,DE,langwedel,langwedel,200,200,1779723600,1779725400,[3],"[""langwedel""]",2026-05-26T06:26:07.781668+00:00
DE:eishockey wm 2027,DE,eishockey wm 2027,eishockey wm 2027,200,100,1779739200,1779740400,[17],"[""eishockey wm 2027""]",2026-05-26T06:26:07.781668+00:00
DE:monaco,DE,monaco,monaco,200,100,1779721200,1779723000,[17],"[""monaco""]",2026-05-26T06:26:07.781668+00:00
DE:e bike,DE,e bike,e bike,200,100,1779710400,1779712800,"[8, 17, 16]","[""e bike""]",2026-05-26T06:26:07.781668+00:00
DE:elise mertens,DE,elise mertens,elise mertens,100,200,1779713400,1779715200,[17],"[""elise mertens""]",2026-05-26T06:26:07.781668+00:00
DE:mclaren racing,DE,mclaren racing,mclaren racing,100,100,1779697200,1779699600,[17],"[""mclaren racing""]",2026-05-26T06:26:07.781668+00:00
DE:nasa,DE,nasa,nasa,100,200,1779694200,1779696600,"[10, 14, 3]","[""nasa""]",2026-05-26T06:26:07.781668+00:00
DE:rasen,DE,rasen,rasen,100,200,1779694800,1779696600,[11],"[""rasen""]",2026-05-26T06:26:07.781668+00:00
DE:f1 ergebnisse,DE,f1 ergebnisse,f1 ergebnisse,100,200,1779691800,1779694200,[17],"[""f1 ergebnisse""]",2026-05-26T06:26:07.781668+00:00
DE:deportivo la coruna,DE,deportivo la coruña,deportivo la coruna,100,200,1779693000,1779694800,[17],"[""deportivo la coruña""]",2026-05-26T06:26:07.781668+00:00
DE:polizist,DE,polizist,polizist,100,200,1779702000,1779703200,[10],"[""polizist""]",2026-05-26T06:26:07.781668+00:00
DE:cuxhaven,DE,cuxhaven,cuxhaven,100,100,1779691800,1779693000,"[4, 8]","[""cuxhaven""]",2026-05-26T06:26:07.781668+00:00
DE:biederitz,DE,biederitz,biederitz,100,100,1779693000,1779694200,[5],"[""biederitz""]",2026-05-26T06:26:07.781668+00:00
DK:per arnoldi,DK,per arnoldi,per arnoldi,5000,1000,1779706800,,[4],"[""per arnoldi""]",2026-05-26T06:26:54.568308+00:00
DK:baltikum,DK,baltikum,baltikum,5000,1000,1779709800,,"[10, 14]","[""baltikum""]",2026-05-26T06:26:54.568308+00:00
DK:ferrari luce,DK,ferrari luce,ferrari luce,2000,1000,1779742800,,[1],"[""ferrari luce""]",2026-05-26T06:26:54.568308+00:00
DK:kasper hjulmand,DK,kasper hjulmand,kasper hjulmand,2000,1000,1779706200,,[17],"[""kasper hjulmand""]",2026-05-26T06:26:54.568308+00:00
DK:dr.dk,DK,dr.dk,dr.dk,2000,300,1779739200,,[11],"[""dr.dk"", ""kurvemagerstien"", ""eksplosion""]",2026-05-26T06:26:54.568308+00:00
DK:konge,DK,konge,konge,500,1000,1779769800,,[4],"[""konge""]",2026-05-26T06:26:54.568308+00:00
DK:pension,DK,pension,pension,500,1000,1779774000,,[3],"[""pension""]",2026-05-26T06:26:54.568308+00:00
DK:wolfsburg,DK,wolfsburg,wolfsburg,5000,800,1779735600,,[17],"[""wolfsburg"", ""paderborn"", ""vfl wolfsburg"", ""paderborn wolfsburg"", ""wolfsburg paderborn"", ""bundesliga""]",2026-05-26T06:26:54.568308+00:00
DK:frederik 10.,DK,frederik 10.,frederik 10.,5000,600,1779745800,,[11],"[""frederik 10."", ""dronning mary"", ""royal run tider"", ""prinsesse josephine"", ""prins vincent"", ""tv2 vejret"", ""randers"", ""royal run københavn 2026 rute"", ""royal run 2026 randers"", ""royal run program""]",2026-05-26T06:26:54.568308+00:00
DK:kaare dybvad,DK,kaare dybvad,kaare dybvad,2000,500,1779765600,,"[14, 10]","[""kaare dybvad"", ""folketinget"", ""dansk folkeparti""]",2026-05-26T06:26:54.568308+00:00
DK:kong frederik fødselsdag,DK,kong frederik fødselsdag,kong frederik fødselsdag,500,600,1779699600,,[8],"[""kong frederik fødselsdag""]",2026-05-26T06:26:54.568308+00:00
DK:kasper dolberg,DK,kasper dolberg,kasper dolberg,500,500,1779738000,,[17],"[""kasper dolberg""]",2026-05-26T06:26:54.568308+00:00
DK:ferrari,DK,ferrari,ferrari,100,400,1779772200,,[1],"[""ferrari""]",2026-05-26T06:26:54.568308+00:00
DK:mikkel kirkeskov,DK,mikkel kirkeskov,mikkel kirkeskov,2000,1000,1779698400,1779775800,[17],"[""mikkel kirkeskov""]",2026-05-26T06:26:54.568308+00:00
DK:christian eriksen,DK,christian eriksen,christian eriksen,500,900,1779744000,1779776400,[17],"[""christian eriksen""]",2026-05-26T06:26:54.568308+00:00
DK:scott mctominay,DK,scott mctominay,scott mctominay,500,500,1779738600,1779776400,[17],"[""scott mctominay""]",2026-05-26T06:26:54.568308+00:00
DK:jacob neestrup,DK,jacob neestrup,jacob neestrup,200,200,1779765000,1779776400,[17],"[""jacob neestrup""]",2026-05-26T06:26:54.568308+00:00
DK:1 division,DK,1 division,1 division,1000,1000,1779712800,1779771000,[17],"[""1 division"", ""1. division""]",2026-05-26T06:26:54.568308+00:00
DK:vejr,DK,vejr,vejr,500,100,1779767400,1779772800,[11],"[""vejr""]",2026-05-26T06:26:54.568308+00:00
DK:per strand hagenes,DK,per strand hagenes,per strand hagenes,500,600,1779733200,1779771000,"[17, 8]","[""per strand hagenes""]",2026-05-26T06:26:54.568308+00:00
DK:kronprins christian,DK,kronprins christian,kronprins christian,1000,1000,1779705600,1779776400,[11],"[""kronprins christian"", ""kronprins""]",2026-05-26T06:26:54.568308+00:00
DK:scandinavian airlines,DK,scandinavian airlines,scandinavian airlines,500,1000,1779698400,1779771600,"[19, 3]","[""scandinavian airlines""]",2026-05-26T06:26:54.568308+00:00
DK:wolfsburg fc,DK,wolfsburg fc,wolfsburg fc,500,600,1779739200,1779773400,[17],"[""wolfsburg fc"", ""sc paderborn – wolfsburg""]",2026-05-26T06:26:54.568308+00:00
DK:luftrum,DK,luftrum,luftrum,1000,1000,1779726000,1779738000,[10],"[""luftrum""]",2026-05-26T06:26:54.568308+00:00
DK:ac horsens,DK,ac horsens,ac horsens,500,1000,1779727200,1779770400,[17],"[""ac horsens"", ""lyngby boldklub""]",2026-05-26T06:26:54.568308+00:00
DK:brøndby if,DK,brøndby if,brøndby if,200,100,1779766200,1779771600,[17],"[""brøndby if""]",2026-05-26T06:26:54.568308+00:00
DK:dronning margrethe,DK,dronning margrethe,dronning margrethe,2000,1000,1779724800,1779731400,[10],"[""dronning margrethe""]",2026-05-26T06:26:54.568308+00:00
DK:hvidovre - esbjerg,DK,hvidovre - esbjerg,hvidovre - esbjerg,1000,1000,1779714600,1779725400,[17],"[""hvidovre - esbjerg"", ""efb""]",2026-05-26T06:26:54.568308+00:00
DK:ukraine,DK,ukraine,ukraine,100,300,1779766200,1779771600,[10],"[""ukraine""]",2026-05-26T06:26:54.568308+00:00
DK:a.c. milan,DK,a.c. milan,a.c. milan,500,800,1779712200,1779734400,[17],"[""a.c. milan""]",2026-05-26T06:26:54.568308+00:00
DK:brandvæsen,DK,brandvæsen,brandvæsen,200,1000,1779738600,1779768000,[10],"[""brandvæsen""]",2026-05-26T06:26:54.568308+00:00
DK:kolding - hillerød,DK,kolding - hillerød,kolding - hillerød,500,1000,1779707400,1779717600,[17],"[""kolding - hillerød""]",2026-05-26T06:26:54.568308+00:00
DK:nordjyllands politi,DK,nordjyllands politi,nordjyllands politi,200,900,1779768600,1779769800,[10],"[""nordjyllands politi""]",2026-05-26T06:26:54.568308+00:00
DK:brand,DK,brand,brand,500,1000,1779693000,1779724800,[10],"[""brand""]",2026-05-26T06:26:54.568308+00:00
DK:kruger national park,DK,kruger national park,kruger national park,200,1000,1779742800,1779747000,[11],"[""kruger national park""]",2026-05-26T06:26:54.568308+00:00
DK:billund lufthavn,DK,billund lufthavn,billund lufthavn,500,400,1779720600,1779728400,[10],"[""billund lufthavn""]",2026-05-26T06:26:54.568308+00:00
DK:obsession movie,DK,obsession movie,obsession movie,100,100,1779747600,1779756600,[4],"[""obsession movie""]",2026-05-26T06:26:54.568308+00:00
DK:royal run copenhagen,DK,royal run copenhagen,royal run copenhagen,200,300,1779698400,1779710400,[11],"[""royal run copenhagen""]",2026-05-26T06:26:54.568308+00:00
DK:nyheder bt,DK,nyheder bt,nyheder bt,200,100,1779766200,1779769200,[11],"[""nyheder bt"", ""kongehuset""]",2026-05-26T06:26:54.568308+00:00
DK:hedebølge,DK,hedebølge,hedebølge,200,1000,1779716400,1779721200,[20],"[""hedebølge""]",2026-05-26T06:26:54.568308+00:00
DK:the boroughs,DK,the boroughs,the boroughs,200,200,1779735000,1779739200,[4],"[""the boroughs""]",2026-05-26T06:26:54.568308+00:00
DK:bt nyheder,DK,bt nyheder,bt nyheder,100,50,1779767400,1779768600,[11],"[""bt nyheder""]",2026-05-26T06:26:54.568308+00:00
DK:diplomat,DK,diplomat,diplomat,100,700,1779726600,1779731400,[11],"[""diplomat""]",2026-05-26T06:26:54.568308+00:00
DK:sverige,DK,sverige,sverige,200,1000,1779693000,1779697200,[11],"[""sverige""]",2026-05-26T06:26:54.568308+00:00
DK:+49,DK,+49,+49,100,800,1779709800,1779714000,[4],"[""+49""]",2026-05-26T06:26:54.568308+00:00
DK:bikini,DK,bikini,bikini,200,100,1779706800,1779712800,"[17, 4]","[""bikini""]",2026-05-26T06:26:54.568308+00:00
DK:bruce willis,DK,bruce willis,bruce willis,100,600,1779743400,1779744600,"[4, 7]","[""bruce willis""]",2026-05-26T06:26:54.568308+00:00
DK:dalumgard rideklub,DK,dalumgård rideklub,dalumgard rideklub,100,300,1779708600,1779711000,[11],"[""dalumgård rideklub""]",2026-05-26T06:26:54.568308+00:00
DK:marienborg,DK,marienborg,marienborg,100,300,1779727800,1779729000,[11],"[""marienborg""]",2026-05-26T06:26:54.568308+00:00
DK:giro d'italia i dag,DK,giro d'italia i dag,giro d'italia i dag,100,1000,1779720000,1779721200,"[17, 8]","[""giro d'italia i dag""]",2026-05-26T06:26:54.568308+00:00
EG:موعد اذان الفجر,EG,موعد اذان الفجر,موعد اذان الفجر,500000,900,1779742200,1779766800,[11],"[""موعد اذان الفجر"", ""اذان الفجر"", ""الفجر"", ""صلاة الفجر"", ""موعد اذان الظهر"", ""مواقيت الصلاة"", ""موعد صلاة الفجر"", ""الفجر اليوم"", ""اذان الفجر اليوم"", ""موعد صلاه الفجر"", ""الظهر"", ""موعد اذان الفجر اليوم"", ""مواقيت الصلاة في القاهرة"", ""موعد اذان المغرب"", ""موعد الشروق"", ""اذان المغرب"", ""موعد الفجر"", ""صلاة الفجر اليوم"", ""الفجر القاهرة"", ""موعد أذان الفجر"", ""متى اذان الفجر"", ""مواقيت الصلاة في مصر"", ""مواعيد الصلاة القاهرة"", ""فجر"", ""توقيت اذان الفجر"", ""موعد اذان العشاء"", ""موعد اذان العصر"", ""موعد أذان الفجر في القاهرة"", ""مواقيت الصلاة اليوم"", ""مواعيد اذان الفجر"", ""موعد اذان الفجر القاهرة"", ""دعاء ليلة عرفة"", ""مواعيد صلاة الفجر"", ""صلاة المغرب"", ""موعد صلاه الظهر"", ""موعد صلاة الفجر اليوم"", ""موعد أذان الفجر اليوم"", ""موعد صلاه الفجر اليوم"", ""العصر"", ""موعد الصلاة"", ""الاذان"", ""صلاه الظهر"", ""مواعيد صلاه الفجر"", ""موعد اذان"", ""الشروق موعد"", ""موعد صلاة الظهر"", ""موعد الفجر اليوم"", ""اذان"", ""موعد الصلاه"", ""العشاء"", ""مواقيت"", ""مواعيد الصلاة اليوم"", ""موعد اذن الفجر"", ""موعد أذان المغرب في القاهرة"", ""مواقيت الصلاة في القاهرة اليوم"", ""مواعيد الصلاة فى القاهرة"", ""متى موعد اذان الفجر"", ""الفجر بورسعيد"", ""اذان المغرب اليوم"", ""موعد صلاة العشاء"", ""موعد صلاة المغرب"", ""موعد اذان الفحر"", ""وقت الفجر"", ""موعد اذان الفجر بتوقيت القاهره"", ""موعد اذان الفجر القاهره"", ""أذان الفجر اليوم"", ""مواقيت الصلاة بورسعيد"", ""موعد صلاة العصر"", ""اذان الفجر بتوقيت القاهره"", ""موعد ادان الفجر"", ""موعد صلاه العصر"", ""ما موعد اذان الفجر"", ""الفجر."", ""موعد اذان الفجر في القاهرة"", ""العصر اليوم"", ""الظهر اليوم"", ""موعد صلاه العشاء"", ""العشاء اليوم"", ""المغرب اليوم"", ""اذان الفجر."", ""موعد اذان المغرب اليوم"", ""مواقيت الصلاة فى القاهرة"", ""توقيت اذان المغرب"", ""موعد المغرب"", ""موعد صلاه المغرب"", ""المغرب صلاة"", ""صلاة المغرب اليوم""]",2026-05-26T06:27:38.938517+00:00
EG:ادعيه ليوم عرفه,EG,ادعيه ليوم عرفه,ادعيه ليوم عرفه,10000,1000,1779704400,,[11],"[""ادعيه ليوم عرفه"", ""خير الدعاء دعاء يوم عرفة"", ""دعاء يوم عرفة مستجاب"", ""أدعية يوم عرفة"", ""فضل صيام يوم عرفة"", ""دعاء عرفه"", ""فضل يوم عرفة"", ""ادعيه"", ""صيام يوم عرفه"", ""دعاء يوم عرفة مكتوب"", ""أدعية يوم عرفه"", ""فجر اليوم"", ""دعوات يوم عرفه"", ""دعاء ليله عرفه"", ""دعاء عرفة"", ""ادعيه ليله عرفه"", ""دعاء يوم عرفه مكتوب"", ""دعاء"", ""ادعيه عرفه"", ""فضل يوم عرفه"", ""دعاء ليوم عرفه"", ""دعاء فجر يوم عرفه"", ""فضل صيام يوم عرفه""]",2026-05-26T06:27:38.938517+00:00
EG:المرشد الاعلى في ايران,EG,المرشد الأعلى في إيران,المرشد الاعلى في ايران,5000,1000,1779720000,,[11],"[""المرشد الأعلى في إيران""]",2026-05-26T06:27:38.938517+00:00
EG:ازمة سيولة,EG,أزمة سيولة,ازمة سيولة,20000,1000,1779716400,,[11],"[""أزمة سيولة"", ""صراف آلي""]",2026-05-26T06:27:38.938517+00:00
EG:تهنية عيد الاضحى 2026,EG,تهنئة عيد الاضحى 2026,تهنية عيد الاضحى 2026,2000,700,1779699000,,[8],"[""تهنئة عيد الاضحى 2026"", ""تهنئه بعيد الاضحى المبارك"", ""تهنئه بعيد الاضحى"", ""عيد اضحى مبارك 2026"", ""عيد اضحى 2026"", ""تهنئة عيد الاضحي"", ""عيد سعيد""]",2026-05-26T06:27:38.938517+00:00
EG:يوم عرفة,EG,يوم عرفة,يوم عرفة,5000,300,1779753000,,[11],"[""يوم عرفة"", ""جبل عرفات"", ""اذكار يوم عرفة"", ""اذكار يوم عرفه"", ""الحج"", ""عرفات"", ""وقفة عرفات"", ""لبيك اللهم لبيك لبيك لا شريك لك لبيك"", ""عرفه"", ""لبيك"", ""يوم عرفات"", ""فيديو""]",2026-05-26T06:27:38.938517+00:00
EG:صاروخ,EG,صاروخ,صاروخ,1000,800,1779730800,,[10],"[""صاروخ"", ""في""]",2026-05-26T06:27:38.938517+00:00
EG:مروان بابلو,EG,مروان بابلو,مروان بابلو,2000,1000,1779731400,,[10],"[""مروان بابلو"", ""حبس مروان بابلو""]",2026-05-26T06:27:38.938517+00:00
EG:صلاة العيد الاضحى 2026,EG,صلاة العيد الاضحى 2026,صلاة العيد الاضحى 2026,5000,300,1779716400,,[8],"[""صلاة العيد الاضحى 2026"", ""موعد صلاه عيد الاضحى"", ""توقيت الصلاة"", ""صلاة عيد الاضحى"", ""صلاه العيد الساعه كام"", ""صلاة العيد الاضحى"", ""موعد صلاة العيد الاضحى 2026"", ""موعد صلاه العيد الاضحى 2026"", ""صلاه عيد الاضحى 2026"", ""موعد"", ""صلاة العيد في مصر"", ""صلاة العيد 2026"", ""مواعيد الصلاة في مصر"", ""موعد صلاة"", ""صلاه عيد الاضحى الساعه كام"", ""موعد صلاه عيد الاضحي 2026"", ""تكبيرات عيد الاضحي""]",2026-05-26T06:27:38.938517+00:00
EG:نوال الدجوي,EG,نوال الدجوي,نوال الدجوي,1000,800,1779722400,,[10],"[""نوال الدجوي""]",2026-05-26T06:27:38.938517+00:00
EG:روسيا,EG,روسيا,روسيا,2000,400,1779722400,,[17],"[""روسيا"", ""مصطفى محمد"", ""موعد مباراه مصر"", ""موعد مباراه مصر وروسيا"", ""مباريات منتخب مصر"", ""موعد مباراة مصر وروسيا""]",2026-05-26T06:27:38.938517+00:00
EG:اذكار الصباح,EG,اذكار الصباح,اذكار الصباح,10000,400,1779759000,1779770400,[11],"[""اذكار الصباح"", ""أذكار الصباح""]",2026-05-26T06:27:38.938517+00:00
EG:تطبيع العلاقات بين الدول العربية واسراييل,EG,تطبيع العلاقات بين الدول العربية وإسرائيل,تطبيع العلاقات بين الدول العربية واسراييل,500,300,1779736200,,"[14, 10]","[""تطبيع العلاقات بين الدول العربية وإسرائيل""]",2026-05-26T06:27:38.938517+00:00
EG:عبد الفتاح السيسي,EG,عبد الفتاح السيسي,عبد الفتاح السيسي,1000,300,1779773400,,[10],"[""عبد الفتاح السيسي"", ""عفو""]",2026-05-26T06:27:38.938517+00:00
EG:صلاه العيد الاضحي,EG,صلاه العيد الاضحي,صلاه العيد الاضحي,2000,100,1779730200,,[11],"[""صلاه العيد الاضحي"", ""الصلاة"", ""صلاة""]",2026-05-26T06:27:38.938517+00:00
EG:الشروق,EG,الشروق,الشروق,5000,600,1779757800,1779771000,[10],"[""الشروق"", ""روسيا اليوم""]",2026-05-26T06:27:38.938517+00:00
EG:تكبيرات,EG,تكبيرات,تكبيرات,2000,100,1779690600,,[11],"[""تكبيرات"", ""تحميل تكبيرات العيد mp3"", ""متى يبدأ يوم عرفة"", ""تكبير العيد"", ""تكبيرات العيد كامله"", ""متى يبدأ التكبير في عيد الأضحى"", ""التكبيرات"", ""التكبير"", ""متى تبدأ تكبيرات عيد الأضحى"", ""متى تبدا تكبيرات عيد الاضحى"", ""تحميل تكبيرات عيد الاضحى"", ""تكبيرات العيد mp3 بصوت عالي بدون نت"", ""تنزيل تكبيرات العيد بصوت جميل mp3""]",2026-05-26T06:27:38.938517+00:00
EG:قران,EG,قران,قران,500,100,1779759000,,[11],"[""قران"", ""قران كريم""]",2026-05-26T06:27:38.938517+00:00
EG:اسيوط,EG,أسيوط,اسيوط,500,400,1779721200,,[11],"[""أسيوط""]",2026-05-26T06:27:38.938517+00:00
EG:تردد قناة السعودية,EG,تردد قناة السعودية,تردد قناة السعودية,500,100,1779725400,,[4],"[""تردد قناة السعودية"", ""قناة الحج السعودية مباشر"", ""قناة السعودية مباشر"", ""تردد قناة تكبيرات العيد 2026""]",2026-05-26T06:27:38.938517+00:00
EG:وقود السيارات,EG,وقود السيارات,وقود السيارات,500,400,1779723000,,[3],"[""وقود السيارات""]",2026-05-26T06:27:38.938517+00:00
EG:شيرين,EG,شيرين,شيرين,200,100,1779745800,,[4],"[""شيرين"", ""عزيز الشافعي""]",2026-05-26T06:27:38.938517+00:00
EG:pogoda,EG,pogoda,pogoda,100,100,1779771000,,[20],"[""pogoda""]",2026-05-26T06:27:38.938517+00:00
EG:اتجاه القبلة,EG,اتجاه القبلة,اتجاه القبلة,1000,200,1779758400,1779774600,[11],"[""اتجاه القبلة"", ""القبلة""]",2026-05-26T06:27:38.938517+00:00
EG:كل عام وانتم بخير,EG,كل عام وانتم بخير,كل عام وانتم بخير,200,100,1779711000,,[20],"[""كل عام وانتم بخير"", ""كل عام وانتم بخير عيد اضحى مبارك""]",2026-05-26T06:27:38.938517+00:00
EG:الاتحاد الافريقي لكرة القدم,EG,الاتحاد الإفريقي لكرة القدم,الاتحاد الافريقي لكرة القدم,2000,700,1779694200,1779757200,[17],"[""الاتحاد الإفريقي لكرة القدم""]",2026-05-26T06:27:38.938517+00:00
EG:نادي الزمالك,EG,نادي الزمالك,نادي الزمالك,5000,200,1779720000,1779733800,[17],"[""نادي الزمالك""]",2026-05-26T06:27:38.938517+00:00
EG:عدد الحجاج 2026,EG,عدد الحجاج 2026,عدد الحجاج 2026,200,100,1779736800,,[11],"[""عدد الحجاج 2026"", ""أدعية يوم التروية"", ""يوم التروية في الحج""]",2026-05-26T06:27:38.938517+00:00
EG:المصري,EG,المصري,المصري,1000,500,1779727800,1779774000,[17],"[""المصري"", ""زد""]",2026-05-26T06:27:38.938517+00:00
EG:اسكان,EG,إسكان,اسكان,1000,1000,1779717000,1779748200,[11],"[""إسكان""]",2026-05-26T06:27:38.938517+00:00
EG:اسعار الذهب اليوم عيار 21,EG,اسعار الذهب اليوم عيار 21,اسعار الذهب اليوم عيار 21,100,300,1779774000,,[3],"[""اسعار الذهب اليوم عيار 21"", ""سعر الجنيه الذهب اليوم""]",2026-05-26T06:27:38.938517+00:00
EG:كاس عاصمة مصر,EG,كاس عاصمة مصر,كاس عاصمة مصر,200,300,1779733200,,[17],"[""كاس عاصمة مصر"", ""انبي""]",2026-05-26T06:27:38.938517+00:00
EG:حسام البدري,EG,حسام البدري,حسام البدري,500,500,1779726600,1779764400,[17],"[""حسام البدري""]",2026-05-26T06:27:38.938517+00:00
EG:from episode 6,EG,from episode 6,from episode 6,500,300,1779712200,1779750600,[4],"[""from episode 6""]",2026-05-26T06:27:38.938517+00:00
EG:احمد حسن,EG,أحمد حسن,احمد حسن,500,600,1779718800,1779749400,[17],"[""أحمد حسن""]",2026-05-26T06:27:38.938517+00:00
EG:اندرو روبرتسون,EG,أندرو روبرتسون,اندرو روبرتسون,500,300,1779696000,1779749400,[17],"[""أندرو روبرتسون""]",2026-05-26T06:27:38.938517+00:00
EG:مونيكا بلوتشي,EG,مونيكا بلوتشي,مونيكا بلوتشي,200,100,1779748800,1779775800,[4],"[""مونيكا بلوتشي""]",2026-05-26T06:27:38.938517+00:00
EG:القران الكريم,EG,القران الكريم,القران الكريم,200,200,1779759600,1779771600,[4],"[""القران الكريم""]",2026-05-26T06:27:38.938517+00:00
EG:بوابة نتايج التعليم الاساسي القاهرة بالاسم,EG,بوابة نتائج التعليم الأساسي القاهرة بالاسم,بوابة نتايج التعليم الاساسي القاهرة بالاسم,1000,200,1779706800,1779750600,[9],"[""بوابة نتائج التعليم الأساسي القاهرة بالاسم"", ""الدراسى"", ""نتيجه الصف السادس الابتدائي الترم الثاني 2026"", ""نتيجة الصف الأول الإعدادي برقم الجلوس والاسم 2026"", ""النتيجه بالرقم القومي"", ""نتيجة الصف السادس الابتدائي بالرقم القومي"", ""بوابه نتائج التعليم الاساسي"", ""مديرية التربية والتعليم بالجيزة"", ""نتيجة الصف الرابع الابتدائي برقم الجلوس"", ""نتيجة الصف الرابع الابتدائي 2026""]",2026-05-26T06:27:38.938517+00:00
EG:احمد سعد,EG,أحمد سعد,احمد سعد,500,300,1779705000,1779744000,[4],"[""أحمد سعد""]",2026-05-26T06:27:38.938517+00:00
EG:شي جين بينغ,EG,شي جين بينغ,شي جين بينغ,500,500,1779708600,1779741000,"[14, 10]","[""شي جين بينغ"", ""باكستان""]",2026-05-26T06:27:38.938517+00:00
EG:كووورة,EG,كووورة,كووورة,500,200,1779738600,1779757200,[17],"[""كووورة""]",2026-05-26T06:27:38.938517+00:00
EG:khenchela vs usm alger,EG,khenchela vs usm alger,khenchela vs usm alger,500,1000,1779721200,1779735600,[17],"[""khenchela vs usm alger""]",2026-05-26T06:27:38.938517+00:00
EG:قانون الاسرة,EG,قانون الأسرة,قانون الاسرة,200,400,1779722400,1779774000,[10],"[""قانون الأسرة""]",2026-05-26T06:27:38.938517+00:00
EG:قران كريم,EG,قران كريم,قران كريم,100,200,1779760800,1779775800,[11],"[""قران كريم""]",2026-05-26T06:27:38.938517+00:00
EG:مواقيت الصلاة اسوان,EG,مواقيت الصلاة اسوان,مواقيت الصلاة اسوان,200,200,1779754800,1779762000,[11],"[""مواقيت الصلاة اسوان""]",2026-05-26T06:27:38.938517+00:00
EG:يورو,EG,يورو,يورو,100,100,1779748800,1779775800,[3],"[""يورو""]",2026-05-26T06:27:38.938517+00:00
EG:احمد خالد كباكا,EG,أحمد خالد كباكا,احمد خالد كباكا,200,500,1779730800,1779776400,[17],"[""أحمد خالد كباكا""]",2026-05-26T06:27:38.938517+00:00
EG:كرة السلة,EG,كرة السلة,كرة السلة,200,300,1779736200,1779750000,[17],"[""كرة السلة""]",2026-05-26T06:27:38.938517+00:00
EG:انستا باي,EG,انستا باي,انستا باي,200,100,1779726600,1779749400,[11],"[""انستا باي""]",2026-05-26T06:27:38.938517+00:00
EG:بادربورن ضد فولفسبورغ,EG,بادربورن ضد فولفسبورغ,بادربورن ضد فولفسبورغ,200,700,1779735600,1779746400,[17],"[""بادربورن ضد فولفسبورغ""]",2026-05-26T06:27:38.938517+00:00
EG:المغرب,EG,المغرب,المغرب,2000,75,1779727800,1779730800,[17],"[""المغرب""]",2026-05-26T06:27:38.938517+00:00
EG:اهرامات الجيزة,EG,أهرامات الجيزة,اهرامات الجيزة,100,100,1779709800,1779774600,[11],"[""أهرامات الجيزة""]",2026-05-26T06:27:38.938517+00:00
EG:شتاء,EG,شتاء,شتاء,200,200,1779694200,1779736200,[20],"[""شتاء""]",2026-05-26T06:27:38.938517+00:00
EG:خالد الغندور,EG,خالد الغندور,خالد الغندور,200,700,1779741600,1779744600,[17],"[""خالد الغندور""]",2026-05-26T06:27:38.938517+00:00
EG:pizza hut,EG,pizza hut,pizza hut,100,100,1779735000,1779748800,[5],"[""pizza hut""]",2026-05-26T06:27:38.938517+00:00
EG:بوابه التعليم,EG,بوابه التعليم,بوابه التعليم,200,100,1779739800,1779748200,[9],"[""بوابه التعليم"", ""البوابة الالكترونية لمحافظة القاهرة"", ""الاستعلام"", ""موقع النتيجة""]",2026-05-26T06:27:38.938517+00:00
EG:علاء مبارك,EG,علاء مبارك,علاء مبارك,500,1000,1779720000,1779723600,"[14, 10]","[""علاء مبارك""]",2026-05-26T06:27:38.938517+00:00
EG:اكمل قرطام,EG,اكمل قرطام,اكمل قرطام,200,400,1779715200,1779724200,[10],"[""اكمل قرطام"", ""أكمل قرطام""]",2026-05-26T06:27:38.938517+00:00
EG:memorial day 2026,EG,memorial day 2026,memorial day 2026,100,100,1779717000,1779744000,[11],"[""memorial day 2026""]",2026-05-26T06:27:38.938517+00:00
EG:cib,EG,cib,cib,500,50,1779700200,1779711000,"[3, 18]","[""cib""]",2026-05-26T06:27:38.938517+00:00
EG:تكافل وكرامه,EG,تكافل وكرامه,تكافل وكرامه,100,100,1779768600,1779771000,[10],"[""تكافل وكرامه"", ""استعلام بالرقم القومي تكافل وكرامة 2026""]",2026-05-26T06:27:38.938517+00:00
EG:1,EG,1,1,100,100,1779738600,1779742800,[17],"[""1""]",2026-05-26T06:27:38.938517+00:00
EG:سعر الدولار في البنك اليوم,EG,سعر الدولار في البنك اليوم,سعر الدولار في البنك اليوم,200,100,1779691800,1779700200,[3],"[""سعر الدولار في البنك اليوم"", ""سعر الدولار مقابل الجنيه المصري اليوم"", ""دولار جنيه مصري"", ""اسعار الدولار اليوم""]",2026-05-26T06:27:38.938517+00:00
EG:وزارة العدل,EG,وزارة العدل,وزارة العدل,100,100,1779695400,1779713400,[9],"[""وزارة العدل""]",2026-05-26T06:27:38.938517+00:00
EG:airbnb,EG,airbnb,airbnb,100,100,1779700200,1779703200,[19],"[""airbnb""]",2026-05-26T06:27:38.938517+00:00
EG:سعر اليورو اليوم في مصر,EG,سعر اليورو اليوم في مصر,سعر اليورو اليوم في مصر,100,100,1779697200,1779704400,[3],"[""سعر اليورو اليوم في مصر"", ""سعر اليورو مقابل الجنيه""]",2026-05-26T06:27:38.938517+00:00
EG:nbe,EG,nbe,nbe,100,100,1779693600,1779695400,[11],"[""nbe""]",2026-05-26T06:27:38.938517+00:00
EG:250,EG,250,250,100,75,1779727800,1779729000,[10],"[""250""]",2026-05-26T06:27:38.938517+00:00
ES:convocatoria espana,ES,convocatoria españa,convocatoria espana,200000,1000,1779691800,,[17],"[""convocatoria españa"", ""victor muñoz"", ""seleccion española"", ""lista mundial españa"", ""moleiro"", ""convocados españa mundial 2026"", ""huijsen"", ""mundial 2026"", ""seleccion española mundial 2026"", ""mundial futbol 2026"", ""calendario mundial 2026"", ""partidos españa mundial 2026"", ""pubill"", ""lista españa mundial"", ""yeremi pino"", ""marc pubill"", ""dean huijsen"", ""mundial"", ""dorsales españa mundial 2026"", ""luis de la fuente"", ""lista españa mundial 2026"", ""grimaldo"", ""laporte"", ""selección de fútbol de españa"", ""lista seleccion española"", ""lista convocados españa mundial 2026"", ""españa mundial"", ""eric garcía"", ""víctor muñoz"", ""convocatoria españa mundial"", ""lista españa"", ""a que hora es la convocatoria de españa"", ""lista de la fuente"", ""lista de españa mundial 2026"", ""lista luis de la fuente"", ""donde ver la convocatoria de españa"", ""convocatoria de españa para el mundial 2026"", ""lista mundial 2026 españa"", ""lista mundial"", ""mikel merino"", ""unai simon"", ""felipe vi de españa"", ""convocatoria de españa"", ""lista seleccion"", ""partidos mundial 2026"", ""donde ver convocatoria españa"", ""grupos mundial 2026"", ""joan garcia"", ""lista de españa para el mundial"", ""le normand"", ""jugadores de selección de fútbol de españa"", ""seleccionados españa mundial 2026"", ""convocatoria seleccion española"", ""lista de españa"", ""eric garcia"", ""lista selección española"", ""convocatoria"", ""partidos españa mundial"", ""hora convocatoria españa"", ""lista seleccion española mundial 2026"", ""convocatoria españa mundial 2026 donde ver"", ""convocatoria mundial"", ""partidos mundial"", ""prelista españa mundial"", ""convocados españa"", ""donde ver la lista de de la fuente"", ""primer partido del mundial 2026"", ""lista mundial españa 2026"", ""cuando es la convocatoria de españa"", ""cuando sale la lista de españa para el mundial"", ""lista de luis de la fuente"", ""lista del mundial"", ""convocatoria mundial españa"", ""españa convocatoria"", ""lista convocados mundial 2026 españa"", ""lista de españa para el mundial 2026"", ""de la fuente"", ""transfermarkt"", ""donde ver la convocatoria de españa para el mundial"", ""mundial españa"", ""convocatoria mundial 2026 españa"", ""españa mundial 2026"", ""convocados seleccion española"", ""lista de la selección española"", ""a que hora da la lista luis de la fuente""]",2026-05-26T06:28:17.414698+00:00
ES:begona gomez,ES,begoña gómez,begona gomez,20000,1000,1779696600,,[10],"[""begoña gómez"", ""unidad central operativa"", ""uco begoña gómez"", ""uco"", ""begoña gomez"", ""elplural""]",2026-05-26T06:28:17.414698+00:00
ES:alvaro mel,ES,alvaro mel,alvaro mel,20000,1000,1779740400,,[4],"[""alvaro mel"", ""anna castillo"", ""álvaro mel"", ""alvaro mel actor"", ""la revuelta""]",2026-05-26T06:28:17.414698+00:00
ES:joyas zapatero,ES,joyas zapatero,joyas zapatero,10000,1000,1779721800,,[10],"[""joyas zapatero"", ""zapatero joyas"", ""las joyas de zapatero"", ""joyas caja fuerte zapatero""]",2026-05-26T06:28:17.414698+00:00
ES:eurofighter typhoon,ES,eurofighter typhoon,eurofighter typhoon,5000,1000,1779703800,,"[10, 3]","[""eurofighter typhoon""]",2026-05-26T06:28:17.414698+00:00
ES:asociacion de fiscales,ES,asociación de fiscales,asociacion de fiscales,20000,1000,1779708000,,"[10, 14]","[""asociación de fiscales""]",2026-05-26T06:28:17.414698+00:00
ES:albanil,ES,albañil,albanil,10000,1000,1779712800,,"[3, 9]","[""albañil""]",2026-05-26T06:28:17.414698+00:00
ES:paloma ramon,ES,paloma ramon,paloma ramon,10000,700,1779691200,,[11],"[""paloma ramon"", ""frank cuesta"", ""paloma ramón""]",2026-05-26T06:28:17.414698+00:00
ES:borja iglesias,ES,borja iglesias,borja iglesias,5000,1000,1779705600,,[17],"[""borja iglesias""]",2026-05-26T06:28:17.414698+00:00
ES:cavaliers - knicks,ES,cavaliers - knicks,cavaliers - knicks,5000,1000,1779754200,,[17],"[""cavaliers - knicks"", ""knicks"", ""karl-anthony towns"", ""new york knicks"", ""cavaliers vs knicks"", ""knicks vs cavaliers""]",2026-05-26T06:28:17.414698+00:00
ES:balcon,ES,balcón,balcon,10000,1000,1779702600,,[8],"[""balcón""]",2026-05-26T06:28:17.414698+00:00
ES:mocion,ES,moción,mocion,10000,1000,1779723600,,"[14, 10]","[""moción""]",2026-05-26T06:28:17.414698+00:00
ES:pedro porro,ES,pedro porro,pedro porro,5000,800,1779706200,,[17],"[""pedro porro""]",2026-05-26T06:28:17.414698+00:00
ES:ferrari luce,ES,ferrari luce,ferrari luce,2000,600,1779741000,,[1],"[""ferrari luce""]",2026-05-26T06:28:17.414698+00:00
ES:felipe gonzalez,ES,felipe gonzález,felipe gonzalez,5000,1000,1779711000,,"[14, 10]","[""felipe gonzález"", ""felipe gonzalez""]",2026-05-26T06:28:17.414698+00:00
ES:gonzalo bernardos,ES,gonzalo bernardos,gonzalo bernardos,5000,1000,1779716400,,[11],"[""gonzalo bernardos""]",2026-05-26T06:28:17.414698+00:00
ES:tom hanks,ES,tom hanks,tom hanks,2000,700,1779719400,,[4],"[""tom hanks""]",2026-05-26T06:28:17.414698+00:00
ES:jose luis calama,ES,josé luis calama,jose luis calama,5000,300,1779743400,,[10],"[""josé luis calama"", ""luis arroyo"", ""esradio directo""]",2026-05-26T06:28:17.414698+00:00
ES:aceite de oliva,ES,aceite de oliva,aceite de oliva,5000,1000,1779715200,,[3],"[""aceite de oliva""]",2026-05-26T06:28:17.414698+00:00
ES:hotel,ES,hotel,hotel,2000,600,1779732000,,[11],"[""hotel""]",2026-05-26T06:28:17.414698+00:00
ES:inditex,ES,inditex,inditex,5000,900,1779718800,,[11],"[""inditex""]",2026-05-26T06:28:17.414698+00:00
ES:enciclica leon xiv,ES,enciclica leon xiv,enciclica leon xiv,5000,300,1779705000,,[11],"[""enciclica leon xiv"", ""magnifica humanitas"", ""enciclica"", ""encíclica"", ""leon xiv"", ""que es una enciclica"", ""papa león xiv""]",2026-05-26T06:28:17.414698+00:00
ES:laura weissmahr,ES,laura weissmahr,laura weissmahr,5000,1000,1779738600,,[4],"[""laura weissmahr""]",2026-05-26T06:28:17.414698+00:00
ES:rodolfo reyes,ES,rodolfo reyes,rodolfo reyes,2000,700,1779737400,,[10],"[""rodolfo reyes""]",2026-05-26T06:28:17.414698+00:00
ES:paula bonet,ES,paula bonet,paula bonet,2000,300,1779715200,,[10],"[""paula bonet""]",2026-05-26T06:28:17.414698+00:00
ES:macarena garcia,ES,macarena garcía,macarena garcia,5000,1000,1779739200,,[4],"[""macarena garcía"", ""macarena garcia""]",2026-05-26T06:28:17.414698+00:00
ES:gordon ramsay,ES,gordon ramsay,gordon ramsay,1000,300,1779731400,,"[4, 5]","[""gordon ramsay""]",2026-05-26T06:28:17.414698+00:00
ES:monfils,ES,monfils,monfils,5000,700,1779734400,,[17],"[""monfils"", ""gael monfils"", ""hugo gaston"", ""gaël monfils""]",2026-05-26T06:28:17.414698+00:00
ES:hotel ibis malaga,ES,hotel ibis malaga,hotel ibis malaga,2000,500,1779691200,,[11],"[""hotel ibis malaga"", ""ibis malaga""]",2026-05-26T06:28:17.414698+00:00
ES:blanca cuesta,ES,blanca cuesta,blanca cuesta,1000,400,1779744000,,[11],"[""blanca cuesta"", ""tita cervera""]",2026-05-26T06:28:17.414698+00:00
ES:conselleria de sanidad,ES,conselleria de sanidad,conselleria de sanidad,500,1000,1779770400,,"[10, 9, 7]","[""conselleria de sanidad""]",2026-05-26T06:28:17.414698+00:00
ES:spanien,ES,spanien,spanien,2000,400,1779694200,,[17],"[""spanien""]",2026-05-26T06:28:17.414698+00:00
ES:pablo ojeda,ES,pablo ojeda,pablo ojeda,1000,500,1779726600,,"[2, 7]","[""pablo ojeda""]",2026-05-26T06:28:17.414698+00:00
ES:aurelien tchouameni,ES,aurélien tchouaméni,aurelien tchouameni,2000,200,1779703200,,[17],"[""aurélien tchouaméni""]",2026-05-26T06:28:17.414698+00:00
ES:ana castillo,ES,ana castillo,ana castillo,2000,1000,1779739200,,[4],"[""ana castillo"", ""serie macarena garcia""]",2026-05-26T06:28:17.414698+00:00
ES:paga extra pensiones verano 2026,ES,paga extra pensiones verano 2026,paga extra pensiones verano 2026,1000,400,1779731400,,"[3, 10]","[""paga extra pensiones verano 2026""]",2026-05-26T06:28:17.414698+00:00
ES:nate jacobs,ES,nate jacobs,nate jacobs,500,200,1779744000,,[4],"[""nate jacobs""]",2026-05-26T06:28:17.414698+00:00
ES:gonzalo miro,ES,gonzalo miró,gonzalo miro,1000,400,1779729600,,[4],"[""gonzalo miró""]",2026-05-26T06:28:17.414698+00:00
ES:jorge rey,ES,jorge rey,jorge rey,10000,800,1779726600,1779775800,[20],"[""jorge rey""]",2026-05-26T06:28:17.414698+00:00
ES:jodar,ES,jódar,jodar,20000,400,1779736200,,[17],"[""jódar"", ""james duckworth"", ""rafael jódar"", ""aleksandar kovacevic"", ""kovacevic""]",2026-05-26T06:28:17.414698+00:00
ES:alerta meteorologica,ES,alerta meteorológica,alerta meteorologica,2000,300,1779720000,,[20],"[""alerta meteorológica"", ""granizo""]",2026-05-26T06:28:17.414698+00:00
ES:sonny rollins,ES,sonny rollins,sonny rollins,200,600,1779775200,,[4],"[""sonny rollins""]",2026-05-26T06:28:17.414698+00:00
ES:metro,ES,metro,metro,1000,200,1779735600,,[11],"[""metro"", ""visita papa madrid 2026"", ""papa en madrid""]",2026-05-26T06:28:17.414698+00:00
ES:sanchez,ES,sánchez,sanchez,200,400,1779773400,,"[14, 10]","[""sánchez""]",2026-05-26T06:28:17.414698+00:00
ES:carpetana,ES,carpetana,carpetana,500,300,1779729000,,"[19, 3]","[""carpetana""]",2026-05-26T06:28:17.414698+00:00
ES:horizonte,ES,horizonte,horizonte,1000,200,1779739800,,[4],"[""horizonte"", ""cuatro""]",2026-05-26T06:28:17.414698+00:00
ES:ferrari,ES,ferrari,ferrari,500,200,1779742800,,[1],"[""ferrari""]",2026-05-26T06:28:17.414698+00:00
ES:epidemia,ES,epidemia,epidemia,500,400,1779736200,,"[7, 10]","[""epidemia""]",2026-05-26T06:28:17.414698+00:00
ES:2025,ES,2025,2025,5000,500,1779694800,1779776400,[17],"[""2025""]",2026-05-26T06:28:17.414698+00:00
ES:matriculacion,ES,matriculación,matriculacion,500,200,1779742200,,"[10, 1, 9]","[""matriculación""]",2026-05-26T06:28:17.414698+00:00
ES:remiro,ES,remiro,remiro,2000,200,1779708000,,[17],"[""remiro"", ""david raya"", ""oyarzabal""]",2026-05-26T06:28:17.414698+00:00
ES:landry shamet,ES,landry shamet,landry shamet,200,200,1779770400,,[17],"[""landry shamet""]",2026-05-26T06:28:17.414698+00:00
ES:gavi,ES,gavi,gavi,5000,1000,1779706200,1779771600,[17],"[""gavi""]",2026-05-26T06:28:17.414698+00:00
ES:red electrica,ES,red eléctrica,red electrica,500,200,1779740400,,[3],"[""red eléctrica""]",2026-05-26T06:28:17.414698+00:00
ES:testaferro,ES,testaferro,testaferro,500,200,1779738600,,[10],"[""testaferro""]",2026-05-26T06:28:17.414698+00:00
ES:monica naranjo,ES,monica naranjo,monica naranjo,10000,1000,1779739200,1779747600,[4],"[""monica naranjo"", ""mónica naranjo"", ""edad monica naranjo"", ""edad de monica naranjo"", ""de dónde es mónica naranjo"", ""edad mónica naranjo""]",2026-05-26T06:28:17.414698+00:00
ES:gasoducto,ES,gasoducto,gasoducto,5000,700,1779694200,1779748800,[3],"[""gasoducto""]",2026-05-26T06:28:17.414698+00:00
ES:club atletico osasuna,ES,club atlético osasuna,club atletico osasuna,500,200,1779742800,,[17],"[""club atlético osasuna"", ""alessio lisci""]",2026-05-26T06:28:17.414698+00:00
ES:android 17,ES,android 17,android 17,200,200,1779736800,,[18],"[""android 17""]",2026-05-26T06:28:17.414698+00:00
ES:julio ariza,ES,julio ariza,julio ariza,100,100,1779773400,,"[14, 10]","[""julio ariza""]",2026-05-26T06:28:17.414698+00:00
ES:victoria martin,ES,victoria martin,victoria martin,5000,1000,1779739200,1779752400,[4],"[""victoria martin"", ""victoria martín""]",2026-05-26T06:28:17.414698+00:00
ES:4 estrellas,ES,4 estrellas,4 estrellas,2000,700,1779712200,1779749400,[19],"[""4 estrellas""]",2026-05-26T06:28:17.414698+00:00
ES:james bond,ES,james bond,james bond,1000,500,1779724200,1779774000,[4],"[""james bond""]",2026-05-26T06:28:17.414698+00:00
ES:jubilacion,ES,jubilación,jubilacion,5000,1000,1779706800,1779769800,"[3, 10]","[""jubilación""]",2026-05-26T06:28:17.414698+00:00
ES:se tiene que morir mucha gente reparto,ES,se tiene que morir mucha gente reparto,se tiene que morir mucha gente reparto,5000,1000,1779739200,1779750600,[4],"[""se tiene que morir mucha gente reparto"", ""tiene que morir mucha gente serie"", ""se tiene que morir mucha gente serie"", ""serie se tiene que morir mucha gente""]",2026-05-26T06:28:17.414698+00:00
ES:carlos espi,ES,carlos espi,carlos espi,2000,300,1779705000,1779750600,[17],"[""carlos espi""]",2026-05-26T06:28:17.414698+00:00
ES:roig arena,ES,roig arena,roig arena,10000,1000,1779691200,1779706800,[4],"[""roig arena"", ""entradas estopa roig arena"", ""entradas estopa"", ""estopa roig arena"", ""estopa"", ""roig arena estopa"", ""entradas estopa valencia"", ""entradas estopa valencia 2026"", ""estopa valencia"", ""roig arena entradas"", ""concierto estopa valencia 2026"", ""roig arena conciertos"", ""estopa valencia 2026""]",2026-05-26T06:28:17.414698+00:00
ES:amaral,ES,amaral,amaral,2000,1000,1779742200,1779750000,[4],"[""amaral""]",2026-05-26T06:28:17.414698+00:00
ES:juanjo artero,ES,juanjo artero,juanjo artero,5000,1000,1779732600,1779742200,[4],"[""juanjo artero"", ""michelle calvó"", ""invitados pasapalabra hoy"", ""michelle calvo""]",2026-05-26T06:28:17.414698+00:00
ES:tesla model y,ES,tesla model y,tesla model y,2000,400,1779710400,1779774600,[1],"[""tesla model y""]",2026-05-26T06:28:17.414698+00:00
ES:fornals,ES,fornals,fornals,2000,600,1779706200,1779754200,[17],"[""fornals"", ""pablo fornals""]",2026-05-26T06:28:17.414698+00:00
ES:stole dimitrievski,ES,stole dimitrievski,stole dimitrievski,500,200,1779734400,1779775200,[17],"[""stole dimitrievski""]",2026-05-26T06:28:17.414698+00:00
ES:margarita ii de dinamarca,ES,margarita ii de dinamarca,margarita ii de dinamarca,1000,800,1779738000,1779775200,[11],"[""margarita ii de dinamarca""]",2026-05-26T06:28:17.414698+00:00
ES:kaitlin quevedo,ES,kaitlin quevedo,kaitlin quevedo,2000,700,1779715800,1779742800,[17],"[""kaitlin quevedo"", ""leolia jeanjean""]",2026-05-26T06:28:17.414698+00:00
ES:enzo alves,ES,enzo alves,enzo alves,2000,400,1779730800,1779775800,[17],"[""enzo alves"", ""estonia u-17 - selección de fútbol sub-17 de españa"", ""selección de fútbol sub-17 de españa""]",2026-05-26T06:28:17.414698+00:00
ES:juan carlos prado angelo,ES,juan carlos prado ángelo,juan carlos prado angelo,200,200,1779742800,,[17],"[""juan carlos prado ángelo""]",2026-05-26T06:28:17.414698+00:00
ES:iran,ES,iran,iran,200,50,1779768000,1779775200,"[14, 10]","[""iran""]",2026-05-26T06:28:17.414698+00:00
ES:oliver blume,ES,oliver blume,oliver blume,2000,500,1779705000,1779744600,"[3, 1]","[""oliver blume""]",2026-05-26T06:28:17.414698+00:00
ES:ingrid engen,ES,ingrid engen,ingrid engen,2000,400,1779709800,1779772200,[17],"[""ingrid engen""]",2026-05-26T06:28:17.414698+00:00
ES:millonario,ES,millonario,millonario,1000,400,1779714000,1779748800,"[10, 3, 1]","[""millonario"", ""tribunal de justicia""]",2026-05-26T06:28:17.414698+00:00
ES:concierto,ES,concierto,concierto,2000,500,1779727200,1779769200,[4],"[""concierto"", ""live nation"", ""livenation""]",2026-05-26T06:28:17.414698+00:00
ES:25 de mayo argentina,ES,25 de mayo argentina,25 de mayo argentina,2000,300,1779693000,1779742800,[14],"[""25 de mayo argentina""]",2026-05-26T06:28:17.414698+00:00
ES:anpe,ES,anpe,anpe,1000,200,1779731400,1779775800,[9],"[""anpe"", ""csif"", ""csif valencia"", ""sindicato""]",2026-05-26T06:28:17.414698+00:00
ES:yeremy pino,ES,yeremy pino,yeremy pino,2000,600,1779706200,1779736200,[17],"[""yeremy pino""]",2026-05-26T06:28:17.414698+00:00
ES:mercado de fichajes,ES,mercado de fichajes,mercado de fichajes,1000,300,1779724200,1779747600,[17],"[""mercado de fichajes""]",2026-05-26T06:28:17.414698+00:00
ES:wolfsburg fc,ES,wolfsburg fc,wolfsburg fc,500,400,1779735600,1779752400,[17],"[""wolfsburg fc""]",2026-05-26T06:28:17.414698+00:00
ES:alberto reina,ES,alberto reina,alberto reina,1000,400,1779729000,1779748800,[17],"[""alberto reina""]",2026-05-26T06:28:17.414698+00:00
ES:sc paderborn – wolfsburg,ES,sc paderborn – wolfsburg,sc paderborn – wolfsburg,1000,600,1779733200,1779747600,[17],"[""sc paderborn – wolfsburg"", ""paderborn"", ""wolfsburg""]",2026-05-26T06:28:17.414698+00:00
ES:ejercito de tierra,ES,ejército de tierra,ejercito de tierra,1000,700,1779719400,1779738000,[10],"[""ejército de tierra""]",2026-05-26T06:28:17.414698+00:00
ES:el plural,ES,el plural,el plural,1000,100,1779742800,1779774600,[14],"[""el plural""]",2026-05-26T06:28:17.414698+00:00
ES:luka modric,ES,luka modrić,luka modric,1000,600,1779710400,1779732600,[17],"[""luka modrić""]",2026-05-26T06:28:17.414698+00:00
ES:mamen mendizabal,ES,mamen mendizabal,mamen mendizabal,2000,1000,1779732600,1779739200,[4],"[""mamen mendizabal"", ""mamen mendizábal""]",2026-05-26T06:28:17.414698+00:00
ES:pablo carreno,ES,pablo carreño,pablo carreno,2000,1000,1779701400,1779719400,[17],"[""pablo carreño""]",2026-05-26T06:28:17.414698+00:00
ES:sofia otero,ES,sofia otero,sofia otero,1000,600,1779740400,1779750000,"[4, 8]","[""sofia otero""]",2026-05-26T06:28:17.414698+00:00
ES:rania de jordania,ES,rania de jordania,rania de jordania,1000,300,1779708600,1779732600,[11],"[""rania de jordania""]",2026-05-26T06:28:17.414698+00:00
ES:angela merkel,ES,angela merkel,angela merkel,1000,300,1779696600,1779726000,"[14, 10]","[""angela merkel""]",2026-05-26T06:28:17.414698+00:00
ES:laura lopez-mascaraque,ES,laura lópez-mascaraque,laura lopez-mascaraque,1000,400,1779696000,1779724800,[11],"[""laura lópez-mascaraque""]",2026-05-26T06:28:17.414698+00:00
ES:alex baena,ES,alex baena,alex baena,2000,500,1779706200,1779727800,[17],"[""alex baena"", ""baena""]",2026-05-26T06:28:17.414698+00:00
ES:jaume munar,ES,jaume munar,jaume munar,2000,1000,1779716400,1779727200,[17],"[""jaume munar"", ""munar""]",2026-05-26T06:28:17.414698+00:00
ES:beatriz de york,ES,beatriz de york,beatriz de york,1000,300,1779712200,1779732600,"[10, 14]","[""beatriz de york""]",2026-05-26T06:28:17.414698+00:00
ES:tribunal supremo,ES,tribunal supremo,tribunal supremo,1000,500,1779706800,1779721800,"[17, 10]","[""tribunal supremo""]",2026-05-26T06:28:17.414698+00:00
ES:colmenar de oreja,ES,colmenar de oreja,colmenar de oreja,500,1000,1779747000,1779753600,"[19, 4]","[""colmenar de oreja""]",2026-05-26T06:28:17.414698+00:00
ES:jules kounde,ES,jules koundé,jules kounde,1000,400,1779715200,1779736200,[17],"[""jules koundé""]",2026-05-26T06:28:17.414698+00:00
ES:cuando empieza el mundial,ES,cuándo empieza el mundial,cuando empieza el mundial,1000,100,1779715800,1779776400,[17],"[""cuándo empieza el mundial"", ""cuándo empieza el mundial de fútbol"", ""final del mundial 2026""]",2026-05-26T06:28:17.414698+00:00
ES:eric kripke,ES,eric kripke,eric kripke,500,200,1779719400,1779748200,[4],"[""eric kripke""]",2026-05-26T06:28:17.414698+00:00
ES:ben shelton,ES,ben shelton,ben shelton,1000,600,1779727200,1779741600,[17],"[""ben shelton"", ""daniel merida""]",2026-05-26T06:28:17.414698+00:00
ES:circular,ES,circular,circular,1000,800,1779718200,1779730800,"[10, 1]","[""circular""]",2026-05-26T06:28:17.414698+00:00
ES:eva amaral,ES,eva amaral,eva amaral,1000,1000,1779742800,1779747600,[4],"[""eva amaral"", ""juan aguirre""]",2026-05-26T06:28:17.414698+00:00
ES:ansu fati,ES,ansu fati,ansu fati,1000,200,1779706800,1779722400,[17],"[""ansu fati""]",2026-05-26T06:28:17.414698+00:00
ES:espana fc,ES,españa fc,espana fc,1000,300,1779705600,1779736200,[17],"[""españa fc""]",2026-05-26T06:28:17.414698+00:00
ES:jonas vingegaard,ES,jonas vingegaard,jonas vingegaard,500,100,1779732600,1779775200,"[17, 8]","[""jonas vingegaard""]",2026-05-26T06:28:17.414698+00:00
ES:daniel merida,ES,daniel mérida,daniel merida,1000,900,1779727200,1779736200,[17],"[""daniel mérida""]",2026-05-26T06:28:17.414698+00:00
ES:marca,ES,marca,marca,10000,100,1779708000,1779710400,[17],"[""marca""]",2026-05-26T06:28:17.414698+00:00
ES:unai sordo,ES,unai sordo,unai sordo,500,1000,1779741600,1779747600,"[10, 14]","[""unai sordo""]",2026-05-26T06:28:17.414698+00:00
ES:bruno cardenosa,ES,bruno cardeñosa,bruno cardenosa,1000,1000,1779732600,1779739200,[3],"[""bruno cardeñosa""]",2026-05-26T06:28:17.414698+00:00
ES:combustible,ES,combustible,combustible,1000,1000,1779711000,1779719400,[3],"[""combustible""]",2026-05-26T06:28:17.414698+00:00
ES:mujer de zapatero,ES,mujer de zapatero,mujer de zapatero,1000,300,1779723000,1779744000,[10],"[""mujer de zapatero"", ""calle ramon crespo madrid""]",2026-05-26T06:28:17.414698+00:00
ES:barakaldo club de futbol,ES,barakaldo club de fútbol,barakaldo club de futbol,500,400,1779721200,1779733800,[17],"[""barakaldo club de fútbol""]",2026-05-26T06:28:17.414698+00:00
ES:elisabeth garrido,ES,elisabeth garrido,elisabeth garrido,200,200,1779742200,1779775800,[11],"[""elisabeth garrido""]",2026-05-26T06:28:17.414698+00:00
ES:desalojo,ES,desalojo,desalojo,1000,700,1779721200,1779730200,[10],"[""desalojo""]",2026-05-26T06:28:17.414698+00:00
ES:olympiacos b. c.,ES,olympiacos b. c.,olympiacos b. c.,1000,300,1779697200,1779717000,[17],"[""olympiacos b. c.""]",2026-05-26T06:28:17.414698+00:00
ES:juan del val,ES,juan del val,juan del val,500,700,1779712800,1779723600,[4],"[""juan del val""]",2026-05-26T06:28:17.414698+00:00
ES:stan wawrinka,ES,stan wawrinka,stan wawrinka,1000,300,1779710400,1779724200,[17],"[""stan wawrinka"", ""wawrinka"", ""jesper de jong""]",2026-05-26T06:28:17.414698+00:00
ES:hubert hurkacz,ES,hubert hurkacz,hubert hurkacz,500,300,1779716400,1779729600,[17],"[""hubert hurkacz""]",2026-05-26T06:28:17.414698+00:00
ES:roman safiullin,ES,roman safiullin,roman safiullin,500,400,1779729000,1779738000,"[17, 4]","[""roman safiullin""]",2026-05-26T06:28:17.414698+00:00
ES:monaco - jl bourg,ES,mónaco - jl bourg,monaco - jl bourg,500,400,1779736800,1779745200,[17],"[""mónaco - jl bourg""]",2026-05-26T06:28:17.414698+00:00
ES:bushwick,ES,bushwick,bushwick,200,400,1779746400,1779752400,"[4, 19]","[""bushwick""]",2026-05-26T06:28:17.414698+00:00
ES:yeremay,ES,yeremay,yeremay,200,200,1779748200,1779755400,[17],"[""yeremay""]",2026-05-26T06:28:17.414698+00:00
ES:leo roman,ES,leo roman,leo roman,2000,500,1779706800,1779717600,[17],"[""leo roman"", ""javi rodriguez"", ""gonzalo garcía"", ""javi guerra"", ""gonzalo""]",2026-05-26T06:28:17.414698+00:00
ES:julian alvarez,ES,julián álvarez,julian alvarez,500,400,1779715800,1779727800,[17],"[""julián álvarez""]",2026-05-26T06:28:17.414698+00:00
ES:radio,ES,radio,radio,100,50,1779770400,1779773400,[4],"[""radio""]",2026-05-26T06:28:17.414698+00:00
ES:dinamita montilla,ES,dinamita montilla,dinamita montilla,200,300,1779712800,1779759000,[10],"[""dinamita montilla""]",2026-05-26T06:28:17.414698+00:00
ES:rfef,ES,rfef,rfef,1000,400,1779703200,1779709800,[17],"[""rfef""]",2026-05-26T06:28:17.414698+00:00
ES:david ucles,ES,david uclés,david ucles,500,600,1779724800,1779731400,[4],"[""david uclés""]",2026-05-26T06:28:17.414698+00:00
ES:aston martin,ES,aston martin,aston martin,500,200,1779712200,1779730800,[17],"[""aston martin""]",2026-05-26T06:28:17.414698+00:00
ES:25 de mayo,ES,25 de mayo,25 de mayo,1000,200,1779693000,1779715800,[11],"[""25 de mayo"", ""hoy es festivo en barcelona"", ""festivo 25 de mayo""]",2026-05-26T06:28:17.414698+00:00
ES:sandra barneda,ES,sandra barneda,sandra barneda,500,900,1779730200,1779736200,[4],"[""sandra barneda""]",2026-05-26T06:28:17.414698+00:00
ES:randal kolo muani,ES,randal kolo muani,randal kolo muani,500,300,1779712800,1779734400,[17],"[""randal kolo muani""]",2026-05-26T06:28:17.414698+00:00
ES:ruud,ES,ruud,ruud,500,800,1779733800,1779739200,[17],"[""ruud""]",2026-05-26T06:28:17.414698+00:00
ES:rtve,ES,rtve,rtve,2000,300,1779704400,1779709200,"[4, 7]","[""rtve""]",2026-05-26T06:28:17.414698+00:00
ES:monica naranjo edad,ES,monica naranjo edad,monica naranjo edad,200,500,1779740400,1779745800,[4],"[""monica naranjo edad""]",2026-05-26T06:28:17.414698+00:00
ES:zubimendi,ES,zubimendi,zubimendi,500,300,1779707400,1779719400,[17],"[""zubimendi""]",2026-05-26T06:28:17.414698+00:00
ES:cesar antonio molina,ES,cesar antonio molina,cesar antonio molina,500,300,1779703800,1779750000,[14],"[""cesar antonio molina""]",2026-05-26T06:28:17.414698+00:00
ES:ebrima tunkara,ES,ebrima tunkara,ebrima tunkara,200,200,1779740400,1779751200,[17],"[""ebrima tunkara""]",2026-05-26T06:28:17.414698+00:00
ES:دعاء يوم عرفة,ES,دعاء يوم عرفة,دعاء يوم عرفة,100,100,1779767400,1779770400,[11],"[""دعاء يوم عرفة"", ""دعاء ليلة عرفة""]",2026-05-26T06:28:17.414698+00:00
ES:bonoloto 25 mayo 2026,ES,bonoloto 25 mayo 2026,bonoloto 25 mayo 2026,200,300,1779741600,1779747600,[6],"[""bonoloto 25 mayo 2026"", ""bonoloto 25 de mayo""]",2026-05-26T06:28:17.414698+00:00
ES:juan luis arsuaga,ES,juan luis arsuaga,juan luis arsuaga,500,1000,1779741000,1779745200,[11],"[""juan luis arsuaga""]",2026-05-26T06:28:17.414698+00:00
ES:ignacio buse,ES,ignacio buse,ignacio buse,1000,500,1779721800,1779730200,[17],"[""ignacio buse""]",2026-05-26T06:28:17.414698+00:00
ES:dax,ES,dax,dax,200,500,1779737400,1779743400,[3],"[""dax""]",2026-05-26T06:28:17.414698+00:00
ES:ketty garat,ES,ketty garat,ketty garat,500,100,1779742800,1779747600,"[14, 10]","[""ketty garat""]",2026-05-26T06:28:17.414698+00:00
ES:roberto bautista,ES,roberto bautista,roberto bautista,500,900,1779709800,1779717600,[17],"[""roberto bautista""]",2026-05-26T06:28:17.414698+00:00
ES:enric auquer,ES,enric auquer,enric auquer,200,400,1779742200,1779747000,"[4, 10]","[""enric auquer""]",2026-05-26T06:28:17.414698+00:00
ES:euro stoxx 50,ES,euro stoxx 50,euro stoxx 50,200,500,1779737400,1779742800,[3],"[""euro stoxx 50""]",2026-05-26T06:28:17.414698+00:00
ES:album panini mundial 2026,ES,album panini mundial 2026,album panini mundial 2026,500,100,1779727200,1779735600,[17],"[""album panini mundial 2026""]",2026-05-26T06:28:17.414698+00:00
ES:luis astolfi,ES,luis astolfi,luis astolfi,200,300,1779741000,1779747600,[17],"[""luis astolfi""]",2026-05-26T06:28:17.414698+00:00
ES:carlos sobera,ES,carlos sobera,carlos sobera,200,400,1779741600,1779746400,[4],"[""carlos sobera""]",2026-05-26T06:28:17.414698+00:00
ES:final mundial 2026,ES,final mundial 2026,final mundial 2026,500,100,1779709800,1779749400,"[17, 4]","[""final mundial 2026""]",2026-05-26T06:28:17.414698+00:00
ES:alex de minaur,ES,álex de miñaur,alex de minaur,500,1000,1779702000,1779708600,[11],"[""álex de miñaur""]",2026-05-26T06:28:17.414698+00:00
ES:la revuelta hoy,ES,la revuelta hoy,la revuelta hoy,500,75,1779740400,1779745200,[4],"[""la revuelta hoy""]",2026-05-26T06:28:17.414698+00:00
ES:gobierno,ES,gobierno,gobierno,500,300,1779721200,1779727800,"[14, 4]","[""gobierno""]",2026-05-26T06:28:17.414698+00:00
ES:metro bilbao,ES,metro bilbao,metro bilbao,200,300,1779736800,1779741600,[19],"[""metro bilbao""]",2026-05-26T06:28:17.414698+00:00
ES:cucurella,ES,cucurella,cucurella,500,300,1779708600,1779720000,[17],"[""cucurella""]",2026-05-26T06:28:17.414698+00:00
ES:convocatoria argentina mundial 2026,ES,convocatoria argentina mundial 2026,convocatoria argentina mundial 2026,500,300,1779709200,1779752400,[17],"[""convocatoria argentina mundial 2026"", ""messi lesion""]",2026-05-26T06:28:17.414698+00:00
ES:ohla,ES,ohla,ohla,500,400,1779695400,1779705600,[3],"[""ohla""]",2026-05-26T06:28:17.414698+00:00
ES:lain garcia calvo,ES,lain garcia calvo,lain garcia calvo,200,600,1779741600,1779745800,[4],"[""lain garcia calvo""]",2026-05-26T06:28:17.414698+00:00
ES:lorena bernal,ES,lorena bernal,lorena bernal,500,300,1779698400,1779708600,[17],"[""lorena bernal""]",2026-05-26T06:28:17.414698+00:00
ES:hotel ibis,ES,hotel ibis,hotel ibis,200,300,1779729600,1779739800,[10],"[""hotel ibis""]",2026-05-26T06:28:17.414698+00:00
ES:mujeres de hierro boticaria garcia,ES,mujeres de hierro boticaria garcia,mujeres de hierro boticaria garcia,500,500,1779720000,1779724800,[7],"[""mujeres de hierro boticaria garcia""]",2026-05-26T06:28:17.414698+00:00
ES:casper ruud,ES,casper ruud,casper ruud,500,1000,1779735000,1779736800,[17],"[""casper ruud""]",2026-05-26T06:28:17.414698+00:00
ES:juan soto ivars,ES,juan soto ivars,juan soto ivars,200,300,1779743400,1779747000,"[14, 10]","[""juan soto ivars""]",2026-05-26T06:28:17.414698+00:00
ES:morata,ES,morata,morata,200,200,1779707400,1779718800,[17],"[""morata""]",2026-05-26T06:28:17.414698+00:00
ES:articulo 14,ES,articulo 14,articulo 14,200,100,1779725400,1779774000,[10],"[""articulo 14""]",2026-05-26T06:28:17.414698+00:00
ES:marcos de quinto,ES,marcos de quinto,marcos de quinto,200,800,1779727800,1779732000,"[14, 4]","[""marcos de quinto""]",2026-05-26T06:28:17.414698+00:00
ES:esquelas cantabria,ES,esquelas cantabria,esquelas cantabria,200,100,1779746400,1779750000,[11],"[""esquelas cantabria""]",2026-05-26T06:28:17.414698+00:00
ES:despido improcedente,ES,despido improcedente,despido improcedente,500,700,1779699600,1779706800,"[3, 10]","[""despido improcedente""]",2026-05-26T06:28:17.414698+00:00
ES:leiva,ES,leiva,leiva,200,400,1779743400,1779746400,[4],"[""leiva""]",2026-05-26T06:28:17.414698+00:00
ES:memorial day,ES,memorial day,memorial day,200,200,1779714600,1779721200,"[10, 8]","[""memorial day""]",2026-05-26T06:28:17.414698+00:00
ES:teledeporte directo,ES,teledeporte directo,teledeporte directo,500,800,1779705000,1779708000,[17],"[""teledeporte directo"", ""antonio hidalgo""]",2026-05-26T06:28:17.414698+00:00
ES:rapid bucuresti - universitatea craiova,ES,rapid bucureşti - universitatea craiova,rapid bucuresti - universitatea craiova,200,500,1779730800,1779735000,[17],"[""rapid bucureşti - universitatea craiova""]",2026-05-26T06:28:17.414698+00:00
ES:renta 4 banco,ES,renta 4 banco,renta 4 banco,200,200,1779720000,1779740400,[3],"[""renta 4 banco""]",2026-05-26T06:28:17.414698+00:00
ES:manuel de la rocha,ES,manuel de la rocha,manuel de la rocha,200,400,1779733200,1779737400,[11],"[""manuel de la rocha""]",2026-05-26T06:28:17.414698+00:00
ES:factura,ES,factura,factura,200,400,1779700200,1779715200,[3],"[""factura""]",2026-05-26T06:28:17.414698+00:00
ES:geena davis,ES,geena davis,geena davis,100,300,1779742200,1779745800,[4],"[""geena davis""]",2026-05-26T06:28:17.414698+00:00
ES:ifomo,ES,ifomo,ifomo,100,300,1779742800,1779746400,[11],"[""ifomo""]",2026-05-26T06:28:17.414698+00:00
ES:norman reedus,ES,norman reedus,norman reedus,100,200,1779742800,1779747000,[4],"[""norman reedus""]",2026-05-26T06:28:17.414698+00:00
ES:richard gere,ES,richard gere,richard gere,200,400,1779719400,1779723000,[4],"[""richard gere""]",2026-05-26T06:28:17.414698+00:00
ES:jesus navas,ES,jesus navas,jesus navas,200,800,1779705600,1779709800,[11],"[""jesus navas""]",2026-05-26T06:28:17.414698+00:00
ES:alec baldwin,ES,alec baldwin,alec baldwin,100,300,1779737400,1779741600,[4],"[""alec baldwin""]",2026-05-26T06:28:17.414698+00:00
ES:la sagra,ES,la sagra,la sagra,200,600,1779744600,1779746400,[5],"[""la sagra""]",2026-05-26T06:28:17.414698+00:00
ES:mar menor,ES,mar menor,mar menor,200,200,1779712800,1779717600,[15],"[""mar menor""]",2026-05-26T06:28:17.414698+00:00
ES:hoy es festivo en cataluna,ES,hoy es festivo en cataluña,hoy es festivo en cataluna,200,300,1779691800,1779698400,[8],"[""hoy es festivo en cataluña""]",2026-05-26T06:28:17.414698+00:00
ES:salinas,ES,salinas,salinas,100,200,1779741000,1779744000,[11],"[""salinas""]",2026-05-26T06:28:17.414698+00:00
ES:heat dome,ES,heat dome,heat dome,100,200,1779740400,1779744000,[11],"[""heat dome""]",2026-05-26T06:28:17.414698+00:00
ES:angel victor torres,ES,angel victor torres,angel victor torres,200,400,1779723600,1779726600,"[10, 14]","[""angel victor torres""]",2026-05-26T06:28:17.414698+00:00
ES:tudela,ES,tudela,tudela,200,300,1779717600,1779721800,"[4, 8]","[""tudela""]",2026-05-26T06:28:17.414698+00:00
ES:la 1,ES,la 1,la 1,200,800,1779705600,1779708600,[4],"[""la 1""]",2026-05-26T06:28:17.414698+00:00
ES:aleix febas,ES,aleix febas,aleix febas,100,300,1779736800,1779740400,[17],"[""aleix febas""]",2026-05-26T06:28:17.414698+00:00
ES:memorial day 2026,ES,memorial day 2026,memorial day 2026,200,200,1779715200,1779721800,[11],"[""memorial day 2026""]",2026-05-26T06:28:17.414698+00:00
ES:thanasi kokkinakis,ES,thanasi kokkinakis,thanasi kokkinakis,100,300,1779724200,1779727800,[17],"[""thanasi kokkinakis""]",2026-05-26T06:28:17.414698+00:00
ES:puente,ES,puente,puente,200,200,1779695400,1779700200,[11],"[""puente""]",2026-05-26T06:28:17.414698+00:00
ES:marta rovira,ES,marta rovira,marta rovira,100,200,1779747000,1779749400,[10],"[""marta rovira""]",2026-05-26T06:28:17.414698+00:00
ES:teledeporte,ES,teledeporte,teledeporte,500,900,1779705600,1779707400,"[4, 17]","[""teledeporte""]",2026-05-26T06:28:17.414698+00:00
ES:havaianas isabel marant,ES,havaianas isabel marant,havaianas isabel marant,100,300,1779734400,1779738000,"[16, 2]","[""havaianas isabel marant""]",2026-05-26T06:28:17.414698+00:00
ES:que es la sepi,ES,qué es la sepi,que es la sepi,200,300,1779714600,1779737400,[11],"[""qué es la sepi""]",2026-05-26T06:28:17.414698+00:00
ES:mamen,ES,mamen,mamen,200,500,1779735600,1779737400,[11],"[""mamen""]",2026-05-26T06:28:17.414698+00:00
ES:elena rybakina,ES,elena rybakina,elena rybakina,200,400,1779712800,1779716400,[17],"[""elena rybakina""]",2026-05-26T06:28:17.414698+00:00
ES:grupo parlamentario,ES,grupo parlamentario,grupo parlamentario,100,300,1779717000,1779720600,"[14, 10]","[""grupo parlamentario""]",2026-05-26T06:28:17.414698+00:00
ES:entradas depor las palmas,ES,entradas depor las palmas,entradas depor las palmas,100,300,1779732000,1779735000,[17],"[""entradas depor las palmas""]",2026-05-26T06:28:17.414698+00:00
ES:merino,ES,merino,merino,200,400,1779708000,1779711000,[17],"[""merino""]",2026-05-26T06:28:17.414698+00:00
ES:rublev,ES,rublev,rublev,100,300,1779732000,1779734400,[17],"[""rublev""]",2026-05-26T06:28:17.414698+00:00
ES:velilla de san antonio,ES,velilla de san antonio,velilla de san antonio,200,300,1779708600,1779711600,[10],"[""velilla de san antonio""]",2026-05-26T06:28:17.414698+00:00
ES:kevin yebo,ES,kevin yebo,kevin yebo,200,400,1779704400,1779707400,[17],"[""kevin yebo""]",2026-05-26T06:28:17.414698+00:00
ES:arabia saudita,ES,arabia saudita,arabia saudita,100,200,1779713400,1779717000,[11],"[""arabia saudita""]",2026-05-26T06:28:17.414698+00:00
ES:cristina bucsa,ES,cristina bucșa,cristina bucsa,200,300,1779703800,1779707400,[17],"[""cristina bucșa""]",2026-05-26T06:28:17.414698+00:00
ES:brahim diaz,ES,brahim díaz,brahim diaz,200,200,1779713400,1779715800,[17],"[""brahim díaz""]",2026-05-26T06:28:17.414698+00:00
ES:driver,ES,driver,driver,100,300,1779723600,1779725400,[11],"[""driver""]",2026-05-26T06:28:17.414698+00:00
ES:markel beloki,ES,markel beloki,markel beloki,100,300,1779691800,1779696000,"[8, 17]","[""markel beloki""]",2026-05-26T06:28:17.414698+00:00
ES:tdp,ES,tdp,tdp,200,400,1779705600,1779707400,[14],"[""tdp""]",2026-05-26T06:28:17.414698+00:00
ES:xuso jones,ES,xuso jones,xuso jones,100,300,1779732000,1779733200,[4],"[""xuso jones""]",2026-05-26T06:28:17.414698+00:00
ES:victor munoz osasuna,ES,victor muñoz osasuna,victor munoz osasuna,100,300,1779709800,1779711600,[17],"[""victor muñoz osasuna""]",2026-05-26T06:28:17.414698+00:00
ES:dani olmo,ES,dani olmo,dani olmo,100,300,1779715200,1779718200,[17],"[""dani olmo""]",2026-05-26T06:28:17.414698+00:00
ES:plantilla real madrid,ES,plantilla real madrid,plantilla real madrid,100,300,1779717000,1779718200,[17],"[""plantilla real madrid""]",2026-05-26T06:28:17.414698+00:00
ES:toni martinez,ES,toni martinez,toni martinez,100,300,1779708000,1779709200,[17],"[""toni martinez""]",2026-05-26T06:28:17.414698+00:00
FI:erna husko,FI,erna husko,erna husko,5000,900,1779693000,,[4],"[""erna husko"", ""erna husko kalasatama""]",2026-05-26T06:29:02.910826+00:00
FI:hannah murray,FI,hannah murray,hannah murray,1000,1000,1779730200,,[4],"[""hannah murray""]",2026-05-26T06:29:02.910826+00:00
FI:vappu pimia,FI,vappu pimiä,vappu pimia,1000,900,1779728400,,"[3, 4]","[""vappu pimiä""]",2026-05-26T06:29:02.910826+00:00
FI:esapekka lappi,FI,esapekka lappi,esapekka lappi,1000,1000,1779725400,,[11],"[""esapekka lappi""]",2026-05-26T06:29:02.910826+00:00
FI:mm-jaakiekko,FI,mm-jääkiekko,mm-jaakiekko,1000,700,1779740400,,[17],"[""mm-jääkiekko""]",2026-05-26T06:29:02.910826+00:00
FI:sonja aiello,FI,sonja aiello,sonja aiello,500,1000,1779769200,,[4],"[""sonja aiello""]",2026-05-26T06:29:02.910826+00:00
FI:ferrari luce,FI,ferrari luce,ferrari luce,500,800,1779764400,,[1],"[""ferrari luce""]",2026-05-26T06:29:02.910826+00:00
FI:sonny rollins,FI,sonny rollins,sonny rollins,200,1000,1779772800,,[4],"[""sonny rollins""]",2026-05-26T06:29:02.910826+00:00
FI:turun seudun joukkoliikenne,FI,turun seudun joukkoliikenne,turun seudun joukkoliikenne,500,700,1779741000,,[19],"[""turun seudun joukkoliikenne""]",2026-05-26T06:29:02.910826+00:00
FI:ita-savo,FI,itä-savo,ita-savo,200,300,1779762000,,[11],"[""itä-savo""]",2026-05-26T06:29:02.910826+00:00
FI:ukraina,FI,ukraina,ukraina,10000,1000,1779712200,1779771000,[11],"[""ukraina""]",2026-05-26T06:29:02.910826+00:00
FI:nea lento,FI,nea lento,nea lento,200,500,1779768000,,[17],"[""nea lento""]",2026-05-26T06:29:02.910826+00:00
FI:suomi sveitsi,FI,suomi sveitsi,suomi sveitsi,500,200,1779720000,,[17],"[""suomi sveitsi""]",2026-05-26T06:29:02.910826+00:00
FI:tulipalo,FI,tulipalo,tulipalo,2000,1000,1779716400,1779773400,[11],"[""tulipalo""]",2026-05-26T06:29:02.910826+00:00
FI:patrik laine,FI,patrik laine,patrik laine,5000,1000,1779715800,1779768000,[6],"[""patrik laine""]",2026-05-26T06:29:02.910826+00:00
FI:huittinen,FI,huittinen,huittinen,1000,1000,1779727200,1779775800,[11],"[""huittinen"", ""huittinen maastopalo""]",2026-05-26T06:29:02.910826+00:00
FI:toimitusjohtaja,FI,toimitusjohtaja,toimitusjohtaja,2000,1000,1779697200,1779732600,[3],"[""toimitusjohtaja""]",2026-05-26T06:29:02.910826+00:00
FI:sami uotila,FI,sami uotila,sami uotila,2000,1000,1779711600,1779753000,[4],"[""sami uotila""]",2026-05-26T06:29:02.910826+00:00
FI:nhl,FI,nhl,nhl,500,100,1779763800,1779771000,[17],"[""nhl""]",2026-05-26T06:29:02.910826+00:00
FI:pekka pouta,FI,pekka pouta,pekka pouta,2000,1000,1779700800,1779729600,[11],"[""pekka pouta""]",2026-05-26T06:29:02.910826+00:00
FI:kadonnut,FI,kadonnut,kadonnut,500,1000,1779723600,1779772800,[11],"[""kadonnut""]",2026-05-26T06:29:02.910826+00:00
FI:kimmo kiljunen,FI,kimmo kiljunen,kimmo kiljunen,100,1000,1779773400,1779775200,[10],"[""kimmo kiljunen""]",2026-05-26T06:29:02.910826+00:00
FI:tanskan kuningatar,FI,tanskan kuningatar,tanskan kuningatar,500,1000,1779732000,1779769200,[7],"[""tanskan kuningatar""]",2026-05-26T06:29:02.910826+00:00
FI:donald trump,FI,donald trump,donald trump,2000,1000,1779721800,1779728400,[14],"[""donald trump""]",2026-05-26T06:29:02.910826+00:00
FI:hifk,FI,hifk,hifk,1000,1000,1779712800,1779735600,[17],"[""hifk""]",2026-05-26T06:29:02.910826+00:00
FI:stora enso,FI,stora enso,stora enso,500,1000,1779717000,1779746400,[3],"[""stora enso""]",2026-05-26T06:29:02.910826+00:00
FI:aku raty,FI,aku räty,aku raty,500,1000,1779735000,1779761400,[17],"[""aku räty""]",2026-05-26T06:29:02.910826+00:00
FI:puolue,FI,puolue,puolue,1000,1000,1779702600,1779724800,[11],"[""puolue""]",2026-05-26T06:29:02.910826+00:00
FI:huijaus,FI,huijaus,huijaus,2000,400,1779725400,1779732000,[10],"[""huijaus""]",2026-05-26T06:29:02.910826+00:00
FI:sean connery,FI,sean connery,sean connery,500,1000,1779733200,1779743400,[4],"[""sean connery""]",2026-05-26T06:29:02.910826+00:00
FI:tori amos,FI,tori amos,tori amos,200,500,1779732000,1779773400,[4],"[""tori amos""]",2026-05-26T06:29:02.910826+00:00
FI:olga temonen,FI,olga temonen,olga temonen,200,1000,1779726000,1779768600,[4],"[""olga temonen""]",2026-05-26T06:29:02.910826+00:00
FI:marja-liisa tykkylainen,FI,marja-liisa tykkyläinen,marja-liisa tykkylainen,500,800,1779717600,1779735600,"[14, 10]","[""marja-liisa tykkyläinen"", ""tykkyläinen marja liisa""]",2026-05-26T06:29:02.910826+00:00
FI:call of duty,FI,call of duty,call of duty,500,1000,1779704400,1779726000,[6],"[""call of duty""]",2026-05-26T06:29:02.910826+00:00
FI:arvopaperi,FI,arvopaperi,arvopaperi,500,800,1779697800,1779723000,[3],"[""arvopaperi""]",2026-05-26T06:29:02.910826+00:00
FI:anssi honkanen,FI,anssi honkanen,anssi honkanen,500,1000,1779729000,1779736200,[11],"[""anssi honkanen""]",2026-05-26T06:29:02.910826+00:00
FI:venajan ulkoministerion tiedottaja,FI,venäjän ulkoministeriön tiedottaja,venajan ulkoministerion tiedottaja,500,1000,1779700200,1779712800,"[10, 14]","[""venäjän ulkoministeriön tiedottaja""]",2026-05-26T06:29:02.910826+00:00
FI:kaarija,FI,käärijä,kaarija,1000,400,1779705600,1779719400,[4],"[""käärijä""]",2026-05-26T06:29:02.910826+00:00
FI:nhl playoffs,FI,nhl playoffs,nhl playoffs,100,75,1779764400,1779769200,[17],"[""nhl playoffs""]",2026-05-26T06:29:02.910826+00:00
FI:kiti kokkonen,FI,kiti kokkonen,kiti kokkonen,200,800,1779711000,1779723000,[4],"[""kiti kokkonen""]",2026-05-26T06:29:02.910826+00:00
FI:perussuomalaiset,FI,perussuomalaiset,perussuomalaiset,200,500,1779730200,1779767400,[14],"[""perussuomalaiset""]",2026-05-26T06:29:02.910826+00:00
FI:helsingin uutiset,FI,helsingin uutiset,helsingin uutiset,200,600,1779715200,1779722400,[17],"[""helsingin uutiset""]",2026-05-26T06:29:02.910826+00:00
FI:james bond,FI,james bond,james bond,200,400,1779733200,1779741600,[4],"[""james bond""]",2026-05-26T06:29:02.910826+00:00
FI:ifk mariehamn,FI,ifk mariehamn,ifk mariehamn,200,600,1779715200,1779723600,[17],"[""ifk mariehamn""]",2026-05-26T06:29:02.910826+00:00
FI:jarmo lindberg,FI,jarmo lindberg,jarmo lindberg,200,1000,1779722400,1779726000,[11],"[""jarmo lindberg""]",2026-05-26T06:29:02.910826+00:00
FI:satakunnan kansa,FI,satakunnan kansa,satakunnan kansa,100,50,1779765600,1779766800,[10],"[""satakunnan kansa""]",2026-05-26T06:29:02.910826+00:00
FI:suomi fi,FI,suomi fi,suomi fi,100,100,1779721200,1779723600,[11],"[""suomi fi""]",2026-05-26T06:29:02.910826+00:00
FR:pierre deny,FR,pierre deny,pierre deny,100000,1000,1779727800,,[4],"[""pierre deny"", ""pierre denis acteur"", ""demain nous appartient"", ""une femme d'honneur"", ""pierre deny demain nous appartient"", ""acteur demain nous appartient"", ""deces acteur"", ""acteur pierre denis"", ""julie lescaut"", ""acteur décédé aujourd'hui""]",2026-05-26T06:29:44.783650+00:00
FR:europe,FR,europe,europe,50000,1000,1779714000,,[10],"[""europe""]",2026-05-26T06:29:44.783650+00:00
FR:gael monfils,FR,gael monfils,gael monfils,50000,1000,1779720600,,"[17, 4]","[""gael monfils"", ""gaël monfils"", ""monfils gaston"", ""gael monfils roland garros"", ""gaston monfils"", ""monfils roland garros 2026"", ""monfils roland garros"", ""match monfils gaston"", ""gilles simon"", ""gael monfils roland garros 2026"", ""lucas pouille"", ""gaston tennis"", ""gaston monfils chaine"", ""match gael monfils"", ""match monfils"", ""monfils tennis"", ""femme gael monfils"", ""ou regarder roland garros"", ""night session roland garros"", ""mon fils"", ""ou regarder monfils gaston"", ""gaël monfils classement"", ""gaston hugo"", ""que va faire gael monfils"", ""femme de gael monfils"", ""roland garros monfils"", ""roland garros chaine"", ""chaine monfils gaston"", ""chaine roland garros"", ""ou voir monfils gaston"", ""match monfils quelle chaine""]",2026-05-26T06:29:44.783650+00:00
FR:anne-claire coudray,FR,anne-claire coudray,anne-claire coudray,20000,1000,1779722400,,[4],"[""anne-claire coudray""]",2026-05-26T06:29:44.783650+00:00
FR:sophie binet,FR,sophie binet,sophie binet,20000,1000,1779696000,,[11],"[""sophie binet""]",2026-05-26T06:29:44.783650+00:00
FR:peter magyar,FR,péter magyar,peter magyar,10000,1000,1779727200,,"[14, 10]","[""péter magyar""]",2026-05-26T06:29:44.783650+00:00
FR:beatrice bellamy,FR,beatrice bellamy,beatrice bellamy,20000,1000,1779697800,,"[14, 10]","[""beatrice bellamy"", ""béatrice bellamy"", ""vendée"", ""bellamy"", ""bellamy beatrice""]",2026-05-26T06:29:44.783650+00:00
FR:ferrari luce,FR,ferrari luce,ferrari luce,5000,1000,1779732600,,[1],"[""ferrari luce""]",2026-05-26T06:29:44.783650+00:00
FR:antoine dupont,FR,antoine dupont,antoine dupont,20000,1000,1779711000,,[17],"[""antoine dupont""]",2026-05-26T06:29:44.783650+00:00
FR:crocodile,FR,crocodile,crocodile,20000,1000,1779709800,,[11],"[""crocodile""]",2026-05-26T06:29:44.783650+00:00
FR:championnat du monde de formule 1 2026,FR,championnat du monde de formule 1 2026,championnat du monde de formule 1 2026,10000,1000,1779715200,,[17],"[""championnat du monde de formule 1 2026"", ""formule 1 classement""]",2026-05-26T06:29:44.783650+00:00
FR:orage,FR,orage,orage,20000,1000,1779696600,,[20],"[""orage""]",2026-05-26T06:29:44.783650+00:00
FR:vigilance forte canicule,FR,vigilance forte canicule,vigilance forte canicule,20000,1000,1779718800,,[20],"[""vigilance forte canicule"", ""alerte canicule"", ""vigilance météorologique de météo-france"", ""chauffage"", ""maine-et-loire""]",2026-05-26T06:29:44.783650+00:00
FR:freinage automatique d'urgence,FR,freinage automatique d'urgence,freinage automatique d'urgence,5000,1000,1779735000,,[1],"[""freinage automatique d'urgence""]",2026-05-26T06:29:44.783650+00:00
FR:jean-pascal zadi,FR,jean-pascal zadi,jean-pascal zadi,10000,1000,1779715800,,[4],"[""jean-pascal zadi"", ""jean pascal zadi""]",2026-05-26T06:29:44.783650+00:00
FR:wawrinka,FR,wawrinka,wawrinka,50000,1000,1779705600,,"[17, 4]","[""wawrinka"", ""stan wawrinka"", ""de jong tennis"", ""de jong"", ""wawrinka roland garros"", ""short wawrinka"", ""roger federer"", ""short wawrinka roland garros 2015"", ""alcaraz roland garros 2026"", ""wawrinka roland garros 2015"", ""wawrinka short""]",2026-05-26T06:29:44.783650+00:00
FR:lois boisson roland-garros 2026,FR,loïs boisson roland-garros 2026,lois boisson roland-garros 2026,10000,1000,1779733200,,[17],"[""loïs boisson roland-garros 2026"", ""lois boisson"", ""anna kalinskaya"", ""loïs boisson""]",2026-05-26T06:29:44.783650+00:00
FR:croix,FR,croix,croix,5000,900,1779712200,,[11],"[""croix""]",2026-05-26T06:29:44.783650+00:00
FR:illya zabarnyi,FR,illya zabarnyi,illya zabarnyi,10000,1000,1779691200,,[17],"[""illya zabarnyi""]",2026-05-26T06:29:44.783650+00:00
FR:arnold schwarzenegger,FR,arnold schwarzenegger,arnold schwarzenegger,5000,900,1779726000,,[4],"[""arnold schwarzenegger""]",2026-05-26T06:29:44.783650+00:00
FR:fumee,FR,fumée,fumee,5000,700,1779732600,,[11],"[""fumée""]",2026-05-26T06:29:44.783650+00:00
FR:sonny rollins,FR,sonny rollins,sonny rollins,2000,1000,1779768600,,[4],"[""sonny rollins""]",2026-05-26T06:29:44.783650+00:00
FR:tadej pogacar,FR,tadej pogacar,tadej pogacar,2000,700,1779729000,,"[17, 8]","[""tadej pogacar""]",2026-05-26T06:29:44.783650+00:00
FR:hyrox lyon,FR,hyrox lyon,hyrox lyon,10000,500,1779714600,,[11],"[""hyrox lyon""]",2026-05-26T06:29:44.783650+00:00
FR:mexique,FR,mexique,mexique,2000,600,1779733800,,[17],"[""mexique""]",2026-05-26T06:29:44.783650+00:00
FR:jean arnault,FR,jean arnault,jean arnault,2000,500,1779733200,,[4],"[""jean arnault""]",2026-05-26T06:29:44.783650+00:00
FR:cavaliers – knicks,FR,cavaliers – knicks,cavaliers – knicks,5000,1000,1779754200,,[17],"[""cavaliers – knicks""]",2026-05-26T06:29:44.783650+00:00
FR:aid,FR,aid,aid,5000,100,1779708000,,[11],"[""aid"", ""aid el kebir 2026"", ""aid 2026"", ""aid el kebir"", ""l'aid 2026"", ""aïd 2026"", ""eid al adha 2026""]",2026-05-26T06:29:44.783650+00:00
FR:salaire minimum,FR,salaire minimum,salaire minimum,5000,600,1779711600,,[11],"[""salaire minimum""]",2026-05-26T06:29:44.783650+00:00
FR:ferrari electrique,FR,ferrari electrique,ferrari electrique,2000,900,1779768600,,[1],"[""ferrari electrique"", ""ferrari"", ""luce ferrari""]",2026-05-26T06:29:44.783650+00:00
FR:jo-wilfried tsonga,FR,jo-wilfried tsonga,jo-wilfried tsonga,2000,500,1779723000,,[17],"[""jo-wilfried tsonga"", ""jo wilfried tsonga"", ""rune tennis""]",2026-05-26T06:29:44.783650+00:00
FR:tf1 info,FR,tf1 info,tf1 info,5000,500,1779742200,,[14],"[""tf1 info"", ""iran"", ""26 mai"", ""moyen-orient"", ""accords d'abraham"", ""lci direct"", ""guerre iran""]",2026-05-26T06:29:44.783650+00:00
FR:gilles lellouche,FR,gilles lellouche,gilles lellouche,2000,1000,1779768600,,[4],"[""gilles lellouche"", ""franceinfo""]",2026-05-26T06:29:44.783650+00:00
FR:luigi dall'igna,FR,luigi dall'igna,luigi dall'igna,5000,800,1779693600,,[17],"[""luigi dall'igna""]",2026-05-26T06:29:44.783650+00:00
FR:air france guadeloupe,FR,air france guadeloupe,air france guadeloupe,2000,700,1779741000,,[11],"[""air france guadeloupe""]",2026-05-26T06:29:44.783650+00:00
FR:bruce springsteen,FR,bruce springsteen,bruce springsteen,5000,600,1779702000,,[4],"[""bruce springsteen""]",2026-05-26T06:29:44.783650+00:00
FR:miles davis,FR,miles davis,miles davis,5000,1000,1779723600,,[4],"[""miles davis""]",2026-05-26T06:29:44.783650+00:00
FR:la baule,FR,la baule,la baule,2000,300,1779740400,,[11],"[""la baule""]",2026-05-26T06:29:44.783650+00:00
FR:alpinisme,FR,alpinisme,alpinisme,2000,500,1779708000,,"[8, 17]","[""alpinisme""]",2026-05-26T06:29:44.783650+00:00
FR:rappel steak hache carrefour,FR,rappel steak haché carrefour,rappel steak hache carrefour,2000,500,1779722400,,"[5, 3]","[""rappel steak haché carrefour""]",2026-05-26T06:29:44.783650+00:00
FR:sabrina medjebeur,FR,sabrina medjebeur,sabrina medjebeur,1000,600,1779751800,,[10],"[""sabrina medjebeur""]",2026-05-26T06:29:44.783650+00:00
FR:demain nous appartient du 28 mai 2026,FR,demain nous appartient du 28 mai 2026,demain nous appartient du 28 mai 2026,2000,400,1779710400,,[4],"[""demain nous appartient du 28 mai 2026""]",2026-05-26T06:29:44.783650+00:00
FR:saint-siege,FR,saint-siège,saint-siege,5000,500,1779723000,,[11],"[""saint-siège"", ""intelligence artificielle"", ""magnifica humanitas"", ""encyclique"", ""thierry breton""]",2026-05-26T06:29:44.783650+00:00
FR:andrew mountbatten windsor,FR,andrew mountbatten windsor,andrew mountbatten windsor,2000,500,1779712200,,[10],"[""andrew mountbatten windsor""]",2026-05-26T06:29:44.783650+00:00
FR:semi-marathon,FR,semi-marathon,semi-marathon,2000,900,1779733800,,"[17, 8]","[""semi-marathon""]",2026-05-26T06:29:44.783650+00:00
FR:prix petrole accord iran,FR,prix pétrole accord iran,prix petrole accord iran,2000,200,1779724800,,[3],"[""prix pétrole accord iran"", ""carburant"", ""baril""]",2026-05-26T06:29:44.783650+00:00
FR:pierre gasly,FR,pierre gasly,pierre gasly,2000,400,1779738600,,[17],"[""pierre gasly""]",2026-05-26T06:29:44.783650+00:00
FR:nate jacobs,FR,nate jacobs,nate jacobs,2000,300,1779734400,,[4],"[""nate jacobs""]",2026-05-26T06:29:44.783650+00:00
FR:canadiens – hurricanes,FR,canadiens – hurricanes,canadiens – hurricanes,1000,600,1779757200,,[17],"[""canadiens – hurricanes"", ""canadiens montreal""]",2026-05-26T06:29:44.783650+00:00
FR:n'oubliez pas les paroles,FR,n'oubliez pas les paroles,n'oubliez pas les paroles,2000,600,1779770400,,[4],"[""n'oubliez pas les paroles"", ""n'oubliez pas les paroles !""]",2026-05-26T06:29:44.783650+00:00
FR:arafat,FR,arafat,arafat,2000,300,1779730200,,[11],"[""arafat""]",2026-05-26T06:29:44.783650+00:00
FR:elina svitolina,FR,elina svitolina,elina svitolina,5000,1000,1779712200,,[17],"[""elina svitolina"", ""bondar""]",2026-05-26T06:29:44.783650+00:00
FR:knicks,FR,knicks,knicks,2000,500,1779754800,,[17],"[""knicks"", ""cavaliers vs knicks""]",2026-05-26T06:29:44.783650+00:00
FR:ali khamenei,FR,ali khamenei,ali khamenei,2000,600,1779731400,,[11],"[""ali khamenei""]",2026-05-26T06:29:44.783650+00:00
FR:genesio,FR,genesio,genesio,2000,400,1779731400,,[17],"[""genesio""]",2026-05-26T06:29:44.783650+00:00
FR:ophelie winter,FR,ophélie winter,ophelie winter,2000,300,1779719400,,[11],"[""ophélie winter"", ""ophelie winter""]",2026-05-26T06:29:44.783650+00:00
FR:championnats petanque occitanie,FR,championnats pétanque occitanie,championnats petanque occitanie,1000,200,1779731400,,"[17, 8]","[""championnats pétanque occitanie""]",2026-05-26T06:29:44.783650+00:00
FR:insecte,FR,insecte,insecte,2000,200,1779700200,,"[15, 3]","[""insecte""]",2026-05-26T06:29:44.783650+00:00
FR:edouard philippe,FR,édouard philippe,edouard philippe,1000,1000,1779775800,,[14],"[""édouard philippe"", ""odoxa""]",2026-05-26T06:29:44.783650+00:00
FR:francois villeroy de galhau,FR,françois villeroy de galhau,francois villeroy de galhau,1000,300,1779739800,,[3],"[""françois villeroy de galhau""]",2026-05-26T06:29:44.783650+00:00
FR:wolfsburg,FR,wolfsburg,wolfsburg,2000,500,1779735000,,[17],"[""wolfsburg"", ""paderborn wolfsburg"", ""paderborn"", ""sc paderborn – wolfsburg""]",2026-05-26T06:29:44.783650+00:00
FR:clement tabur,FR,clément tabur,clement tabur,1000,200,1779727200,,[17],"[""clément tabur"", ""sinner roland garros 2026""]",2026-05-26T06:29:44.783650+00:00
FR:pierre garnier,FR,pierre garnier,pierre garnier,1000,300,1779730200,,[4],"[""pierre garnier""]",2026-05-26T06:29:44.783650+00:00
FR:gare de lyon,FR,gare de lyon,gare de lyon,5000,200,1779739800,,[11],"[""gare de lyon"", ""train"", ""sncf"", ""actualites"", ""sncf connect""]",2026-05-26T06:29:44.783650+00:00
FR:casper ruud,FR,casper ruud,casper ruud,20000,1000,1779726600,1779776400,[17],"[""casper ruud"", ""ruud"", ""roman safiullin"", ""safiullin tennis"", ""ruud tennis"", ""ruud casper"", ""ruud safiullin""]",2026-05-26T06:29:44.783650+00:00
FR:vianney,FR,vianney,vianney,2000,200,1779709800,,[4],"[""vianney"", ""vianney concert 2027""]",2026-05-26T06:29:44.783650+00:00
FR:belgique,FR,belgique,belgique,2000,400,1779721200,,[11],"[""belgique""]",2026-05-26T06:29:44.783650+00:00
FR:jeremie poppe,FR,jeremie poppe,jeremie poppe,1000,300,1779768000,,[4],"[""jeremie poppe"", ""jérémie poppe"", ""élodie varlet""]",2026-05-26T06:29:44.783650+00:00
FR:julie de bona,FR,julie de bona,julie de bona,1000,500,1779739200,,[4],"[""julie de bona""]",2026-05-26T06:29:44.783650+00:00
FR:rockstar games,FR,rockstar games,rockstar games,1000,300,1779740400,,[6],"[""rockstar games""]",2026-05-26T06:29:44.783650+00:00
FR:bar,FR,bar,bar,2000,200,1779716400,,[10],"[""bar""]",2026-05-26T06:29:44.783650+00:00
FR:atmane,FR,atmane,atmane,50000,1000,1779711000,1779746400,[17],"[""atmane"", ""kokkinakis"", ""terence atmane"", ""térence atmane"", ""thanasi kokkinakis"", ""atmane tennis"", ""atmane roland garros"", ""kokkinakis atmane"", ""atmane terence"", ""tennis atmane"", ""atmane classement atp""]",2026-05-26T06:29:44.783650+00:00
FR:charente libre,FR,charente libre,charente libre,2000,100,1779723600,,"[1, 8]","[""charente libre""]",2026-05-26T06:29:44.783650+00:00
FR:moise kouame,FR,moïse kouamé,moise kouame,1000,300,1779775800,,[17],"[""moïse kouamé"", ""marin čilić"", ""richard gasquet""]",2026-05-26T06:29:44.783650+00:00
FR:damgan,FR,damgan,damgan,500,200,1779741600,,[11],"[""damgan""]",2026-05-26T06:29:44.783650+00:00
FR:diplomatie,FR,diplomatie,diplomatie,500,300,1779740400,,[14],"[""diplomatie""]",2026-05-26T06:29:44.783650+00:00
FR:vars,FR,vars,vars,500,300,1779747000,,[10],"[""vars"", ""hautes-alpes"", ""le dauphine"", ""dauphiné libéré""]",2026-05-26T06:29:44.783650+00:00
FR:siegfried mazet,FR,siegfried mazet,siegfried mazet,200,200,1779771000,,[17],"[""siegfried mazet""]",2026-05-26T06:29:44.783650+00:00
FR:دعاء يوم عرفة,FR,دعاء يوم عرفة,دعاء يوم عرفة,1000,200,1779759600,,[11],"[""دعاء يوم عرفة"", ""دعاء ليلة عرفة""]",2026-05-26T06:29:44.783650+00:00
FR:produit de protection solaire,FR,produit de protection solaire,produit de protection solaire,1000,200,1779731400,,[2],"[""produit de protection solaire""]",2026-05-26T06:29:44.783650+00:00
FR:declaration impot 2026 date limite,FR,declaration impot 2026 date limite,declaration impot 2026 date limite,1000,100,1779769800,,"[3, 10]","[""declaration impot 2026 date limite"", ""date limite declaration impots 2026""]",2026-05-26T06:29:44.783650+00:00
FR:madagascar,FR,madagascar,madagascar,1000,100,1779705000,,[10],"[""madagascar""]",2026-05-26T06:29:44.783650+00:00
FR:raquel garrido,FR,raquel garrido,raquel garrido,1000,100,1779727800,,[10],"[""raquel garrido""]",2026-05-26T06:29:44.783650+00:00
FR:actu orleans,FR,actu orléans,actu orleans,1000,200,1779770400,,[11],"[""actu orléans"", ""cathédrale sainte-croix d'orléans""]",2026-05-26T06:29:44.783650+00:00
FR:un milliard,FR,un milliard,un milliard,500,300,1779737400,,[6],"[""un milliard""]",2026-05-26T06:29:44.783650+00:00
FR:laigneville,FR,laigneville,laigneville,200,200,1779769800,,[11],"[""laigneville""]",2026-05-26T06:29:44.783650+00:00
FR:resultat loto 25 mai 2026,FR,resultat loto 25 mai 2026,resultat loto 25 mai 2026,200,200,1779770400,,[6],"[""resultat loto 25 mai 2026""]",2026-05-26T06:29:44.783650+00:00
FR:saint etienne nice,FR,saint etienne nice,saint etienne nice,2000,100,1779736200,,[17],"[""saint etienne nice"", ""association sportive de saint-étienne""]",2026-05-26T06:29:44.783650+00:00
FR:arthur rinderknech,FR,arthur rinderknech,arthur rinderknech,20000,1000,1779700200,1779730800,[17],"[""arthur rinderknech"", ""rinderknech""]",2026-05-26T06:29:44.783650+00:00
FR:livret a,FR,livret a,livret a,1000,300,1779764400,1779774600,[3],"[""livret a""]",2026-05-26T06:29:44.783650+00:00
FR:rtl2,FR,rtl2,rtl2,200,50,1779775800,,[4],"[""rtl2""]",2026-05-26T06:29:44.783650+00:00
FR:telefoot,FR,téléfoot,telefoot,100,400,1779775800,,"[17, 4]","[""téléfoot""]",2026-05-26T06:29:44.783650+00:00
FR:monaco – bourg-en-bresse,FR,monaco – bourg-en-bresse,monaco – bourg-en-bresse,2000,1000,1779734400,1779776400,[17],"[""monaco – bourg-en-bresse"", ""monaco basket""]",2026-05-26T06:29:44.783650+00:00
FR:lanzarote,FR,lanzarote,lanzarote,10000,1000,1779740400,1779752400,[3],"[""lanzarote""]",2026-05-26T06:29:44.783650+00:00
FR:independence day,FR,independence day,independence day,5000,1000,1779732600,1779752400,[4],"[""independence day""]",2026-05-26T06:29:44.783650+00:00
FR:tour de france,FR,tour de france,tour de france,5000,600,1779700800,1779775800,"[17, 8]","[""tour de france""]",2026-05-26T06:29:44.783650+00:00
FR:luca van assche,FR,luca van assche,luca van assche,5000,1000,1779697200,1779742800,[17],"[""luca van assche""]",2026-05-26T06:29:44.783650+00:00
FR:greve aeroport paris juin 2026,FR,grève aéroport paris juin 2026,greve aeroport paris juin 2026,200,100,1779739200,,[11],"[""grève aéroport paris juin 2026""]",2026-05-26T06:29:44.783650+00:00
FR:ventilateur brumisateur,FR,ventilateur brumisateur,ventilateur brumisateur,2000,200,1779700200,1779777000,"[8, 3]","[""ventilateur brumisateur""]",2026-05-26T06:29:44.783650+00:00
FR:memorial day 2026,FR,memorial day 2026,memorial day 2026,2000,200,1779691800,1779757200,[11],"[""memorial day 2026""]",2026-05-26T06:29:44.783650+00:00
FR:suzanne lenglen,FR,suzanne lenglen,suzanne lenglen,200,400,1779750600,,[17],"[""suzanne lenglen""]",2026-05-26T06:29:44.783650+00:00
FR:tokyo,FR,tokyo,tokyo,5000,700,1779693600,1779744600,[10],"[""tokyo""]",2026-05-26T06:29:44.783650+00:00
FR:ugo humbert,FR,ugo humbert,ugo humbert,10000,1000,1779714000,1779734400,[17],"[""ugo humbert"", ""adrian mannarino"", ""humbert"", ""humbert tennis"", ""mannarino tennis""]",2026-05-26T06:29:44.783650+00:00
FR:credit agricole,FR,crédit agricole,credit agricole,5000,200,1779716400,1779774000,[3],"[""crédit agricole""]",2026-05-26T06:29:44.783650+00:00
FR:tsonga,FR,tsonga,tsonga,2000,500,1779733800,1779775800,[17],"[""tsonga""]",2026-05-26T06:29:44.783650+00:00
FR:jesper de jong,FR,jesper de jong,jesper de jong,5000,1000,1779706800,1779737400,[17],"[""jesper de jong"", ""gilles moretton"", ""alex de minaur""]",2026-05-26T06:29:44.783650+00:00
FR:eurodreams 25 mai 2026,FR,eurodreams 25 mai 2026,eurodreams 25 mai 2026,100,100,1779773400,,[6],"[""eurodreams 25 mai 2026""]",2026-05-26T06:29:44.783650+00:00
FR:gregg popovich,FR,gregg popovich,gregg popovich,2000,600,1779693600,1779776400,[17],"[""gregg popovich""]",2026-05-26T06:29:44.783650+00:00
FR:al-nassr football club,FR,al-nassr football club,al-nassr football club,2000,400,1779712200,1779751800,[11],"[""al-nassr football club""]",2026-05-26T06:29:44.783650+00:00
FR:safiullin,FR,safiullin,safiullin,5000,1000,1779726600,1779739200,[17],"[""safiullin""]",2026-05-26T06:29:44.783650+00:00
FR:montagne,FR,montagne,montagne,2000,500,1779714600,1779775800,[10],"[""montagne""]",2026-05-26T06:29:44.783650+00:00
FR:ignacio buse,FR,ignacio buse,ignacio buse,5000,1000,1779721200,1779736800,[17],"[""ignacio buse""]",2026-05-26T06:29:44.783650+00:00
FR:red dead redemption,FR,red dead redemption,red dead redemption,1000,200,1779729000,1779776400,[6],"[""red dead redemption""]",2026-05-26T06:29:44.783650+00:00
FR:knicks cavs,FR,knicks cavs,knicks cavs,200,100,1779759600,1779777000,[17],"[""knicks cavs""]",2026-05-26T06:29:44.783650+00:00
FR:avion de chasse,FR,avion de chasse,avion de chasse,2000,400,1779691200,1779733800,[11],"[""avion de chasse""]",2026-05-26T06:29:44.783650+00:00
FR:buse tennis,FR,buse tennis,buse tennis,5000,1000,1779726000,1779736200,[17],"[""buse tennis"", ""rublev tennis"", ""buse rublev""]",2026-05-26T06:29:44.783650+00:00
FR:incendie,FR,incendie,incendie,2000,200,1779734400,1779775200,[11],"[""incendie"", ""incendie angouleme"", ""sirmet""]",2026-05-26T06:29:44.783650+00:00
FR:van assche,FR,van assche,van assche,5000,1000,1779702600,1779719400,"[17, 4]","[""van assche"", ""van assche roland garros""]",2026-05-26T06:29:44.783650+00:00
FR:jeanjean,FR,jeanjean,jeanjean,5000,1000,1779717600,1779727800,[17],"[""jeanjean"", ""léolia jeanjean"", ""leolia jeanjean"", ""jeanjean tennis"", ""rakotomanga rajaonah"", ""jean jean tennis""]",2026-05-26T06:29:44.783650+00:00
FR:sarah rakotomanga,FR,sarah rakotomanga,sarah rakotomanga,2000,600,1779709800,1779733200,[17],"[""sarah rakotomanga""]",2026-05-26T06:29:44.783650+00:00
FR:palantir,FR,palantir,palantir,2000,1000,1779742800,1779750000,[3],"[""palantir""]",2026-05-26T06:29:44.783650+00:00
FR:ete 36,FR,ete 36,ete 36,2000,1000,1779738600,1779745800,[4],"[""ete 36"", ""ete 36 serie"", ""lete 36""]",2026-05-26T06:29:44.783650+00:00
FR:drogue,FR,drogue,drogue,2000,400,1779720000,1779744000,[10],"[""drogue""]",2026-05-26T06:29:44.783650+00:00
FR:afonso moreira,FR,afonso moreira,afonso moreira,2000,200,1779717000,1779746400,[17],"[""afonso moreira""]",2026-05-26T06:29:44.783650+00:00
FR:laos,FR,laos,laos,2000,300,1779718800,1779768000,[11],"[""laos"", ""grotte""]",2026-05-26T06:29:44.783650+00:00
FR:jour de arafat,FR,jour de arafat,jour de arafat,500,100,1779741600,1779775200,[11],"[""jour de arafat""]",2026-05-26T06:29:44.783650+00:00
FR:rublev,FR,rublev,rublev,2000,1000,1779726000,1779737400,[17],"[""rublev""]",2026-05-26T06:29:44.783650+00:00
FR:prix,FR,prix,prix,2000,400,1779702600,1779733800,[1],"[""prix""]",2026-05-26T06:29:44.783650+00:00
FR:nourrisson,FR,nourrisson,nourrisson,200,200,1779765600,1779775200,"[8, 13]","[""nourrisson""]",2026-05-26T06:29:44.783650+00:00
FR:svitolina,FR,svitolina,svitolina,2000,1000,1779714600,1779751200,[17],"[""svitolina"", ""anna bondar""]",2026-05-26T06:29:44.783650+00:00
FR:gaston,FR,gaston,gaston,2000,500,1779735600,1779750000,[17],"[""gaston"", ""age gael monfils""]",2026-05-26T06:29:44.783650+00:00
FR:andrey rublev,FR,andrey rublev,andrey rublev,2000,1000,1779720000,1779736200,"[17, 6]","[""andrey rublev""]",2026-05-26T06:29:44.783650+00:00
FR:mannarino,FR,mannarino,mannarino,5000,1000,1779715200,1779726000,[17],"[""mannarino"", ""aleksandar kovacevic""]",2026-05-26T06:29:44.783650+00:00
FR:liste espagne coupe du monde 2026,FR,liste espagne coupe du monde 2026,liste espagne coupe du monde 2026,2000,300,1779707400,1779748200,[17],"[""liste espagne coupe du monde 2026"", ""dean huijsen""]",2026-05-26T06:29:44.783650+00:00
FR:francesco bagnaia,FR,francesco bagnaia,francesco bagnaia,500,300,1779730800,1779772200,[17],"[""francesco bagnaia""]",2026-05-26T06:29:44.783650+00:00
FR:olympique de marseille,FR,olympique de marseille,olympique de marseille,500,75,1779768600,1779772800,[17],"[""olympique de marseille""]",2026-05-26T06:29:44.783650+00:00
FR:cyclisme,FR,cyclisme,cyclisme,2000,900,1779707400,1779721200,"[17, 8]","[""cyclisme""]",2026-05-26T06:29:44.783650+00:00
FR:vilius gaubas,FR,vilius gaubas,vilius gaubas,2000,1000,1779702000,1779718800,[17],"[""vilius gaubas""]",2026-05-26T06:29:44.783650+00:00
FR:isabelle carre,FR,isabelle carré,isabelle carre,2000,700,1779737400,1779747000,[4],"[""isabelle carré"", ""gregory gadebois""]",2026-05-26T06:29:44.783650+00:00
FR:ben shelton,FR,ben shelton,ben shelton,2000,600,1779726000,1779739800,[17],"[""ben shelton"", ""shelton""]",2026-05-26T06:29:44.783650+00:00
FR:nanterre – le mans,FR,nanterre – le mans,nanterre – le mans,2000,1000,1779727200,1779739800,[17],"[""nanterre – le mans""]",2026-05-26T06:29:44.783650+00:00
FR:rodionov,FR,rodionov,rodionov,5000,1000,1779700800,1779712800,[17],"[""rodionov"", ""jurij rodionov""]",2026-05-26T06:29:44.783650+00:00
FR:prime video,FR,prime video,prime video,5000,75,1779735600,1779747000,[4],"[""prime video""]",2026-05-26T06:29:44.783650+00:00
FR:marathon,FR,marathon,marathon,1000,300,1779717600,1779772800,[11],"[""marathon""]",2026-05-26T06:29:44.783650+00:00
FR:france tv roland garros,FR,france tv roland garros,france tv roland garros,2000,100,1779714000,1779747600,[17],"[""france tv roland garros"", ""prime video roland garros"", ""diffusion roland garros 2026"", ""amazon prime video"", ""sur quelle chaîne regarder roland garros""]",2026-05-26T06:29:44.783650+00:00
FR:nouveau missile russe ukraine,FR,nouveau missile russe ukraine,nouveau missile russe ukraine,1000,200,1779703200,1779731400,[11],"[""nouveau missile russe ukraine"", ""guerre ukraine""]",2026-05-26T06:29:44.783650+00:00
FR:hugo gaston classement,FR,hugo gaston classement,hugo gaston classement,1000,400,1779735600,1779748200,"[17, 4]","[""hugo gaston classement"", ""classement hugo gaston"", ""hugo gaston classement atp""]",2026-05-26T06:29:44.783650+00:00
FR:rafael nadal,FR,rafael nadal,rafael nadal,1000,400,1779735000,1779746400,"[17, 4]","[""rafael nadal""]",2026-05-26T06:29:44.783650+00:00
FR:marion bartoli,FR,marion bartoli,marion bartoli,1000,600,1779732600,1779752400,[17],"[""marion bartoli""]",2026-05-26T06:29:44.783650+00:00
FR:france identite,FR,france identité,france identite,1000,300,1779717600,1779751200,[10],"[""france identité""]",2026-05-26T06:29:44.783650+00:00
FR:amanda anisimova,FR,amanda anisimova,amanda anisimova,2000,600,1779721200,1779729600,[17],"[""amanda anisimova"", ""anisimova"", ""rakotomanga tennis""]",2026-05-26T06:29:44.783650+00:00
FR:pierre-emerick aubameyang,FR,pierre-emerick aubameyang,pierre-emerick aubameyang,1000,200,1779699000,1779736200,[17],"[""pierre-emerick aubameyang""]",2026-05-26T06:29:44.783650+00:00
FR:jean-louis aubert,FR,jean-louis aubert,jean-louis aubert,1000,200,1779715800,1779736800,[4],"[""jean-louis aubert""]",2026-05-26T06:29:44.783650+00:00
FR:plafond salarial,FR,plafond salarial,plafond salarial,1000,500,1779695400,1779714600,[17],"[""plafond salarial""]",2026-05-26T06:29:44.783650+00:00
FR:gaubas,FR,gaubas,gaubas,2000,1000,1779709800,1779718200,[17],"[""gaubas"", ""patrick kypson""]",2026-05-26T06:29:44.783650+00:00
FR:rafael jodar,FR,rafael jódar,rafael jodar,2000,1000,1779709800,1779716400,[17],"[""rafael jódar"", ""rafael jodar"", ""jodar""]",2026-05-26T06:29:44.783650+00:00
FR:kaitlin quevedo,FR,kaitlin quevedo,kaitlin quevedo,2000,1000,1779717600,1779726000,[17],"[""kaitlin quevedo""]",2026-05-26T06:29:44.783650+00:00
FR:avengers doomsday,FR,avengers doomsday,avengers doomsday,200,100,1779738600,1779775800,[4],"[""avengers doomsday""]",2026-05-26T06:29:44.783650+00:00
FR:philippe etchebest,FR,philippe etchebest,philippe etchebest,500,800,1779734400,1779774600,[4],"[""philippe etchebest""]",2026-05-26T06:29:44.783650+00:00
FR:amazon prime,FR,amazon prime,amazon prime,2000,50,1779735600,1779740400,[4],"[""amazon prime""]",2026-05-26T06:29:44.783650+00:00
FR:from episode 6,FR,from episode 6,from episode 6,500,200,1779735000,1779752400,[4],"[""from episode 6""]",2026-05-26T06:29:44.783650+00:00
FR:laurent alexandre,FR,laurent alexandre,laurent alexandre,1000,500,1779700800,1779741600,[4],"[""laurent alexandre""]",2026-05-26T06:29:44.783650+00:00
FR:avion,FR,avion,avion,1000,600,1779740400,1779744600,[11],"[""avion""]",2026-05-26T06:29:44.783650+00:00
FR:matt damon,FR,matt damon,matt damon,500,400,1779736800,1779745800,[4],"[""matt damon""]",2026-05-26T06:29:44.783650+00:00
FR:diego moreira,FR,diego moreira,diego moreira,1000,400,1779715800,1779732600,[17],"[""diego moreira""]",2026-05-26T06:29:44.783650+00:00
FR:flavio cobolli,FR,flavio cobolli,flavio cobolli,1000,300,1779724200,1779735000,[17],"[""flavio cobolli"", ""cobolli"", ""cobolli tennis""]",2026-05-26T06:29:44.783650+00:00
FR:ladies first film,FR,ladies first film,ladies first film,1000,200,1779735000,1779744000,[4],"[""ladies first film""]",2026-05-26T06:29:44.783650+00:00
FR:matteo berrettini,FR,matteo berrettini,matteo berrettini,1000,200,1779703200,1779729600,[17],"[""matteo berrettini""]",2026-05-26T06:29:44.783650+00:00
FR:kingdom hearts,FR,kingdom hearts,kingdom hearts,1000,300,1779706800,1779729000,"[6, 18]","[""kingdom hearts""]",2026-05-26T06:29:44.783650+00:00
FR:justine henin,FR,justine henin,justine henin,1000,300,1779710400,1779736200,[17],"[""justine henin""]",2026-05-26T06:29:44.783650+00:00
FR:al amine lo,FR,al amine lo,al amine lo,500,300,1779739800,1779745800,[14],"[""al amine lo"", ""ahmadou al aminou lo""]",2026-05-26T06:29:44.783650+00:00
FR:mylene farmer,FR,mylène farmer,mylene farmer,1000,300,1779731400,1779741600,[4],"[""mylène farmer"", ""mylene farmer""]",2026-05-26T06:29:44.783650+00:00
FR:michel essebag,FR,michel essebag,michel essebag,500,300,1779741600,1779750000,[4],"[""michel essebag""]",2026-05-26T06:29:44.783650+00:00
FR:amelie mauresmo,FR,amelie mauresmo,amelie mauresmo,2000,1000,1779719400,1779750600,"[17, 4]","[""amelie mauresmo"", ""mauresmo""]",2026-05-26T06:29:44.783650+00:00
FR:gaubas tennis,FR,gaubas tennis,gaubas tennis,2000,1000,1779711000,1779718200,[17],"[""gaubas tennis"", ""andrea pellegrino""]",2026-05-26T06:29:44.783650+00:00
FR:zendaya,FR,zendaya,zendaya,1000,200,1779732600,1779739800,[4],"[""zendaya""]",2026-05-26T06:29:44.783650+00:00
FR:gasquet,FR,gasquet,gasquet,1000,300,1779747600,1779752400,[17],"[""gasquet"", ""wawrinka classement""]",2026-05-26T06:29:44.783650+00:00
FR:un si grand soleil 25 mai 2026,FR,un si grand soleil 25 mai 2026,un si grand soleil 25 mai 2026,1000,600,1779733200,1779738600,[4],"[""un si grand soleil 25 mai 2026"", ""un si grand soleil ce soir""]",2026-05-26T06:29:44.783650+00:00
FR:pizza,FR,pizza,pizza,1000,75,1779728400,1779736200,[5],"[""pizza""]",2026-05-26T06:29:44.783650+00:00
FR:tsitsipas,FR,tsitsipas,tsitsipas,500,100,1779708000,1779748200,[17],"[""tsitsipas""]",2026-05-26T06:29:44.783650+00:00
FR:victoria de suede,FR,victoria de suède,victoria de suede,500,200,1779711000,1779724200,[10],"[""victoria de suède""]",2026-05-26T06:29:44.783650+00:00
FR:nrj,FR,nrj,nrj,200,50,1779772800,1779774000,[10],"[""nrj""]",2026-05-26T06:29:44.783650+00:00
FR:tanger,FR,tanger,tanger,1000,800,1779716400,1779723000,[11],"[""tanger"", ""tanger maroc""]",2026-05-26T06:29:44.783650+00:00
FR:sydney sweeney,FR,sydney sweeney,sydney sweeney,1000,400,1779733800,1779738000,[4],"[""sydney sweeney""]",2026-05-26T06:29:44.783650+00:00
FR:rakotomanga,FR,rakotomanga,rakotomanga,1000,1000,1779724800,1779729000,[17],"[""rakotomanga""]",2026-05-26T06:29:44.783650+00:00
FR:manifestation,FR,manifestation,manifestation,500,200,1779691200,1779720000,[3],"[""manifestation""]",2026-05-26T06:29:44.783650+00:00
FR:cour europeenne des droits de l'homme,FR,cour européenne des droits de l'homme,cour europeenne des droits de l'homme,500,400,1779715800,1779730800,[10],"[""cour européenne des droits de l'homme""]",2026-05-26T06:29:44.783650+00:00
FR:alstom,FR,alstom,alstom,500,200,1779719400,1779733800,"[3, 19]","[""alstom""]",2026-05-26T06:29:44.783650+00:00
FR:jiri lehecka,FR,jiří lehečka,jiri lehecka,2000,400,1779704400,1779711600,[17],"[""jiří lehečka"", ""pablo carreño busta"", ""lehecka"", ""carreno busta""]",2026-05-26T06:29:44.783650+00:00
FR:kerosene,FR,kérosène,kerosene,1000,300,1779708600,1779717000,[3],"[""kérosène""]",2026-05-26T06:29:44.783650+00:00
FR:sacha baron cohen,FR,sacha baron cohen,sacha baron cohen,200,200,1779738000,1779745800,[4],"[""sacha baron cohen""]",2026-05-26T06:29:44.783650+00:00
FR:elena rybakina,FR,elena rybakina,elena rybakina,1000,600,1779709800,1779716400,[17],"[""elena rybakina"", ""rybakina"", ""swiatek""]",2026-05-26T06:29:44.783650+00:00
FR:iga swiatek,FR,iga świątek,iga swiatek,1000,1000,1779705000,1779711000,"[17, 4]","[""iga świątek""]",2026-05-26T06:29:44.783650+00:00
FR:vermelles,FR,vermelles,vermelles,500,200,1779693600,1779722400,[11],"[""vermelles""]",2026-05-26T06:29:44.783650+00:00
FR:from saison 4,FR,from saison 4,from saison 4,500,100,1779735600,1779744000,[4],"[""from saison 4""]",2026-05-26T06:29:44.783650+00:00
FR:zette 12 coups de midi,FR,zette 12 coups de midi,zette 12 coups de midi,1000,900,1779703200,1779709800,[4],"[""zette 12 coups de midi"", ""zette des 12 coups de midi""]",2026-05-26T06:29:44.783650+00:00
FR:frejus,FR,frejus,frejus,500,800,1779739200,1779743400,[11],"[""frejus""]",2026-05-26T06:29:44.783650+00:00
FR:pellegrino tennis,FR,pellegrino tennis,pellegrino tennis,500,1000,1779728400,1779732600,[17],"[""pellegrino tennis""]",2026-05-26T06:29:44.783650+00:00
FR:darjeeling,FR,darjeeling,darjeeling,500,100,1779726600,1779741000,[11],"[""darjeeling""]",2026-05-26T06:29:44.783650+00:00
FR:nintendo,FR,nintendo,nintendo,1000,200,1779715200,1779721800,"[6, 18]","[""nintendo""]",2026-05-26T06:29:44.783650+00:00
FR:perrine et alexandre,FR,perrine et alexandre,perrine et alexandre,200,200,1779742800,1779748200,[4],"[""perrine et alexandre""]",2026-05-26T06:29:44.783650+00:00
FR:prime,FR,prime,prime,1000,75,1779736200,1779747000,[4],"[""prime""]",2026-05-26T06:29:44.783650+00:00
FR:lucas stassin,FR,lucas stassin,lucas stassin,500,400,1779723000,1779738000,[17],"[""lucas stassin""]",2026-05-26T06:29:44.783650+00:00
FR:mateus fernandes,FR,mateus fernandes,mateus fernandes,500,100,1779723000,1779732000,[17],"[""mateus fernandes""]",2026-05-26T06:29:44.783650+00:00
FR:يوم عرفة,FR,يوم عرفة,يوم عرفة,100,50,1779762600,1779768000,[11],"[""يوم عرفة""]",2026-05-26T06:29:44.783650+00:00
FR:yucatan,FR,yucatan,yucatan,1000,1000,1779708600,1779712800,[11],"[""yucatan""]",2026-05-26T06:29:44.783650+00:00
FR:fabrice,FR,fabrice,fabrice,500,300,1779737400,1779742200,[3],"[""fabrice""]",2026-05-26T06:29:44.783650+00:00
FR:roland garros programme 25 mai,FR,roland garros programme 25 mai,roland garros programme 25 mai,500,200,1779699000,1779711600,"[17, 4]","[""roland garros programme 25 mai""]",2026-05-26T06:29:44.783650+00:00
FR:grand theft auto,FR,grand theft auto,grand theft auto,200,200,1779748200,1779753600,[6],"[""grand theft auto""]",2026-05-26T06:29:44.783650+00:00
FR:emerson jones,FR,emerson jones,emerson jones,500,700,1779705000,1779711600,[17],"[""emerson jones""]",2026-05-26T06:29:44.783650+00:00
FR:fusillade maison blanche,FR,fusillade maison blanche,fusillade maison blanche,500,200,1779715200,1779746400,[10],"[""fusillade maison blanche""]",2026-05-26T06:29:44.783650+00:00
FR:will smith,FR,will smith,will smith,200,100,1779741000,1779750000,[4],"[""will smith""]",2026-05-26T06:29:44.783650+00:00
FR:moutet,FR,moutet,moutet,200,100,1779736200,1779745800,[17],"[""moutet""]",2026-05-26T06:29:44.783650+00:00
FR:leylah fernandez,FR,leylah fernandez,leylah fernandez,200,300,1779738600,1779742800,[17],"[""leylah fernandez"", ""alycia parks""]",2026-05-26T06:29:44.783650+00:00
FR:enfant mort rennes,FR,enfant mort rennes,enfant mort rennes,500,100,1779706800,1779736200,[10],"[""enfant mort rennes"", ""enfant rennes""]",2026-05-26T06:29:44.783650+00:00
FR:creys malville,FR,creys malville,creys malville,200,400,1779745200,1779749400,[4],"[""creys malville""]",2026-05-26T06:29:44.783650+00:00
FR:action,FR,action,action,5000,100,1779696000,1779697800,[17],"[""action""]",2026-05-26T06:29:44.783650+00:00
FR:create,FR,create,create,200,100,1779736800,1779745800,"[14, 10]","[""create""]",2026-05-26T06:29:44.783650+00:00
FR:007 first light,FR,007 first light,007 first light,200,75,1779749400,1779754200,[6],"[""007 first light""]",2026-05-26T06:29:44.783650+00:00
FR:coco gauff,FR,coco gauff,coco gauff,1000,900,1779725400,1779727800,[17],"[""coco gauff""]",2026-05-26T06:29:44.783650+00:00
FR:mosquee de paris,FR,mosquée de paris,mosquee de paris,100,50,1779760200,1779765000,[11],"[""mosquée de paris""]",2026-05-26T06:29:44.783650+00:00
FR:france 4,FR,france 4,france 4,200,300,1779735000,1779738600,[4],"[""france 4""]",2026-05-26T06:29:44.783650+00:00
FR:jasmine paolini,FR,jasmine paolini,jasmine paolini,500,400,1779702000,1779709800,[17],"[""jasmine paolini""]",2026-05-26T06:29:44.783650+00:00
FR:new yorker,FR,new yorker,new yorker,1000,100,1779706800,1779712200,[4],"[""new yorker""]",2026-05-26T06:29:44.783650+00:00
FR:vix,FR,vix,vix,500,200,1779700200,1779736200,[3],"[""vix""]",2026-05-26T06:29:44.783650+00:00
FR:rg,FR,rg,rg,200,100,1779735600,1779747600,"[14, 10]","[""rg""]",2026-05-26T06:29:44.783650+00:00
FR:marc lavoine,FR,marc lavoine,marc lavoine,200,400,1779733200,1779737400,[4],"[""marc lavoine""]",2026-05-26T06:29:44.783650+00:00
FR:bruno retailleau,FR,bruno retailleau,bruno retailleau,200,100,1779741600,1779746400,[11],"[""bruno retailleau""]",2026-05-26T06:29:44.783650+00:00
FR:nathan soliman,FR,nathan soliman,nathan soliman,200,200,1779715800,1779723600,[17],"[""nathan soliman""]",2026-05-26T06:29:44.783650+00:00
FR:vicky leandros,FR,vicky leandros,vicky leandros,200,400,1779744600,1779747600,[4],"[""vicky leandros""]",2026-05-26T06:29:44.783650+00:00
FR:montauban,FR,montauban,montauban,200,200,1779727800,1779732600,[19],"[""montauban""]",2026-05-26T06:29:44.783650+00:00
FR:victor munoz,FR,victor munoz,victor munoz,200,300,1779708000,1779714600,[17],"[""victor munoz""]",2026-05-26T06:29:44.783650+00:00
FR:ete 36 acteur,FR,été 36 acteur,ete 36 acteur,200,400,1779739200,1779742800,[4],"[""été 36 acteur""]",2026-05-26T06:29:44.783650+00:00
FR:seychalles,FR,seychalles,seychalles,200,100,1779707400,1779726000,"[13, 8, 10]","[""seychalles""]",2026-05-26T06:29:44.783650+00:00
FR:zheng qinwen,FR,zheng qinwen,zheng qinwen,200,300,1779704400,1779711000,[17],"[""zheng qinwen""]",2026-05-26T06:29:44.783650+00:00
FR:lec,FR,lec,lec,200,100,1779737400,1779740400,[6],"[""lec""]",2026-05-26T06:29:44.783650+00:00
FR:robert pattinson,FR,robert pattinson,robert pattinson,200,200,1779735600,1779739800,[4],"[""robert pattinson""]",2026-05-26T06:29:44.783650+00:00
FR:douglas kennedy,FR,douglas kennedy,douglas kennedy,200,300,1779730200,1779734400,[14],"[""douglas kennedy""]",2026-05-26T06:29:44.783650+00:00
FR:anastasia zakharova,FR,anastasia zakharova,anastasia zakharova,200,300,1779738600,1779742200,[17],"[""anastasia zakharova""]",2026-05-26T06:29:44.783650+00:00
FR:dna,FR,dna,dna,200,200,1779735000,1779738600,[15],"[""dna""]",2026-05-26T06:29:44.783650+00:00
FR:daniel levy,FR,daniel levy,daniel levy,200,200,1779739800,1779743400,[17],"[""daniel levy""]",2026-05-26T06:29:44.783650+00:00
FR:jodar tennis,FR,jodar tennis,jodar tennis,200,300,1779711600,1779717000,[17],"[""jodar tennis""]",2026-05-26T06:29:44.783650+00:00
FR:line renaud,FR,line renaud,line renaud,500,400,1779714000,1779718200,[4],"[""line renaud""]",2026-05-26T06:29:44.783650+00:00
FR:maja chwalinska,FR,maja chwalińska,maja chwalinska,200,300,1779704400,1779709800,[17],"[""maja chwalińska""]",2026-05-26T06:29:44.783650+00:00
FR:directeur sportif,FR,directeur sportif,directeur sportif,200,200,1779705600,1779712200,[17],"[""directeur sportif""]",2026-05-26T06:29:44.783650+00:00
FR:france 3 direct,FR,france 3 direct,france 3 direct,200,75,1779735600,1779738600,[11],"[""france 3 direct""]",2026-05-26T06:29:44.783650+00:00
FR:leucate,FR,leucate,leucate,200,300,1779732600,1779735600,[10],"[""leucate""]",2026-05-26T06:29:44.783650+00:00
FR:planete rugby,FR,planete rugby,planete rugby,200,100,1779745800,1779748200,[17],"[""planete rugby""]",2026-05-26T06:29:44.783650+00:00
FR:croatie,FR,croatie,croatie,200,200,1779729600,1779732600,[17],"[""croatie""]",2026-05-26T06:29:44.783650+00:00
FR:paderborn foot,FR,paderborn foot,paderborn foot,100,100,1779743400,1779747000,[17],"[""paderborn foot""]",2026-05-26T06:29:44.783650+00:00
FR:equidia live,FR,equidia live,equidia live,500,400,1779715200,1779718200,"[17, 6]","[""equidia live"", ""arrivée quinté du jour"", ""pmu resultat""]",2026-05-26T06:29:44.783650+00:00
FR:fabrice luchini,FR,fabrice luchini,fabrice luchini,200,200,1779735600,1779738600,[4],"[""fabrice luchini""]",2026-05-26T06:29:44.783650+00:00
FR:callum turner,FR,callum turner,callum turner,200,600,1779703800,1779708000,[4],"[""callum turner""]",2026-05-26T06:29:44.783650+00:00
FR:pellegrino,FR,pellegrino,pellegrino,200,300,1779729000,1779732600,"[17, 4]","[""pellegrino""]",2026-05-26T06:29:44.783650+00:00
FR:rapid bucuresti - universitatea craiova,FR,rapid bucureşti - universitatea craiova,rapid bucuresti - universitatea craiova,200,200,1779730200,1779733800,[17],"[""rapid bucureşti - universitatea craiova""]",2026-05-26T06:29:44.783650+00:00
FR:salmar,FR,salmar,salmar,200,200,1779735000,1779738000,[3],"[""salmar""]",2026-05-26T06:29:44.783650+00:00
FR:equidia,FR,equidia,equidia,500,200,1779717000,1779718800,"[6, 17]","[""equidia""]",2026-05-26T06:29:44.783650+00:00
FR:ifk goteborg – mjallby,FR,ifk göteborg – mjällby,ifk goteborg – mjallby,200,300,1779727800,1779730800,[17],"[""ifk göteborg – mjällby""]",2026-05-26T06:29:44.783650+00:00
FR:prize money roland garros 2026,FR,prize money roland garros 2026,prize money roland garros 2026,200,200,1779714000,1779717600,[17],"[""prize money roland garros 2026"", ""gain roland garros 2026""]",2026-05-26T06:29:44.783650+00:00
FR:journee de solidarite 2026,FR,journée de solidarité 2026,journee de solidarite 2026,200,100,1779691200,1779711000,[11],"[""journée de solidarité 2026"", ""journee de solidarite""]",2026-05-26T06:29:44.783650+00:00
FR:pierre richard,FR,pierre richard,pierre richard,200,300,1779704400,1779708600,[4],"[""pierre richard""]",2026-05-26T06:29:44.783650+00:00
FR:evelyne dheliat,FR,évelyne dhéliat,evelyne dheliat,500,300,1779738000,1779739200,[11],"[""évelyne dhéliat""]",2026-05-26T06:29:44.783650+00:00
FR:guo hanyu,FR,guo hanyu,guo hanyu,100,100,1779741600,1779744000,[17],"[""guo hanyu""]",2026-05-26T06:29:44.783650+00:00
FR:vacherot,FR,vacherot,vacherot,100,200,1779726000,1779729600,[17],"[""vacherot""]",2026-05-26T06:29:44.783650+00:00
FR:plus belle la vie en avance,FR,plus belle la vie en avance,plus belle la vie en avance,200,200,1779712800,1779716400,[4],"[""plus belle la vie en avance""]",2026-05-26T06:29:44.783650+00:00
FR:kylie minogue,FR,kylie minogue,kylie minogue,200,200,1779699000,1779703200,[4],"[""kylie minogue""]",2026-05-26T06:29:44.783650+00:00
FR:jeff goldblum,FR,jeff goldblum,jeff goldblum,100,200,1779745800,1779747600,[4],"[""jeff goldblum""]",2026-05-26T06:29:44.783650+00:00
FR:moratoire,FR,moratoire,moratoire,100,100,1779732000,1779735000,"[10, 14]","[""moratoire""]",2026-05-26T06:29:44.783650+00:00
FR:anny duperey,FR,anny duperey,anny duperey,200,400,1779694800,1779699000,[4],"[""anny duperey""]",2026-05-26T06:29:44.783650+00:00
FR:pierre niney,FR,pierre niney,pierre niney,200,200,1779693000,1779696600,[4],"[""pierre niney""]",2026-05-26T06:29:44.783650+00:00
FR:les pouilles,FR,les pouilles,les pouilles,500,1000,1779712200,1779713400,[4],"[""les pouilles""]",2026-05-26T06:29:44.783650+00:00
FR:maladie d'alzheimer,FR,maladie d'alzheimer,maladie d'alzheimer,200,200,1779691200,1779696000,[7],"[""maladie d'alzheimer""]",2026-05-26T06:29:44.783650+00:00
FR:pelerinage de chartres,FR,pelerinage de chartres,pelerinage de chartres,200,200,1779733800,1779735600,[8],"[""pelerinage de chartres""]",2026-05-26T06:29:44.783650+00:00
FR:veronika erjavec,FR,veronika erjavec,veronika erjavec,200,200,1779712800,1779715800,[17],"[""veronika erjavec""]",2026-05-26T06:29:44.783650+00:00
FR:benoit paire,FR,benoit paire,benoit paire,100,100,1779742200,1779744000,"[17, 4]","[""benoit paire""]",2026-05-26T06:29:44.783650+00:00
FR:subway,FR,subway,subway,200,100,1779730800,1779732600,[11],"[""subway""]",2026-05-26T06:29:44.783650+00:00
FR:jack ryan ghost war,FR,jack ryan ghost war,jack ryan ghost war,100,100,1779738600,1779741000,[4],"[""jack ryan ghost war""]",2026-05-26T06:29:44.783650+00:00
FR:bouches-du-rhone,FR,bouches-du-rhône,bouches-du-rhone,100,300,1779694200,1779698400,[4],"[""bouches-du-rhône""]",2026-05-26T06:29:44.783650+00:00
FR:saint-pantaleon-de-larche,FR,saint-pantaléon-de-larche,saint-pantaleon-de-larche,100,100,1779722400,1779724800,[11],"[""saint-pantaléon-de-larche""]",2026-05-26T06:29:44.783650+00:00
FR:arbeloa conference de presse real madrid,FR,arbeloa conférence de presse real madrid,arbeloa conference de presse real madrid,200,100,1779694200,1779700200,[17],"[""arbeloa conférence de presse real madrid""]",2026-05-26T06:29:44.783650+00:00
FR:prague,FR,prague,prague,200,100,1779724200,1779726000,[3],"[""prague""]",2026-05-26T06:29:44.783650+00:00
FR:rodionov tennis,FR,rodionov tennis,rodionov tennis,100,100,1779705600,1779708600,[17],"[""rodionov tennis""]",2026-05-26T06:29:44.783650+00:00
FR:prince,FR,prince,prince,100,300,1779693600,1779696600,[11],"[""prince""]",2026-05-26T06:29:44.783650+00:00
FR:paleo festival,FR,paléo festival,paleo festival,100,200,1779715800,1779717600,[11],"[""paléo festival""]",2026-05-26T06:29:44.783650+00:00
FR:botic van de zandschulp,FR,botic van de zandschulp,botic van de zandschulp,100,100,1779735000,1779736200,[17],"[""botic van de zandschulp""]",2026-05-26T06:29:44.783650+00:00
FR:lacanau,FR,lacanau,lacanau,100,100,1779708600,1779710400,[11],"[""lacanau""]",2026-05-26T06:29:44.783650+00:00
FR:borja iglesias,FR,borja iglesias,borja iglesias,100,200,1779710400,1779711600,[17],"[""borja iglesias""]",2026-05-26T06:29:44.783650+00:00
FR:eva lys,FR,eva lys,eva lys,100,100,1779712800,1779714000,[17],"[""eva lys""]",2026-05-26T06:29:44.783650+00:00
FR:classement wta,FR,classement wta,classement wta,100,100,1779707400,1779708600,[17],"[""classement wta""]",2026-05-26T06:29:44.783650+00:00
FR:dayana yastremska,FR,dayana yastremska,dayana yastremska,100,200,1779705000,1779706200,[17],"[""dayana yastremska""]",2026-05-26T06:29:44.783650+00:00
FR:courchevel,FR,courchevel,courchevel,100,200,1779692400,1779693600,[11],"[""courchevel""]",2026-05-26T06:29:44.783650+00:00
FR:ruth negga,FR,ruth negga,ruth negga,100,200,1779693000,1779694200,[4],"[""ruth negga""]",2026-05-26T06:29:44.783650+00:00
GB:uk state pension triple lock,GB,uk state pension triple lock,uk state pension triple lock,20000,1000,1779699600,,[10],"[""uk state pension triple lock""]",2026-05-26T06:30:38.100869+00:00
GB:peter murrell,GB,peter murrell,peter murrell,20000,1000,1779701400,,[10],"[""peter murrell"", ""nicola sturgeon"", ""nicola sturgeon husband"", ""snp"", ""murrell"", ""embezzlement"", ""embezzling""]",2026-05-26T06:30:38.100869+00:00
GB:st. mirren vs partick thistle,GB,st. mirren vs partick thistle,st. mirren vs partick thistle,20000,1000,1779733800,,[17],"[""st. mirren vs partick thistle"", ""st mirren"", ""partick thistle"", ""st mirren vs partick thistle"", ""st mirren fc"", ""partick thistle fc"", ""st mirren v partick thistle"", ""st mirren score"", ""tony watt"", ""gogic st mirren"", ""partick thistle score""]",2026-05-26T06:30:38.100869+00:00
GB:ferrari luce,GB,ferrari luce,ferrari luce,5000,1000,1779739200,,[1],"[""ferrari luce"", ""ferrari"", ""ferrari luce price""]",2026-05-26T06:30:38.100869+00:00
GB:rylan clark,GB,rylan clark,rylan clark,5000,1000,1779729000,,[4],"[""rylan clark""]",2026-05-26T06:30:38.100869+00:00
GB:dubai international airport,GB,dubai international airport,dubai international airport,5000,700,1779724200,,"[3, 19]","[""dubai international airport""]",2026-05-26T06:30:38.100869+00:00
GB:isle of man tt,GB,isle of man tt,isle of man tt,20000,500,1779714600,,[17],"[""isle of man tt"", ""isle of man tt 2026"", ""tt red flag"", ""2026 isle of man tt"", ""tt news"", ""iom tt"", ""tt 2026"", ""sky"", ""iom tt news"", ""iom tt 2026"", ""manx radio"", ""isle of man tt news"", ""tt races 2026"", ""sport on tv today""]",2026-05-26T06:30:38.100869+00:00
GB:scott parker,GB,scott parker,scott parker,5000,600,1779694200,,[17],"[""scott parker"", ""nuno""]",2026-05-26T06:30:38.100869+00:00
GB:netflix,GB,netflix,netflix,20000,50,1779733800,,[4],"[""netflix""]",2026-05-26T06:30:38.100869+00:00
GB:idris elba,GB,idris elba,idris elba,5000,500,1779723000,,[4],"[""idris elba""]",2026-05-26T06:30:38.100869+00:00
GB:cavaliers vs knicks,GB,cavaliers vs knicks,cavaliers vs knicks,10000,1000,1779753000,,[17],"[""cavaliers vs knicks"", ""knicks"", ""new york knicks"", ""nba finals"", ""ny knicks"", ""knicks vs cavs"", ""nba playoffs"", ""cavs"", ""cleveland cavaliers vs knicks match player stats"", ""cavs vs knicks""]",2026-05-26T06:30:38.100869+00:00
GB:michail antonio,GB,michail antonio,michail antonio,5000,600,1779702000,,[17],"[""michail antonio""]",2026-05-26T06:30:38.100869+00:00
GB:gael monfils,GB,gael monfils,gael monfils,5000,500,1779733200,,[17],"[""gael monfils"", ""monfils"", ""hugo gaston"", ""gaël monfils"", ""svitolina""]",2026-05-26T06:30:38.100869+00:00
GB:arthurs seat,GB,arthurs seat,arthurs seat,5000,500,1779733800,,[11],"[""arthurs seat"", ""arthurs seat fire"", ""arthur's seat"", ""edinburgh fire"", ""edinburgh"", ""arthur seat fire"", ""arthur seat""]",2026-05-26T06:30:38.100869+00:00
GB:armed forces,GB,armed forces,armed forces,5000,600,1779693600,,"[10, 14]","[""armed forces""]",2026-05-26T06:30:38.100869+00:00
GB:meghan markle instagram jam video,GB,meghan markle instagram jam video,meghan markle instagram jam video,2000,600,1779741000,,"[10, 4]","[""meghan markle instagram jam video""]",2026-05-26T06:30:38.100869+00:00
GB:abraham accords,GB,abraham accords,abraham accords,2000,300,1779713400,,[14],"[""abraham accords""]",2026-05-26T06:30:38.100869+00:00
GB:us strikes iran,GB,us strikes iran,us strikes iran,5000,800,1779768000,,"[14, 10]","[""us strikes iran"", ""iran"", ""iran war"", ""iran war news"", ""daily star"", ""middle east"", ""the times"", ""iran us news"", ""on"", ""missile""]",2026-05-26T06:30:38.100869+00:00
GB:katie boulter,GB,katie boulter,katie boulter,5000,900,1779723600,,[17],"[""katie boulter"", ""akasha urhobo"", ""urhobo tennis"", ""urhobo""]",2026-05-26T06:30:38.100869+00:00
GB:weather tomorrow,GB,weather tomorrow,weather tomorrow,200000,75,1779738000,1779751200,[20],"[""weather tomorrow""]",2026-05-26T06:30:38.100869+00:00
GB:construction,GB,construction,construction,2000,300,1779706800,,[3],"[""construction""]",2026-05-26T06:30:38.100869+00:00
GB:economy,GB,economy,economy,2000,200,1779716400,,[3],"[""economy""]",2026-05-26T06:30:38.100869+00:00
GB:wolfsburg,GB,wolfsburg,wolfsburg,5000,400,1779733800,,[17],"[""wolfsburg"", ""paderborn vs wolfsburg""]",2026-05-26T06:30:38.100869+00:00
GB:carol vorderman,GB,carol vorderman,carol vorderman,2000,100,1779711600,,[14],"[""carol vorderman""]",2026-05-26T06:30:38.100869+00:00
GB:vernon kay,GB,vernon kay,vernon kay,2000,600,1779741600,,[4],"[""vernon kay""]",2026-05-26T06:30:38.100869+00:00
GB:kingsbury water park,GB,kingsbury water park,kingsbury water park,1000,300,1779733800,,[10],"[""kingsbury water park""]",2026-05-26T06:30:38.100869+00:00
GB:rolls-royce holdings,GB,rolls-royce holdings,rolls-royce holdings,2000,300,1779715800,,"[3, 1]","[""rolls-royce holdings""]",2026-05-26T06:30:38.100869+00:00
GB:when is eid,GB,when is eid,when is eid,2000,75,1779705600,,[8],"[""when is eid"", ""when is eid 2026""]",2026-05-26T06:30:38.100869+00:00
GB:stan wawrinka,GB,stan wawrinka,stan wawrinka,2000,300,1779708000,,[17],"[""stan wawrinka"", ""stan wawrinka french open farewell"", ""wawrinka"", ""jesper de jong"", ""de jong tennis""]",2026-05-26T06:30:38.100869+00:00
GB:sonny rollins,GB,sonny rollins,sonny rollins,500,800,1779771600,,[4],"[""sonny rollins""]",2026-05-26T06:30:38.100869+00:00
GB:rother valley,GB,rother valley,rother valley,1000,300,1779740400,,[10],"[""rother valley"", ""rother valley country park""]",2026-05-26T06:30:38.100869+00:00
GB:netflix show cancellations 2026,GB,netflix show cancellations 2026,netflix show cancellations 2026,2000,200,1779701400,,[4],"[""netflix show cancellations 2026""]",2026-05-26T06:30:38.100869+00:00
GB:uk household energy bill increase,GB,uk household energy bill increase,uk household energy bill increase,200,600,1779769200,,[3],"[""uk household energy bill increase""]",2026-05-26T06:30:38.100869+00:00
GB:eid,GB,eid,eid,2000,100,1779733800,,[11],"[""eid""]",2026-05-26T06:30:38.100869+00:00
GB:mortgage loan,GB,mortgage loan,mortgage loan,1000,400,1779739800,,[3],"[""mortgage loan""]",2026-05-26T06:30:38.100869+00:00
GB:barry island,GB,barry island,barry island,2000,300,1779694200,,[10],"[""barry island"", ""barry"", ""barry stabbing""]",2026-05-26T06:30:38.100869+00:00
GB:shadow fleet,GB,shadow fleet,shadow fleet,1000,200,1779739800,,[10],"[""shadow fleet""]",2026-05-26T06:30:38.100869+00:00
GB:bracknell fire,GB,bracknell fire,bracknell fire,5000,300,1779721800,,[10],"[""bracknell fire"", ""daler rowney"", ""daler rowney bracknell"", ""bracknell news"", ""bracknell"", ""fire in bracknell today"", ""fire bracknell"", ""fire in bracknell""]",2026-05-26T06:30:38.100869+00:00
GB:bunny shaw,GB,bunny shaw,bunny shaw,2000,400,1779733800,,[17],"[""bunny shaw""]",2026-05-26T06:30:38.100869+00:00
GB:tom swarbrick,GB,tom swarbrick,tom swarbrick,500,800,1779771600,,[4],"[""tom swarbrick""]",2026-05-26T06:30:38.100869+00:00
GB:james webb space telescope,GB,james webb space telescope,james webb space telescope,1000,200,1779733200,,"[15, 3]","[""james webb space telescope""]",2026-05-26T06:30:38.100869+00:00
GB:mason greenwood,GB,mason greenwood,mason greenwood,2000,300,1779716400,,[17],"[""mason greenwood""]",2026-05-26T06:30:38.100869+00:00
GB:trump iran deal,GB,trump iran deal,trump iran deal,1000,200,1779724800,,"[14, 10]","[""trump iran deal""]",2026-05-26T06:30:38.100869+00:00
GB:sheffield shooting,GB,sheffield shooting,sheffield shooting,5000,300,1779726600,,[10],"[""sheffield shooting"", ""sheffield"", ""sheffield news"", ""west street sheffield"", ""shooting sheffield"", ""one four one sheffield"", ""sheffield west street""]",2026-05-26T06:30:38.100869+00:00
GB:pizza,GB,pizza,pizza,2000,1000,1779771000,,[5],"[""pizza"", ""pizza hut""]",2026-05-26T06:30:38.100869+00:00
GB:crosby beach,GB,crosby beach,crosby beach,2000,100,1779699600,,[11],"[""crosby beach""]",2026-05-26T06:30:38.100869+00:00
GB:hackney,GB,hackney,hackney,1000,200,1779741600,,[17],"[""hackney""]",2026-05-26T06:30:38.100869+00:00
GB:notts county vs salford city,GB,notts county vs salford city,notts county vs salford city,50000,1000,1779712800,1779752400,[17],"[""notts county vs salford city"", ""notts county"", ""jodi jones"", ""salford city"", ""notts county fc"", ""salford city fc"", ""salford fc"", ""salford"", ""league 2 play off final"", ""martin paterson"", ""notts county score"", ""football league two"", ""notts county v salford"", ""karl robinson"", ""salford vs notts county"", ""league 2 playoffs"", ""lucas ness"", ""notts county games"", ""jatta notts county"", ""league two"", ""jones notts county"", ""salford score"", ""salford v notts county""]",2026-05-26T06:30:38.100869+00:00
GB:jack osbourne,GB,jack osbourne,jack osbourne,1000,100,1779732600,,[4],"[""jack osbourne""]",2026-05-26T06:30:38.100869+00:00
GB:jaclyn smith,GB,jaclyn smith,jaclyn smith,2000,300,1779723600,,[4],"[""jaclyn smith""]",2026-05-26T06:30:38.100869+00:00
GB:xbox game pass,GB,xbox game pass,xbox game pass,2000,100,1779711000,,"[6, 18]","[""xbox game pass""]",2026-05-26T06:30:38.100869+00:00
GB:roy keane,GB,roy keane,roy keane,2000,300,1779737400,,[17],"[""roy keane"", ""fernandes responds to keane lies""]",2026-05-26T06:30:38.100869+00:00
GB:airconditioning,GB,airconditioning,airconditioning,1000,100,1779718800,,[11],"[""airconditioning""]",2026-05-26T06:30:38.100869+00:00
GB:amas,GB,amas,amas,500,100,1779748800,,[4],"[""amas""]",2026-05-26T06:30:38.100869+00:00
GB:mason mount,GB,mason mount,mason mount,1000,200,1779721800,,[17],"[""mason mount""]",2026-05-26T06:30:38.100869+00:00
GB:canadiens vs hurricanes,GB,canadiens vs hurricanes,canadiens vs hurricanes,500,100,1779757800,,[17],"[""canadiens vs hurricanes"", ""nhl""]",2026-05-26T06:30:38.100869+00:00
GB:gisele pelicot,GB,gisele pelicot,gisele pelicot,200,700,1779775200,,[10],"[""gisele pelicot""]",2026-05-26T06:30:38.100869+00:00
GB:stew mclean,GB,stew mclean,stew mclean,1000,100,1779735600,,[4],"[""stew mclean"", ""stewart mclean""]",2026-05-26T06:30:38.100869+00:00
GB:south east water,GB,south east water,south east water,2000,300,1779735000,,[3],"[""south east water"", ""water supply"", ""whitstable""]",2026-05-26T06:30:38.100869+00:00
GB:quantum computing,GB,quantum computing,quantum computing,500,100,1779738000,,[11],"[""quantum computing""]",2026-05-26T06:30:38.100869+00:00
GB:glasgow weather,GB,glasgow weather,glasgow weather,1000,75,1779775200,,[11],"[""glasgow weather"", ""weather glasgow"", ""edinburgh live""]",2026-05-26T06:30:38.100869+00:00
GB:jalen brunson,GB,jalen brunson,jalen brunson,500,100,1779754800,,[17],"[""jalen brunson""]",2026-05-26T06:30:38.100869+00:00
GB:eid 2026,GB,eid 2026,eid 2026,1000,100,1779731400,,[11],"[""eid 2026""]",2026-05-26T06:30:38.100869+00:00
GB:professor green,GB,professor green,professor green,1000,100,1779741000,,[4],"[""professor green""]",2026-05-26T06:30:38.100869+00:00
GB:ranveer singh,GB,ranveer singh,ranveer singh,500,100,1779743400,,[4],"[""ranveer singh""]",2026-05-26T06:30:38.100869+00:00
GB:007 first light review,GB,007 first light review,007 first light review,1000,100,1779693600,,[6],"[""007 first light review"", ""007 first light release date""]",2026-05-26T06:30:38.100869+00:00
GB:rio ferdinand,GB,rio ferdinand,rio ferdinand,500,100,1779742800,,[17],"[""rio ferdinand""]",2026-05-26T06:30:38.100869+00:00
GB:body worn video,GB,body worn video,body worn video,100,300,1779775200,,[10],"[""body worn video""]",2026-05-26T06:30:38.100869+00:00
GB:eid ul adha 2026,GB,eid ul adha 2026,eid ul adha 2026,500,100,1779760800,,[8],"[""eid ul adha 2026"", ""eid al adha 2026""]",2026-05-26T06:30:38.100869+00:00
GB:al jazeera,GB,al jazeera,al jazeera,500,75,1779755400,,[14],"[""al jazeera""]",2026-05-26T06:30:38.100869+00:00
GB:kevin costner,GB,kevin costner,kevin costner,500,100,1779730200,,[4],"[""kevin costner""]",2026-05-26T06:30:38.100869+00:00
GB:cristian romero tottenham return,GB,cristian romero tottenham return,cristian romero tottenham return,1000,200,1779724800,,[17],"[""cristian romero tottenham return""]",2026-05-26T06:30:38.100869+00:00
GB:phil neville,GB,phil neville,phil neville,500,200,1779739800,,[17],"[""phil neville""]",2026-05-26T06:30:38.100869+00:00
GB:upał,GB,upał,upał,100,100,1779769800,,[20],"[""upał""]",2026-05-26T06:30:38.100869+00:00
GB:europe heat dome update,GB,europe heat dome update,europe heat dome update,5000,600,1779705600,1779749400,[20],"[""europe heat dome update"", ""paris weather"", ""france record may temperatures""]",2026-05-26T06:30:38.100869+00:00
GB:rupert lowe,GB,rupert lowe,rupert lowe,1000,100,1779694200,,[14],"[""rupert lowe"", ""restore britain""]",2026-05-26T06:30:38.100869+00:00
GB:oil price today,GB,oil price today,oil price today,100,100,1779774600,,[3],"[""oil price today""]",2026-05-26T06:30:38.100869+00:00
GB:liverpool echo,GB,liverpool echo,liverpool echo,1000,50,1779733200,,[10],"[""liverpool echo""]",2026-05-26T06:30:38.100869+00:00
GB:oil prices,GB,oil prices,oil prices,200,75,1779775800,,[3],"[""oil prices"", ""brent crude oil price"", ""oil price""]",2026-05-26T06:30:38.100869+00:00
GB:bts,GB,bts,bts,100,75,1779766800,,[4],"[""bts""]",2026-05-26T06:30:38.100869+00:00
GB:costco,GB,costco,costco,20000,50,1779693600,1779731400,[8],"[""costco"", ""costco hours"", ""holidays"", ""is post office open today"", ""are post offices open today""]",2026-05-26T06:30:38.100869+00:00
GB:from episode 6,GB,from episode 6,from episode 6,2000,200,1779694800,1779752400,[4],"[""from episode 6"", ""from season 4""]",2026-05-26T06:30:38.100869+00:00
GB:nicolas hamilton,GB,nicolas hamilton,nicolas hamilton,200,100,1779744000,,[17],"[""nicolas hamilton""]",2026-05-26T06:30:38.100869+00:00
GB:andrew robertson,GB,andrew robertson,andrew robertson,5000,600,1779709200,1779739200,[17],"[""andrew robertson"", ""marcos senesi""]",2026-05-26T06:30:38.100869+00:00
GB:chicago,GB,chicago,chicago,100,75,1779772200,,[10],"[""chicago""]",2026-05-26T06:30:38.100869+00:00
GB:portugal,GB,portugal,portugal,5000,500,1779712200,1779735000,[17],"[""portugal""]",2026-05-26T06:30:38.100869+00:00
GB:rachel ward,GB,rachel ward,rachel ward,200,75,1779771000,,[4],"[""rachel ward""]",2026-05-26T06:30:38.100869+00:00
GB:man city parade,GB,man city parade,man city parade,5000,200,1779700800,1779741600,[17],"[""man city parade"", ""manchester city parade"", ""man city parade 2026""]",2026-05-26T06:30:38.100869+00:00
GB:dear england cast,GB,dear england cast,dear england cast,5000,1000,1779739200,1779747000,[4],"[""dear england cast"", ""joseph fiennes"", ""criticism of dear england"", ""dear england tv"", ""dear england tv series"", ""dear england reviews"", ""dear england bbc""]",2026-05-26T06:30:38.100869+00:00
GB:ukraine,GB,ukraine,ukraine,5000,200,1779705600,1779737400,[11],"[""ukraine""]",2026-05-26T06:30:38.100869+00:00
GB:the boroughs cast,GB,the boroughs cast,the boroughs cast,5000,300,1779733800,1779748200,[4],"[""the boroughs cast"", ""the boroughs netflix"", ""cast of the boroughs""]",2026-05-26T06:30:38.100869+00:00
GB:range,GB,range,range,5000,100,1779693600,1779724800,[1],"[""range""]",2026-05-26T06:30:38.100869+00:00
GB:bb,GB,bb,bb,100,50,1779774000,,[3],"[""bb""]",2026-05-26T06:30:38.100869+00:00
GB:when does love island start 2026,GB,when does love island start 2026,when does love island start 2026,2000,200,1779712200,1779752400,[4],"[""when does love island start 2026"", ""when does love island start""]",2026-05-26T06:30:38.100869+00:00
GB:mundill mahil,GB,mundill mahil,mundill mahil,2000,400,1779741000,1779754200,[4],"[""mundill mahil"", ""gagandip singh"", ""vengeance on the heath""]",2026-05-26T06:30:38.100869+00:00
GB:aldi opening times bank holiday,GB,aldi opening times bank holiday,aldi opening times bank holiday,10000,200,1779691200,1779733200,[16],"[""aldi opening times bank holiday"", ""tescos"", ""is aldi open today"", ""lidl opening times bank holiday"", ""aldi opening times today"", ""tesco opening times bank holiday"", ""aldi opening hours bank holiday"", ""is aldi open bank holiday monday"", ""aldi closing time"", ""is tesco open on bank holiday monday"", ""bank holiday opening hours"", ""m&s bank holiday opening times"", ""is lidl open bank holiday monday"", ""aldi closing time today"", ""what time does aldi open"", ""aldi opening time"", ""sainsbury's opening times bank holiday monday"", ""are shops open today""]",2026-05-26T06:30:38.100869+00:00
GB:cheese rolling,GB,cheese rolling,cheese rolling,2000,200,1779697200,1779747600,[5],"[""cheese rolling"", ""coopers hill cheese rolling"", ""tom kopke"", ""coopers hill""]",2026-05-26T06:30:38.100869+00:00
GB:dean huijsen,GB,dean huijsen,dean huijsen,2000,200,1779709200,1779755400,[17],"[""dean huijsen"", ""spain squad"", ""spain world cup squad 2026"", ""spain national football team"", ""spain squad for world cup 2026"", ""yeremy pino""]",2026-05-26T06:30:38.100869+00:00
GB:bbc world cup presenter replacement,GB,bbc world cup presenter replacement,bbc world cup presenter replacement,2000,300,1779694200,1779737400,[17],"[""bbc world cup presenter replacement""]",2026-05-26T06:30:38.100869+00:00
GB:tui,GB,tui,tui,10000,50,1779709800,1779726000,[7],"[""tui""]",2026-05-26T06:30:38.100869+00:00
GB:london bridge,GB,london bridge,london bridge,2000,500,1779717600,1779737400,[11],"[""london bridge""]",2026-05-26T06:30:38.100869+00:00
GB:new zealand women vs england women,GB,new zealand women vs england women,new zealand women vs england women,5000,500,1779715800,1779739800,[17],"[""new zealand women vs england women"", ""nz-w vs en-w"", ""new zealand women's national cricket team vs england women's national cricket team match scorecard"", ""en-w vs nz-w"", ""maia bouchier""]",2026-05-26T06:30:38.100869+00:00
GB:vremea de maine,GB,vremea de mâine,vremea de maine,2000,75,1779738000,1779751800,[20],"[""vremea de mâine""]",2026-05-26T06:30:38.100869+00:00
GB:graeme shinnie leaves aberdeen fc,GB,graeme shinnie leaves aberdeen fc,graeme shinnie leaves aberdeen fc,500,100,1779736800,1779776400,[17],"[""graeme shinnie leaves aberdeen fc"", ""graeme shinnie""]",2026-05-26T06:30:38.100869+00:00
GB:geena davis,GB,geena davis,geena davis,2000,400,1779735000,1779748800,[4],"[""geena davis""]",2026-05-26T06:30:38.100869+00:00
GB:ladies first movie,GB,ladies first movie,ladies first movie,2000,100,1779735600,1779747600,[4],"[""ladies first movie"", ""sacha baron cohen"", ""ladies first cast""]",2026-05-26T06:30:38.100869+00:00
GB:vinnie jones,GB,vinnie jones,vinnie jones,100,400,1779772200,1779775200,[4],"[""vinnie jones""]",2026-05-26T06:30:38.100869+00:00
GB:rhys williams,GB,rhys williams,rhys williams,1000,200,1779732600,1779754800,[17],"[""rhys williams""]",2026-05-26T06:30:38.100869+00:00
GB:jet2.com,GB,jet2.com,jet2.com,2000,600,1779726000,1779733800,[19],"[""jet2.com""]",2026-05-26T06:30:38.100869+00:00
GB:evangelos marinakis basketball altercation,GB,evangelos marinakis basketball altercation,evangelos marinakis basketball altercation,2000,400,1779722400,1779741000,[17],"[""evangelos marinakis basketball altercation"", ""black"", ""evangelos marinakis"", ""marinakis""]",2026-05-26T06:30:38.100869+00:00
GB:arne slot liverpool transfer updates,GB,arne slot liverpool transfer updates,arne slot liverpool transfer updates,200,100,1779743400,,[17],"[""arne slot liverpool transfer updates""]",2026-05-26T06:30:38.100869+00:00
GB:wales online,GB,wales online,wales online,1000,100,1779732000,1779773400,[8],"[""wales online""]",2026-05-26T06:30:38.100869+00:00
GB:paderborn fc,GB,paderborn fc,paderborn fc,1000,100,1779735000,1779751800,[17],"[""paderborn fc"", ""wolfsburg fc""]",2026-05-26T06:30:38.100869+00:00
GB:hull kingston rovers,GB,hull kingston rovers,hull kingston rovers,1000,200,1779711000,1779739200,[17],"[""hull kingston rovers""]",2026-05-26T06:30:38.100869+00:00
GB:khaby lame,GB,khaby lame,khaby lame,1000,100,1779722400,1779753000,[4],"[""khaby lame""]",2026-05-26T06:30:38.100869+00:00
GB:turki alalshikh,GB,turki alalshikh,turki alalshikh,2000,200,1779722400,1779740400,[17],"[""turki alalshikh"", ""turki al-sheikh"", ""turki alalshikh derby county"", ""derby county football club""]",2026-05-26T06:30:38.100869+00:00
GB:jack grealish,GB,jack grealish,jack grealish,500,100,1779741600,1779775800,[17],"[""jack grealish""]",2026-05-26T06:30:38.100869+00:00
GB:rapid bucuresti - universitatea craiova,GB,rapid bucureşti - universitatea craiova,rapid bucuresti - universitatea craiova,2000,400,1779727800,1779740400,[17],"[""rapid bucureşti - universitatea craiova"", ""rapid bucurești vs universitatea craiova""]",2026-05-26T06:30:38.100869+00:00
GB:dejan kulusevski,GB,dejan kulusevski,dejan kulusevski,1000,100,1779730200,1779775800,[17],"[""dejan kulusevski"", ""roberto de zerbi tottenham manager""]",2026-05-26T06:30:38.100869+00:00
GB:alfred molina,GB,alfred molina,alfred molina,1000,200,1779733800,1779748800,[4],"[""alfred molina""]",2026-05-26T06:30:38.100869+00:00
GB:bbc news ni,GB,bbc news ni,bbc news ni,100,75,1779773400,1779775800,[10],"[""bbc news ni""]",2026-05-26T06:30:38.100869+00:00
GB:scott mctominay 20 note,GB,scott mctominay 20 note,scott mctominay 20 note,2000,300,1779711600,1779731400,[17],"[""scott mctominay 20 note"", ""mctominay 20 note""]",2026-05-26T06:30:38.100869+00:00
GB:elliot anderson transfer news,GB,elliot anderson transfer news,elliot anderson transfer news,2000,300,1779699600,1779723600,[17],"[""elliot anderson transfer news""]",2026-05-26T06:30:38.100869+00:00
GB:kennet eichhorn,GB,kennet eichhorn,kennet eichhorn,1000,100,1779717600,1779750600,[17],"[""kennet eichhorn""]",2026-05-26T06:30:38.100869+00:00
GB:derry city vs shelbourne,GB,derry city vs shelbourne,derry city vs shelbourne,1000,300,1779733800,1779745200,[17],"[""derry city vs shelbourne"", ""derry city fc"", ""derry city""]",2026-05-26T06:30:38.100869+00:00
GB:bournemouth echo,GB,bournemouth echo,bournemouth echo,100,75,1779772200,1779775800,[4],"[""bournemouth echo""]",2026-05-26T06:30:38.100869+00:00
GB:josh windass,GB,josh windass,josh windass,500,200,1779736200,1779749400,[17],"[""josh windass""]",2026-05-26T06:30:38.100869+00:00
GB:rick and morty,GB,rick and morty,rick and morty,500,100,1779730200,1779757800,[4],"[""rick and morty""]",2026-05-26T06:30:38.100869+00:00
GB:southend,GB,southend,southend,500,200,1779745800,1779763800,"[10, 20]","[""southend"", ""southend beach""]",2026-05-26T06:30:38.100869+00:00
GB:lancashire,GB,lancashire,lancashire,2000,400,1779693600,1779713400,[11],"[""lancashire"", ""man on roof in chorley""]",2026-05-26T06:30:38.100869+00:00
GB:cooler,GB,cooler,cooler,1000,100,1779706800,1779757200,[16],"[""cooler""]",2026-05-26T06:30:38.100869+00:00
GB:james harden,GB,james harden,james harden,200,100,1779762000,1779771600,[17],"[""james harden""]",2026-05-26T06:30:38.100869+00:00
GB:tom hanks,GB,tom hanks,tom hanks,500,100,1779726000,1779772200,[4],"[""tom hanks""]",2026-05-26T06:30:38.100869+00:00
GB:baller league,GB,baller league,baller league,1000,100,1779715200,1779730200,[17],"[""baller league""]",2026-05-26T06:30:38.100869+00:00
GB:george floyd,GB,george floyd,george floyd,500,100,1779736800,1779755400,[11],"[""george floyd""]",2026-05-26T06:30:38.100869+00:00
GB:home bargains bank holiday opening times,GB,home bargains bank holiday opening times,home bargains bank holiday opening times,2000,300,1779691200,1779728400,[16],"[""home bargains bank holiday opening times"", ""the range bank holiday opening times"", ""home bargains opening times bank holiday""]",2026-05-26T06:30:38.100869+00:00
GB:hull city parade,GB,hull city parade,hull city parade,1000,100,1779700200,1779725400,[17],"[""hull city parade""]",2026-05-26T06:30:38.100869+00:00
GB:julia roberts,GB,julia roberts,julia roberts,500,100,1779733200,1779746400,"[2, 4]","[""julia roberts""]",2026-05-26T06:30:38.100869+00:00
GB:putin,GB,putin,putin,1000,300,1779693600,1779719400,[14],"[""putin""]",2026-05-26T06:30:38.100869+00:00
GB:southsea,GB,southsea,southsea,1000,700,1779710400,1779747000,[11],"[""southsea""]",2026-05-26T06:30:38.100869+00:00
GB:subway,GB,subway,subway,1000,50,1779719400,1779738000,[11],"[""subway""]",2026-05-26T06:30:38.100869+00:00
GB:trafford centre,GB,trafford centre,trafford centre,1000,200,1779696000,1779722400,"[2, 4]","[""trafford centre""]",2026-05-26T06:30:38.100869+00:00
GB:3,GB,3,3,100,50,1779765600,1779774000,[17],"[""3""]",2026-05-26T06:30:38.100869+00:00
GB:elm,GB,elm,elm,200,200,1779757200,1779764400,[3],"[""elm""]",2026-05-26T06:30:38.100869+00:00
GB:gaston tennis,GB,gaston tennis,gaston tennis,500,200,1779737400,1779747600,"[17, 4]","[""gaston tennis""]",2026-05-26T06:30:38.100869+00:00
GB:josh kroenke arsenal summer plans,GB,josh kroenke arsenal summer plans,josh kroenke arsenal summer plans,500,100,1779718200,1779740400,[17],"[""josh kroenke arsenal summer plans""]",2026-05-26T06:30:38.100869+00:00
GB:明天的天氣,GB,明天的天氣,明天的天氣,500,75,1779738000,1779750000,[20],"[""明天的天氣""]",2026-05-26T06:30:38.100869+00:00
GB:how many episodes in euphoria season 3,GB,how many episodes in euphoria season 3,how many episodes in euphoria season 3,1000,100,1779732600,1779754200,[4],"[""how many episodes in euphoria season 3"", ""does nate die in euphoria"", ""nate euphoria""]",2026-05-26T06:30:38.100869+00:00
GB:casper ruud,GB,casper ruud,casper ruud,1000,500,1779732600,1779738600,[17],"[""casper ruud"", ""roman safiullin"", ""ruud""]",2026-05-26T06:30:38.100869+00:00
GB:love island,GB,love island,love island,1000,100,1779734400,1779745800,[4],"[""love island"", ""georgia steel""]",2026-05-26T06:30:38.100869+00:00
GB:nobodys fool,GB,nobodys fool,nobodys fool,1000,300,1779739800,1779745800,[11],"[""nobodys fool"", ""nobodys fool itv"", ""nobody's fool""]",2026-05-26T06:30:38.100869+00:00
GB:beth mead,GB,beth mead,beth mead,1000,1000,1779731400,1779736200,[17],"[""beth mead""]",2026-05-26T06:30:38.100869+00:00
GB:love island 2026,GB,love island 2026,love island 2026,500,100,1779733200,1779745800,[4],"[""love island 2026""]",2026-05-26T06:30:38.100869+00:00
GB:flooded cave laos rescue operation,GB,flooded cave laos rescue operation,flooded cave laos rescue operation,500,100,1779733200,1779750600,[20],"[""flooded cave laos rescue operation""]",2026-05-26T06:30:38.100869+00:00
GB:pewdiepie,GB,pewdiepie,pewdiepie,200,100,1779741600,1779757200,[4],"[""pewdiepie""]",2026-05-26T06:30:38.100869+00:00
GB:eric edelstein,GB,eric edelstein,eric edelstein,500,100,1779738600,1779747000,[4],"[""eric edelstein""]",2026-05-26T06:30:38.100869+00:00
GB:eastenders,GB,eastenders,eastenders,500,100,1779736200,1779759600,[4],"[""eastenders""]",2026-05-26T06:30:38.100869+00:00
GB:hugh grant,GB,hugh grant,hugh grant,500,200,1779735600,1779744600,[4],"[""hugh grant""]",2026-05-26T06:30:38.100869+00:00
GB:a617,GB,a617,a617,500,300,1779728400,1779737400,[11],"[""a617""]",2026-05-26T06:30:38.100869+00:00
GB:marshals season 2,GB,marshals season 2,marshals season 2,200,100,1779740400,1779750600,[4],"[""marshals season 2""]",2026-05-26T06:30:38.100869+00:00
GB:kristian gkolomeev,GB,kristian gkolomeev,kristian gkolomeev,1000,100,1779705600,1779717600,[17],"[""kristian gkolomeev"", ""kristian gkolomeev enhanced games"", ""fred kerley""]",2026-05-26T06:30:38.100869+00:00
GB:whitney eastenders,GB,whitney eastenders,whitney eastenders,1000,100,1779734400,1779750000,[4],"[""whitney eastenders"", ""is whitney back in eastenders"", ""shona mcgarty""]",2026-05-26T06:30:38.100869+00:00
GB:soccer aid,GB,soccer aid,soccer aid,1000,200,1779725400,1779732000,[17],"[""soccer aid"", ""when is soccer aid 2026""]",2026-05-26T06:30:38.100869+00:00
GB:الطقس غدا,GB,الطقس غدًا,الطقس غدا,500,75,1779741600,1779751200,[20],"[""الطقس غدًا""]",2026-05-26T06:30:38.100869+00:00
GB:mark wahlberg,GB,mark wahlberg,mark wahlberg,200,100,1779747600,1779756000,[11],"[""mark wahlberg""]",2026-05-26T06:30:38.100869+00:00
GB:iga swiatek,GB,iga świątek,iga swiatek,2000,1000,1779705000,1779711000,"[17, 4]","[""iga świątek""]",2026-05-26T06:30:38.100869+00:00
GB:westfield white city,GB,westfield white city,westfield white city,1000,100,1779693600,1779726000,[3],"[""westfield white city""]",2026-05-26T06:30:38.100869+00:00
GB:hyundai,GB,hyundai,hyundai,1000,100,1779713400,1779724200,[1],"[""hyundai""]",2026-05-26T06:30:38.100869+00:00
GB:morrisons debt management,GB,morrisons debt management,morrisons debt management,500,100,1779723000,1779740400,"[3, 5]","[""morrisons debt management""]",2026-05-26T06:30:38.100869+00:00
GB:homer gere,GB,homer gere,homer gere,500,100,1779727800,1779751200,[4],"[""homer gere""]",2026-05-26T06:30:38.100869+00:00
GB:rutland water,GB,rutland water,rutland water,1000,100,1779691800,1779714000,"[16, 4, 8]","[""rutland water""]",2026-05-26T06:30:38.100869+00:00
GB:soccer aid 2026,GB,soccer aid 2026,soccer aid 2026,500,300,1779724800,1779732000,[17],"[""soccer aid 2026""]",2026-05-26T06:30:38.100869+00:00
GB:charlie dimmock,GB,charlie dimmock,charlie dimmock,1000,700,1779720000,1779726600,[4],"[""charlie dimmock""]",2026-05-26T06:30:38.100869+00:00
GB:toby samuel,GB,toby samuel,toby samuel,1000,500,1779699600,1779711000,[17],"[""toby samuel""]",2026-05-26T06:30:38.100869+00:00
GB:paraag marathe leeds united letter,GB,paraag marathe leeds united letter,paraag marathe leeds united letter,500,100,1779736200,1779745800,[17],"[""paraag marathe leeds united letter""]",2026-05-26T06:30:38.100869+00:00
GB:post office,GB,post office,post office,2000,75,1779701400,1779711000,[11],"[""post office""]",2026-05-26T06:30:38.100869+00:00
GB:carlos baleba,GB,carlos baleba,carlos baleba,500,200,1779709800,1779723000,[17],"[""carlos baleba""]",2026-05-26T06:30:38.100869+00:00
GB:two weeks in august cast,GB,two weeks in august cast,two weeks in august cast,500,200,1779739200,1779745200,[4],"[""two weeks in august cast""]",2026-05-26T06:30:38.100869+00:00
GB:ronaldinho,GB,ronaldinho,ronaldinho,500,100,1779722400,1779735600,"[17, 4]","[""ronaldinho""]",2026-05-26T06:30:38.100869+00:00
GB:sian welby,GB,sian welby,sian welby,1000,400,1779701400,1779711600,[4],"[""sian welby"", ""craig doyle""]",2026-05-26T06:30:38.100869+00:00
GB:world cup 2022,GB,world cup 2022,world cup 2022,200,200,1779739800,1779747000,"[17, 4]","[""world cup 2022""]",2026-05-26T06:30:38.100869+00:00
GB:romania,GB,romania,romania,500,100,1779695400,1779712800,[10],"[""romania""]",2026-05-26T06:30:38.100869+00:00
GB:olivia attwood,GB,olivia attwood,olivia attwood,1000,700,1779708600,1779716400,[4],"[""olivia attwood""]",2026-05-26T06:30:38.100869+00:00
GB:skynews,GB,skynews,skynews,500,50,1779772200,1779773400,[14],"[""skynews"", ""iran peace deal"", ""marco rubio""]",2026-05-26T06:30:38.100869+00:00
GB:king's college london cranfield merger,GB,king's college london cranfield merger,king's college london cranfield merger,500,100,1779717000,1779730200,[9],"[""king's college london cranfield merger""]",2026-05-26T06:30:38.100869+00:00
GB:kelvin fletcher,GB,kelvin fletcher,kelvin fletcher,500,700,1779733800,1779739200,[4],"[""kelvin fletcher""]",2026-05-26T06:30:38.100869+00:00
GB:rob beckett,GB,rob beckett,rob beckett,200,200,1779741600,1779747600,[4],"[""rob beckett""]",2026-05-26T06:30:38.100869+00:00
GB:dartford crossing,GB,dartford crossing,dartford crossing,500,100,1779741000,1779745800,[11],"[""dartford crossing""]",2026-05-26T06:30:38.100869+00:00
GB:bohemians vs shamrock rovers,GB,bohemians vs shamrock rovers,bohemians vs shamrock rovers,200,100,1779738600,1779746400,[17],"[""bohemians vs shamrock rovers""]",2026-05-26T06:30:38.100869+00:00
GB:chester zoo,GB,chester zoo,chester zoo,1000,75,1779693000,1779706200,[11],"[""chester zoo""]",2026-05-26T06:30:38.100869+00:00
GB:on the beach,GB,on the beach,on the beach,1000,50,1779715800,1779730200,[11],"[""on the beach""]",2026-05-26T06:30:38.100869+00:00
GB:alex gogic,GB,alex gogic,alex gogic,500,400,1779742200,1779745800,[17],"[""alex gogic"", ""gogic""]",2026-05-26T06:30:38.100869+00:00
GB:national trust,GB,national trust,national trust,1000,75,1779690600,1779704400,[11],"[""national trust""]",2026-05-26T06:30:38.100869+00:00
GB:law and order svu,GB,law and order svu,law and order svu,200,100,1779739800,1779747600,[4],"[""law and order svu""]",2026-05-26T06:30:38.100869+00:00
GB:hajj 2026,GB,hajj 2026,hajj 2026,200,100,1779745200,1779751800,[11],"[""hajj 2026""]",2026-05-26T06:30:38.100869+00:00
GB:mateus fernandes transfer news,GB,mateus fernandes transfer news,mateus fernandes transfer news,500,200,1779693000,1779705600,[17],"[""mateus fernandes transfer news""]",2026-05-26T06:30:38.100869+00:00
GB:victor munoz,GB,victor munoz,victor munoz,500,200,1779708000,1779718200,[17],"[""victor munoz""]",2026-05-26T06:30:38.100869+00:00
GB:bill murray,GB,bill murray,bill murray,200,100,1779744000,1779750000,[11],"[""bill murray""]",2026-05-26T06:30:38.100869+00:00
GB:bikini,GB,bikini,bikini,500,75,1779715200,1779728400,"[4, 17]","[""bikini""]",2026-05-26T06:30:38.100869+00:00
GB:who owns notts county,GB,who owns notts county,who owns notts county,500,100,1779724200,1779729600,[17],"[""who owns notts county"", ""james belshaw""]",2026-05-26T06:30:38.100869+00:00
GB:ghosts,GB,ghosts,ghosts,200,500,1779736200,1779740400,[4],"[""ghosts""]",2026-05-26T06:30:38.100869+00:00
GB:cbs,GB,cbs,cbs,100,200,1779754800,1779759000,[4],"[""cbs""]",2026-05-26T06:30:38.100869+00:00
GB:national grid,GB,national grid,national grid,200,100,1779740400,1779747600,[3],"[""national grid""]",2026-05-26T06:30:38.100869+00:00
GB:elena rybakina,GB,elena rybakina,elena rybakina,500,300,1779710400,1779717000,[17],"[""elena rybakina"", ""emerson jones""]",2026-05-26T06:30:38.100869+00:00
GB:alex de minaur,GB,alex de minaur,alex de minaur,500,200,1779701400,1779710400,[17],"[""alex de minaur""]",2026-05-26T06:30:38.100869+00:00
GB:ben shelton,GB,ben shelton,ben shelton,200,100,1779728400,1779736200,[17],"[""ben shelton""]",2026-05-26T06:30:38.100869+00:00
GB:time,GB,time,time,100,75,1779770400,1779771600,[3],"[""time""]",2026-05-26T06:30:38.100869+00:00
GB:nandos,GB,nandos,nandos,500,50,1779730800,1779735000,[3],"[""nandos""]",2026-05-26T06:30:38.100869+00:00
GB:taylor dearden,GB,taylor dearden,taylor dearden,500,100,1779692400,1779723600,[4],"[""taylor dearden""]",2026-05-26T06:30:38.100869+00:00
GB:sicily,GB,sicily,sicily,200,200,1779720000,1779726000,[19],"[""sicily""]",2026-05-26T06:30:38.100869+00:00
GB:roman reigns,GB,roman reigns,roman reigns,100,200,1779754200,1779758400,"[17, 4]","[""roman reigns""]",2026-05-26T06:30:38.100869+00:00
GB:ignacio buse,GB,ignacio buse,ignacio buse,200,100,1779729000,1779734400,[17],"[""ignacio buse""]",2026-05-26T06:30:38.100869+00:00
GB:democratic unionist party,GB,democratic unionist party,democratic unionist party,200,100,1779718800,1779734400,[10],"[""democratic unionist party""]",2026-05-26T06:30:38.100869+00:00
GB:lewis miley newcastle united contract,GB,lewis miley newcastle united contract,lewis miley newcastle united contract,200,100,1779725400,1779733200,[17],"[""lewis miley newcastle united contract""]",2026-05-26T06:30:38.100869+00:00
GB:rockstar,GB,rockstar,rockstar,200,100,1779717600,1779727800,[4],"[""rockstar"", ""beartooth""]",2026-05-26T06:30:38.100869+00:00
GB:jj abrams,GB,jj abrams,jj abrams,200,200,1779741600,1779745200,[4],"[""jj abrams""]",2026-05-26T06:30:38.100869+00:00
GB:amanda anisimova,GB,amanda anisimova,amanda anisimova,200,100,1779723600,1779729000,[17],"[""amanda anisimova""]",2026-05-26T06:30:38.100869+00:00
GB:jasmine paolini,GB,jasmine paolini,jasmine paolini,200,200,1779702000,1779709200,[17],"[""jasmine paolini""]",2026-05-26T06:30:38.100869+00:00
GB:stuart fails to save the universe,GB,stuart fails to save the universe,stuart fails to save the universe,500,200,1779702000,1779715800,[4],"[""stuart fails to save the universe""]",2026-05-26T06:30:38.100869+00:00
GB:alisha lehmann,GB,alisha lehmann,alisha lehmann,200,400,1779728400,1779732600,[17],"[""alisha lehmann""]",2026-05-26T06:30:38.100869+00:00
GB:deaf climber stranded everest,GB,deaf climber stranded everest,deaf climber stranded everest,200,100,1779734400,1779741600,"[17, 8]","[""deaf climber stranded everest""]",2026-05-26T06:30:38.100869+00:00
GB:belgium,GB,belgium,belgium,200,100,1779730200,1779735000,[10],"[""belgium""]",2026-05-26T06:30:38.100869+00:00
GB:inheritance,GB,inheritance,inheritance,200,300,1779696000,1779703200,[3],"[""inheritance""]",2026-05-26T06:30:38.100869+00:00
GB:miles davis,GB,miles davis,miles davis,200,100,1779723000,1779727800,[4],"[""miles davis""]",2026-05-26T06:30:38.100869+00:00
GB:paul joyce,GB,paul joyce,paul joyce,200,200,1779708600,1779714000,[17],"[""paul joyce""]",2026-05-26T06:30:38.100869+00:00
GB:herefordshire,GB,herefordshire,herefordshire,200,400,1779718800,1779723000,[11],"[""herefordshire""]",2026-05-26T06:30:38.100869+00:00
GB:conor sammon,GB,conor sammon,conor sammon,200,100,1779727200,1779732000,[17],"[""conor sammon""]",2026-05-26T06:30:38.100869+00:00
GB:dublin,GB,dublin,dublin,200,100,1779717000,1779725400,[19],"[""dublin""]",2026-05-26T06:30:38.100869+00:00
GB:maja chwalinska,GB,maja chwalińska,maja chwalinska,200,200,1779704400,1779710400,[17],"[""maja chwalińska""]",2026-05-26T06:30:38.100869+00:00
GB:kylian mbappe chelsea transfer rumors,GB,kylian mbappe chelsea transfer rumors,kylian mbappe chelsea transfer rumors,200,100,1779735600,1779747600,[17],"[""kylian mbappe chelsea transfer rumors""]",2026-05-26T06:30:38.100869+00:00
GB:zmiany klimatyczne,GB,zmiany klimatyczne,zmiany klimatyczne,200,100,1779700200,1779723000,[11],"[""zmiany klimatyczne""]",2026-05-26T06:30:38.100869+00:00
GB:giro d'italia,GB,giro d'italia,giro d'italia,500,100,1779693000,1779719400,"[17, 8]","[""giro d'italia""]",2026-05-26T06:30:38.100869+00:00
GB:rockstar games,GB,rockstar games,rockstar games,200,100,1779723000,1779727800,[6],"[""rockstar games""]",2026-05-26T06:30:38.100869+00:00
GB:james rodriguez,GB,james rodriguez,james rodriguez,200,75,1779745800,1779750600,[17],"[""james rodriguez""]",2026-05-26T06:30:38.100869+00:00
GB:aurelien tchouameni man utd interest,GB,aurelien tchouameni man utd interest,aurelien tchouameni man utd interest,200,100,1779708600,1779715800,[17],"[""aurelien tchouameni man utd interest""]",2026-05-26T06:30:38.100869+00:00
GB:curtis jones liverpool future comments,GB,curtis jones liverpool future comments,curtis jones liverpool future comments,200,100,1779720600,1779733200,[17],"[""curtis jones liverpool future comments""]",2026-05-26T06:30:38.100869+00:00
GB:m2 traffic,GB,m2 traffic,m2 traffic,200,100,1779720600,1779725400,[11],"[""m2 traffic""]",2026-05-26T06:30:38.100869+00:00
GB:lee mack,GB,lee mack,lee mack,200,100,1779738000,1779741600,[4],"[""lee mack""]",2026-05-26T06:30:38.100869+00:00
GB:paula radcliffe,GB,paula radcliffe,paula radcliffe,200,200,1779724800,1779729000,[3],"[""paula radcliffe""]",2026-05-26T06:30:38.100869+00:00
GB:paramount plus,GB,paramount plus,paramount plus,100,100,1779753600,1779756000,[4],"[""paramount plus""]",2026-05-26T06:30:38.100869+00:00
GB:world cup fantasy football,GB,world cup fantasy football,world cup fantasy football,200,100,1779704400,1779711600,[17],"[""world cup fantasy football""]",2026-05-26T06:30:38.100869+00:00
GB:rushden,GB,rushden,rushden,200,200,1779735600,1779738600,[10],"[""rushden""]",2026-05-26T06:30:38.100869+00:00
GB:elina svitolina,GB,elina svitolina,elina svitolina,500,900,1779713400,1779720600,[17],"[""elina svitolina""]",2026-05-26T06:30:38.100869+00:00
GB:helen flanagan,GB,helen flanagan,helen flanagan,200,100,1779714600,1779720000,[4],"[""helen flanagan""]",2026-05-26T06:30:38.100869+00:00
GB:paris saint-germain fc,GB,paris saint-germain fc,paris saint-germain fc,200,100,1779741000,1779743400,[17],"[""paris saint-germain fc"", ""paris saint-germain f.c.""]",2026-05-26T06:30:38.100869+00:00
GB:burger king,GB,burger king,burger king,200,75,1779727800,1779730800,[4],"[""burger king""]",2026-05-26T06:30:38.100869+00:00
GB:gary neville,GB,gary neville,gary neville,200,200,1779723600,1779727200,[17],"[""gary neville""]",2026-05-26T06:30:38.100869+00:00
GB:paris olympics,GB,paris olympics,paris olympics,200,300,1779733200,1779735600,[17],"[""paris olympics""]",2026-05-26T06:30:38.100869+00:00
GB:hubert hurkacz,GB,hubert hurkacz,hubert hurkacz,200,100,1779720000,1779729000,[17],"[""hubert hurkacz""]",2026-05-26T06:30:38.100869+00:00
GB:nico williams,GB,nico williams,nico williams,200,100,1779712200,1779720000,[17],"[""nico williams""]",2026-05-26T06:30:38.100869+00:00
GB:bill pullman,GB,bill pullman,bill pullman,100,100,1779739800,1779743400,[4],"[""bill pullman""]",2026-05-26T06:30:38.100869+00:00
GB:this morning presenters,GB,this morning presenters,this morning presenters,200,75,1779702600,1779708600,[4],"[""this morning presenters""]",2026-05-26T06:30:38.100869+00:00
GB:faro,GB,faro,faro,200,100,1779712200,1779717600,[17],"[""faro""]",2026-05-26T06:30:38.100869+00:00
GB:safari,GB,safari,safari,100,50,1779753600,1779756600,[11],"[""safari""]",2026-05-26T06:30:38.100869+00:00
GB:somerton,GB,somerton,somerton,200,300,1779717000,1779720600,[11],"[""somerton""]",2026-05-26T06:30:38.100869+00:00
GB:hampstead heath,GB,hampstead heath,hampstead heath,200,100,1779699600,1779706800,[4],"[""hampstead heath""]",2026-05-26T06:30:38.100869+00:00
GB:jakob breum,GB,jakob breum,jakob breum,100,100,1779737400,1779740400,[17],"[""jakob breum""]",2026-05-26T06:30:38.100869+00:00
GB:yugoslavia,GB,yugoslavia,yugoslavia,200,100,1779738600,1779741000,[11],"[""yugoslavia""]",2026-05-26T06:30:38.100869+00:00
GB:matteo berrettini,GB,matteo berrettini,matteo berrettini,200,100,1779708600,1779713400,[17],"[""matteo berrettini""]",2026-05-26T06:30:38.100869+00:00
GB:jamie vardy serie a relegation,GB,jamie vardy serie a relegation,jamie vardy serie a relegation,200,100,1779702000,1779708000,[17],"[""jamie vardy serie a relegation""]",2026-05-26T06:30:38.100869+00:00
GB:rnli wells norfolk parking issues,GB,rnli wells norfolk parking issues,rnli wells norfolk parking issues,200,200,1779707400,1779711600,[11],"[""rnli wells norfolk parking issues""]",2026-05-26T06:30:38.100869+00:00
GB:swift,GB,swift,swift,100,100,1779737400,1779740400,[4],"[""swift""]",2026-05-26T06:30:38.100869+00:00
GB:miley cyrus,GB,miley cyrus,miley cyrus,200,200,1779698400,1779702600,[4],"[""miley cyrus""]",2026-05-26T06:30:38.100869+00:00
GB:savers,GB,savers,savers,500,50,1779702000,1779714600,[3],"[""savers""]",2026-05-26T06:30:38.100869+00:00
GB:huw edwards,GB,huw edwards,huw edwards,200,200,1779705600,1779709800,[4],"[""huw edwards""]",2026-05-26T06:30:38.100869+00:00
GB:legoland,GB,legoland,legoland,200,100,1779691200,1779696600,[16],"[""legoland""]",2026-05-26T06:30:38.100869+00:00
GB:scottish championship,GB,scottish championship,scottish championship,100,100,1779742200,1779744000,[11],"[""scottish championship""]",2026-05-26T06:30:38.100869+00:00
GB:stratford upon avon,GB,stratford upon avon,stratford upon avon,200,75,1779695400,1779708000,[4],"[""stratford upon avon""]",2026-05-26T06:30:38.100869+00:00
GB:qinwen zheng,GB,qinwen zheng,qinwen zheng,100,200,1779706800,1779711000,[17],"[""qinwen zheng""]",2026-05-26T06:30:38.100869+00:00
GB:british museum,GB,british museum,british museum,200,75,1779699600,1779703800,[11],"[""british museum""]",2026-05-26T06:30:38.100869+00:00
GB:richard madeley,GB,richard madeley,richard madeley,100,100,1779745800,1779747600,[11],"[""richard madeley""]",2026-05-26T06:30:38.100869+00:00
GB:river wye charter rights,GB,river wye charter rights,river wye charter rights,200,100,1779691200,1779697200,[11],"[""river wye charter rights""]",2026-05-26T06:30:38.100869+00:00
GB:gop,GB,gop,gop,200,200,1779709800,1779712800,[10],"[""gop""]",2026-05-26T06:30:38.100869+00:00
GB:meadowhall,GB,meadowhall,meadowhall,200,75,1779693000,1779697800,[16],"[""meadowhall""]",2026-05-26T06:30:38.100869+00:00
GB:frank warren,GB,frank warren,frank warren,100,200,1779695400,1779699600,[17],"[""frank warren""]",2026-05-26T06:30:38.100869+00:00
GB:birmingham city f.c.,GB,birmingham city f.c.,birmingham city f.c.,200,100,1779694200,1779702600,[11],"[""birmingham city f.c.""]",2026-05-26T06:30:38.100869+00:00
GB:gyles brandreth,GB,gyles brandreth,gyles brandreth,200,200,1779700200,1779703800,[4],"[""gyles brandreth""]",2026-05-26T06:30:38.100869+00:00
GB:lambrook school,GB,lambrook school,lambrook school,100,75,1779742200,1779744600,"[10, 4]","[""lambrook school""]",2026-05-26T06:30:38.100869+00:00
GB:emma thompson,GB,emma thompson,emma thompson,100,200,1779700200,1779703800,[4],"[""emma thompson""]",2026-05-26T06:30:38.100869+00:00
GB:liquefied natural gas,GB,liquefied natural gas,liquefied natural gas,100,200,1779697800,1779701400,[3],"[""liquefied natural gas""]",2026-05-26T06:30:38.100869+00:00
GB:ncis,GB,ncis,ncis,200,100,1779742200,1779743400,[4],"[""ncis""]",2026-05-26T06:30:38.100869+00:00
GB:tour de france,GB,tour de france,tour de france,100,100,1779724200,1779727200,"[17, 8, 1, 16]","[""tour de france""]",2026-05-26T06:30:38.100869+00:00
GB:ben mcdermott,GB,ben mcdermott,ben mcdermott,100,100,1779727800,1779729600,[17],"[""ben mcdermott""]",2026-05-26T06:30:38.100869+00:00
GB:george russell suspension,GB,george russell suspension,george russell suspension,200,200,1779693600,1779697200,[17],"[""george russell suspension"", ""grand prix results""]",2026-05-26T06:30:38.100869+00:00
GB:boys of dungeon lane review,GB,boys of dungeon lane review,boys of dungeon lane review,100,100,1779698400,1779702600,[4],"[""boys of dungeon lane review""]",2026-05-26T06:30:38.100869+00:00
GB:fallout,GB,fallout,fallout,100,100,1779744000,1779745200,"[6, 4]","[""fallout""]",2026-05-26T06:30:38.100869+00:00
GB:lakeside,GB,lakeside,lakeside,200,100,1779710400,1779722400,[19],"[""lakeside""]",2026-05-26T06:30:38.100869+00:00
GB:rafael jodar,GB,rafael jodar,rafael jodar,200,200,1779710400,1779712200,[17],"[""rafael jodar""]",2026-05-26T06:30:38.100869+00:00
GB:benidorm,GB,benidorm,benidorm,200,50,1779742800,1779744000,[19],"[""benidorm""]",2026-05-26T06:30:38.100869+00:00
GB:morocco,GB,morocco,morocco,100,100,1779700200,1779703200,[19],"[""morocco""]",2026-05-26T06:30:38.100869+00:00
GB:madonna,GB,madonna,madonna,100,100,1779691800,1779694800,[4],"[""madonna""]",2026-05-26T06:30:38.100869+00:00
GB:noah okafor,GB,noah okafor,noah okafor,100,100,1779724800,1779726600,"[17, 4]","[""noah okafor""]",2026-05-26T06:30:38.100869+00:00
GB:dax performance-index,GB,dax performance-index,dax performance-index,100,100,1779739800,1779741000,[3],"[""dax performance-index""]",2026-05-26T06:30:38.100869+00:00
GB:majorca,GB,majorca,majorca,100,100,1779721200,1779723000,[19],"[""majorca""]",2026-05-26T06:30:38.100869+00:00
GB:wordle help,GB,wordle help,wordle help,200,100,1779691200,1779694200,[6],"[""wordle help"", ""wordle nyt""]",2026-05-26T06:30:38.100869+00:00
GB:westjet,GB,westjet,westjet,100,100,1779697800,1779705000,"[19, 3]","[""westjet""]",2026-05-26T06:30:38.100869+00:00
GB:semaglutide,GB,semaglutide,semaglutide,100,200,1779692400,1779695400,[7],"[""semaglutide""]",2026-05-26T06:30:38.100869+00:00
GB:enrico zanoncello giro d'italia disqualification,GB,enrico zanoncello giro d'italia disqualification,enrico zanoncello giro d'italia disqualification,100,100,1779736800,1779738000,"[17, 8]","[""enrico zanoncello giro d'italia disqualification""]",2026-05-26T06:30:38.100869+00:00
GB:borja iglesias,GB,borja iglesias,borja iglesias,100,100,1779713400,1779715200,[17],"[""borja iglesias""]",2026-05-26T06:30:38.100869+00:00
GB:windsor castle,GB,windsor castle,windsor castle,100,100,1779693600,1779707400,[10],"[""windsor castle""]",2026-05-26T06:30:38.100869+00:00
GB:the line saudi arabia,GB,the line saudi arabia,the line saudi arabia,100,100,1779694200,1779697200,[3],"[""the line saudi arabia""]",2026-05-26T06:30:38.100869+00:00
GB:penarth,GB,penarth,penarth,100,200,1779693600,1779696000,"[8, 10]","[""penarth""]",2026-05-26T06:30:38.100869+00:00
GB:convenience store,GB,convenience store,convenience store,200,200,1779709200,1779710400,"[3, 5]","[""convenience store""]",2026-05-26T06:30:38.100869+00:00
GB:barry manilow,GB,barry manilow,barry manilow,100,200,1779693600,1779695400,[4],"[""barry manilow""]",2026-05-26T06:30:38.100869+00:00
GB:adam webster,GB,adam webster,adam webster,100,100,1779729600,1779730800,[17],"[""adam webster""]",2026-05-26T06:30:38.100869+00:00
GB:scarborough,GB,scarborough,scarborough,100,75,1779701400,1779703200,[19],"[""scarborough""]",2026-05-26T06:30:38.100869+00:00
GB:tottenham transfer news,GB,tottenham transfer news,tottenham transfer news,100,100,1779697200,1779699000,[17],"[""tottenham transfer news""]",2026-05-26T06:30:38.100869+00:00
GB:lyme regis,GB,lyme regis,lyme regis,100,100,1779697800,1779699600,[11],"[""lyme regis""]",2026-05-26T06:30:38.100869+00:00
GB:smiths,GB,smiths,smiths,100,100,1779703800,1779705000,[3],"[""smiths""]",2026-05-26T06:30:38.100869+00:00
GB:tt schedule 2026,GB,tt schedule 2026,tt schedule 2026,100,100,1779705600,1779706800,[17],"[""tt schedule 2026""]",2026-05-26T06:30:38.100869+00:00
GB:southend on sea,GB,southend on sea,southend on sea,100,75,1779701400,1779702600,[10],"[""southend on sea""]",2026-05-26T06:30:38.100869+00:00
GB:when does the transfer window open,GB,when does the transfer window open,when does the transfer window open,100,75,1779697800,1779699000,[17],"[""when does the transfer window open""]",2026-05-26T06:30:38.100869+00:00
GB:neale daniher,GB,neale daniher,neale daniher,100,100,1779695400,1779696600,[17],"[""neale daniher""]",2026-05-26T06:30:38.100869+00:00
GR:δημοσια υπηρεσια απασχολησησ,GR,δημόσια υπηρεσία απασχόλησησ,δημοσια υπηρεσια απασχολησησ,20000,1000,1779715200,,[11],"[""δημόσια υπηρεσία απασχόλησησ""]",2026-05-26T06:31:20.595413+00:00
GR:παρασκευασ αντζασ,GR,παρασκευασ αντζασ,παρασκευασ αντζασ,20000,1000,1779695400,,[17],"[""παρασκευασ αντζασ"", ""αντζασ"", ""αντζασ παρασκευασ"", ""άντζασ"", ""antzas"", ""als ασθενεια"", ""αντζασ ολυμπιακοσ""]",2026-05-26T06:31:20.595413+00:00
GR:βασιλησ ξυπολυτασ,GR,βασιλήσ ξυπολυτάσ,βασιλησ ξυπολυτασ,5000,1000,1779722400,,[11],"[""βασιλήσ ξυπολυτάσ""]",2026-05-26T06:31:20.595413+00:00
GR:apple,GR,apple,apple,2000,1000,1779743400,,"[18, 16]","[""apple""]",2026-05-26T06:31:20.595413+00:00
GR:επιδομα θερμανσησ,GR,επιδομα θερμανσησ,επιδομα θερμανσησ,5000,200,1779693000,,[3],"[""επιδομα θερμανσησ""]",2026-05-26T06:31:20.595413+00:00
GR:συνορα,GR,σύνορα,συνορα,2000,1000,1779724200,,[11],"[""σύνορα""]",2026-05-26T06:31:20.595413+00:00
GR:αερομαχια,GR,αερομαχία,αερομαχια,2000,1000,1779730800,,[3],"[""αερομαχία""]",2026-05-26T06:31:20.595413+00:00
GR:τατιανα μπλατνικ,GR,τατιάνα μπλάτνικ,τατιανα μπλατνικ,2000,1000,1779713400,,[11],"[""τατιάνα μπλάτνικ""]",2026-05-26T06:31:20.595413+00:00
GR:προεδροσ,GR,πρόεδροσ,προεδροσ,2000,1000,1779732000,,[11],"[""πρόεδροσ""]",2026-05-26T06:31:20.595413+00:00
GR:νομοσ κατσελη,GR,νόμοσ κατσέλη,νομοσ κατσελη,2000,1000,1779726000,,[10],"[""νόμοσ κατσέλη""]",2026-05-26T06:31:20.595413+00:00
GR:26 μαιου,GR,26 μαΐου,26 μαιου,10000,1000,1779771000,,[8],"[""26 μαΐου"", ""μαΐου""]",2026-05-26T06:31:20.595413+00:00
GR:naftemporiki,GR,naftemporiki,naftemporiki,2000,200,1779715800,,[11],"[""naftemporiki""]",2026-05-26T06:31:20.595413+00:00
GR:ρανια τζιμα,GR,ράνια τζίμα,ρανια τζιμα,500,1000,1779766800,,[4],"[""ράνια τζίμα""]",2026-05-26T06:31:20.595413+00:00
GR:σαουδικη αραβια,GR,σαουδική αραβία,σαουδικη αραβια,1000,700,1779740400,,"[10, 14]","[""σαουδική αραβία""]",2026-05-26T06:31:20.595413+00:00
GR:εισιτηριο,GR,εισιτήριο,εισιτηριο,5000,700,1779694800,1779776400,[17],"[""εισιτήριο"", ""ντέγιαν μποντιρόγκα""]",2026-05-26T06:31:20.595413+00:00
GR:κωνσταντινου καβαφη,GR,κωνσταντινου καβάφη,κωνσταντινου καβαφη,500,700,1779736200,,[11],"[""κωνσταντινου καβάφη""]",2026-05-26T06:31:20.595413+00:00
GR:χολαργοσ,GR,χολαργόσ,χολαργοσ,500,600,1779746400,,[11],"[""χολαργόσ"", ""νιουζιτ""]",2026-05-26T06:31:20.595413+00:00
GR:ferrari luce,GR,ferrari luce,ferrari luce,200,500,1779767400,,[1],"[""ferrari luce""]",2026-05-26T06:31:20.595413+00:00
GR:κρητη,GR,κρήτη,κρητη,2000,1000,1779728400,1779774600,[10],"[""κρήτη"", ""οπεκεπε"", ""cretalive news""]",2026-05-26T06:31:20.595413+00:00
GR:ανακαινιζω 2026,GR,ανακαινιζω 2026,ανακαινιζω 2026,500,300,1779729000,,[11],"[""ανακαινιζω 2026"", ""e radio""]",2026-05-26T06:31:20.595413+00:00
GR:γιαννακοπουλοσ,GR,γιαννακοπουλοσ,γιαννακοπουλοσ,5000,1000,1779714600,1779773400,[17],"[""γιαννακοπουλοσ""]",2026-05-26T06:31:20.595413+00:00
GR:σπυροσ μαραγκοσ,GR,σπύροσ μαραγκόσ,σπυροσ μαραγκοσ,2000,1000,1779717600,1779774000,[17],"[""σπύροσ μαραγκόσ"", ""σπυροσ μαραγκοσ""]",2026-05-26T06:31:20.595413+00:00
GR:οπεκεπε πληρωμεσ,GR,οπεκεπε πληρωμέσ,οπεκεπε πληρωμεσ,500,500,1779733800,1779777000,[10],"[""οπεκεπε πληρωμέσ""]",2026-05-26T06:31:20.595413+00:00
GR:μαριο χεζονια,GR,μάριο χεζόνια,μαριο χεζονια,2000,1000,1779693000,1779765600,[17],"[""μάριο χεζόνια""]",2026-05-26T06:31:20.595413+00:00
GR:αλεκ πιτερσ,GR,άλεκ πίτερσ,αλεκ πιτερσ,2000,1000,1779714000,1779765000,[17],"[""άλεκ πίτερσ""]",2026-05-26T06:31:20.595413+00:00
GR:φειδιασ παναγιωτου,GR,φειδίασ παναγιώτου,φειδιασ παναγιωτου,500,500,1779718800,1779771600,[14],"[""φειδίασ παναγιώτου""]",2026-05-26T06:31:20.595413+00:00
GR:μακινταιρ,GR,μακινταιρ,μακινταιρ,1000,700,1779723600,1779773400,[17],"[""μακινταιρ"", ""μοντερο ολυμπιακοσ""]",2026-05-26T06:31:20.595413+00:00
GR:spanien,GR,spanien,spanien,1000,1000,1779697800,1779774000,[17],"[""spanien""]",2026-05-26T06:31:20.595413+00:00
GR:asep,GR,asep,asep,2000,100,1779737400,1779748800,"[9, 10]","[""asep"", ""ασεπ""]",2026-05-26T06:31:20.595413+00:00
GR:πλοιο,GR,πλοίο,πλοιο,200,1000,1779739200,1779774000,[11],"[""πλοίο""]",2026-05-26T06:31:20.595413+00:00
GR:δημητρησ φιλιππιδησ,GR,δημήτρησ φιλιππίδησ,δημητρησ φιλιππιδησ,100,500,1779769200,1779776400,[11],"[""δημήτρησ φιλιππίδησ""]",2026-05-26T06:31:20.595413+00:00
GR:ολυμποσ,GR,όλυμποσ,ολυμποσ,1000,1000,1779711000,1779747600,[11],"[""όλυμποσ""]",2026-05-26T06:31:20.595413+00:00
GR:η ναυτεμπορικη,GR,η ναυτεμπορική,η ναυτεμπορικη,1000,1000,1779698400,1779729000,[3],"[""η ναυτεμπορική""]",2026-05-26T06:31:20.595413+00:00
GR:παντερμπορν εναντιον βολφσμπουργκ,GR,πάντερμπορν εναντίον βόλφσμπουργκ,παντερμπορν εναντιον βολφσμπουργκ,500,1000,1779733800,1779771600,[17],"[""πάντερμπορν εναντίον βόλφσμπουργκ""]",2026-05-26T06:31:20.595413+00:00
GR:γιαννησ τσιμιτσελησ,GR,γιάννησ τσιμιτσέλησ,γιαννησ τσιμιτσελησ,200,500,1779726600,1779773400,[4],"[""γιάννησ τσιμιτσέλησ""]",2026-05-26T06:31:20.595413+00:00
GR:βασιλησ σπανουλησ,GR,βασίλησ σπανούλησ,βασιλησ σπανουλησ,200,400,1779741000,1779774000,[17],"[""βασίλησ σπανούλησ""]",2026-05-26T06:31:20.595413+00:00
GR:αρησ θεσσαλονικησ,GR,άρησ θεσσαλονίκησ,αρησ θεσσαλονικησ,500,400,1779740400,1779774000,[17],"[""άρησ θεσσαλονίκησ""]",2026-05-26T06:31:20.595413+00:00
GR:wolfsburg,GR,wolfsburg,wolfsburg,500,500,1779738600,1779774000,[17],"[""wolfsburg"", ""sc paderborn – wolfsburg""]",2026-05-26T06:31:20.595413+00:00
GR:αεκ αρησ μπασκετ,GR,αεκ αρησ μπασκετ,αεκ αρησ μπασκετ,1000,1000,1779725400,1779742800,[17],"[""αεκ αρησ μπασκετ"", ""αεκ αρησ""]",2026-05-26T06:31:20.595413+00:00
GR:cavaliers vs knicks,GR,cavaliers vs knicks,cavaliers vs knicks,200,500,1779768000,1779773400,[17],"[""cavaliers vs knicks"", ""in""]",2026-05-26T06:31:20.595413+00:00
GR:χαποελ τελ αβιβ,GR,χάποελ τελ αβίβ,χαποελ τελ αβιβ,200,700,1779743400,1779775800,[17],"[""χάποελ τελ αβίβ""]",2026-05-26T06:31:20.595413+00:00
GR:κριστιαν γκολομεεφ,GR,κριστιάν γκολομέεφ,κριστιαν γκολομεεφ,100,200,1779769200,1779775800,[17],"[""κριστιάν γκολομέεφ""]",2026-05-26T06:31:20.595413+00:00
GR:knicks,GR,knicks,knicks,100,200,1779762600,1779777000,"[17, 4]","[""knicks""]",2026-05-26T06:31:20.595413+00:00
GR:σεισμοσ τωρα,GR,σεισμοσ τωρα,σεισμοσ τωρα,2000,1000,1779735000,1779739800,[20],"[""σεισμοσ τωρα"", ""σεισμόσ τώρα""]",2026-05-26T06:31:20.595413+00:00
GR:διυλιστηριο πετρελαιου,GR,διυλιστήριο πετρελαίου,διυλιστηριο πετρελαιου,200,700,1779734400,1779771000,[11],"[""διυλιστήριο πετρελαίου""]",2026-05-26T06:31:20.595413+00:00
GR:ροδοσ,GR,ρόδοσ,ροδοσ,100,300,1779744600,1779774000,[11],"[""ρόδοσ""]",2026-05-26T06:31:20.595413+00:00
GR:πληρωμη,GR,πληρωμή,πληρωμη,100,200,1779766800,1779771000,[11],"[""πληρωμή""]",2026-05-26T06:31:20.595413+00:00
GR:ευγενια σαμαρα,GR,ευγενία σαμαρά,ευγενια σαμαρα,500,1000,1779712800,1779742200,[4],"[""ευγενία σαμαρά""]",2026-05-26T06:31:20.595413+00:00
GR:dacia,GR,dacia,dacia,200,400,1779724200,1779769800,"[3, 1]","[""dacia""]",2026-05-26T06:31:20.595413+00:00
GR:λιβαι γκαρσια,GR,λίβαϊ γκαρσία,λιβαι γκαρσια,200,900,1779723000,1779735600,[17],"[""λίβαϊ γκαρσία""]",2026-05-26T06:31:20.595413+00:00
GR:ασεπ αιτηση,GR,ασεπ αιτηση,ασεπ αιτηση,200,100,1779738000,1779747000,[9],"[""ασεπ αιτηση""]",2026-05-26T06:31:20.595413+00:00
GR:ελαχιστο εγγυημενο εισοδημα,GR,ελάχιστο εγγυημένο εισόδημα,ελαχιστο εγγυημενο εισοδημα,200,300,1779714600,1779773400,[10],"[""ελάχιστο εγγυημένο εισόδημα""]",2026-05-26T06:31:20.595413+00:00
GR:μπεσικτασ,GR,μπεσίκτασ,μπεσικτασ,200,500,1779730200,1779745200,[17],"[""μπεσίκτασ""]",2026-05-26T06:31:20.595413+00:00
GR:ελενα παπαριζου,GR,έλενα παπαρίζου,ελενα παπαριζου,200,1000,1779709800,1779724200,[4],"[""έλενα παπαρίζου""]",2026-05-26T06:31:20.595413+00:00
GR:gov,GR,gov,gov,200,100,1779737400,1779770400,[11],"[""gov""]",2026-05-26T06:31:20.595413+00:00
GR:εμπολα,GR,εμπολα,εμπολα,200,200,1779732600,1779756000,[11],"[""εμπολα""]",2026-05-26T06:31:20.595413+00:00
GR:efka,GR,efka,efka,2000,50,1779691800,1779706200,[11],"[""efka"", ""εφκα""]",2026-05-26T06:31:20.595413+00:00
GR:τσαλιγοπουλου,GR,τσαλιγοπουλου,τσαλιγοπουλου,200,1000,1779749400,1779754200,[4],"[""τσαλιγοπουλου""]",2026-05-26T06:31:20.595413+00:00
GR:εκπτωση φορου,GR,έκπτωση φόρου,εκπτωση φορου,200,700,1779712200,1779748200,[3],"[""έκπτωση φόρου""]",2026-05-26T06:31:20.595413+00:00
GR:αρειοσ παγοσ,GR,άρειοσ πάγοσ,αρειοσ παγοσ,500,1000,1779712200,1779718800,[11],"[""άρειοσ πάγοσ"", ""κώστασ μπακογιάννησ""]",2026-05-26T06:31:20.595413+00:00
GR:σερτζιο σκαριολο,GR,σέρτζιο σκαριόλο,σερτζιο σκαριολο,500,500,1779725400,1779731400,[17],"[""σέρτζιο σκαριόλο""]",2026-05-26T06:31:20.595413+00:00
GR:aek vs aris,GR,aek vs aris,aek vs aris,200,1000,1779726600,1779737400,[17],"[""aek vs aris""]",2026-05-26T06:31:20.595413+00:00
GR:bankingnews,GR,bankingnews,bankingnews,200,100,1779761400,1779766200,[11],"[""bankingnews"", ""κίεβο""]",2026-05-26T06:31:20.595413+00:00
GR:mega news,GR,mega news,mega news,200,1000,1779726000,1779732600,[17],"[""mega news"", ""mega news live""]",2026-05-26T06:31:20.595413+00:00
GR:σεισμοσ,GR,σεισμοσ,σεισμοσ,200,1000,1779735600,1779739800,[20],"[""σεισμοσ""]",2026-05-26T06:31:20.595413+00:00
GR:traianos dellas,GR,traianos dellas,traianos dellas,200,500,1779702600,1779723000,[11],"[""traianos dellas"", ""απο τι πεθανε η γωγω μαστροκωστα""]",2026-05-26T06:31:20.595413+00:00
GR:καζακσταν,GR,καζακστάν,καζακσταν,200,1000,1779718200,1779726000,[11],"[""καζακστάν""]",2026-05-26T06:31:20.595413+00:00
GR:ταισον γουορντ,GR,τάισον γουόρντ,ταισον γουορντ,200,1000,1779741000,1779744600,[17],"[""τάισον γουόρντ""]",2026-05-26T06:31:20.595413+00:00
GR:ματουλα ζαμανη,GR,ματούλα ζαμάνη,ματουλα ζαμανη,200,1000,1779718800,1779723000,[4],"[""ματούλα ζαμάνη""]",2026-05-26T06:31:20.595413+00:00
GR:μετρο θεσσαλονικησ,GR,μετρο θεσσαλονικησ,μετρο θεσσαλονικησ,200,200,1779705000,1779751800,[11],"[""μετρο θεσσαλονικησ""]",2026-05-26T06:31:20.595413+00:00
GR:davitashvili,GR,davitashvili,davitashvili,200,1000,1779726000,1779730800,[17],"[""davitashvili""]",2026-05-26T06:31:20.595413+00:00
GR:νικοσ οικονομοπουλοσ,GR,νίκοσ οικονομόπουλοσ,νικοσ οικονομοπουλοσ,200,1000,1779708600,1779715800,[17],"[""νίκοσ οικονομόπουλοσ""]",2026-05-26T06:31:20.595413+00:00
GR:ευαγγελοσ μαρινακησ,GR,ευάγγελοσ μαρινάκησ,ευαγγελοσ μαρινακησ,200,500,1779722400,1779727800,[11],"[""ευάγγελοσ μαρινάκησ""]",2026-05-26T06:31:20.595413+00:00
GR:codi miller mcintyre,GR,codi miller mcintyre,codi miller mcintyre,200,800,1779723000,1779728400,[17],"[""codi miller mcintyre""]",2026-05-26T06:31:20.595413+00:00
GR:γκαμπορ ματε,GR,γκάμπορ ματέ,γκαμπορ ματε,100,1000,1779724800,1779728400,[11],"[""γκάμπορ ματέ""]",2026-05-26T06:31:20.595413+00:00
GR:πανελληνιεσ εξετασεισ,GR,πανελλήνιεσ εξετάσεισ,πανελληνιεσ εξετασεισ,100,500,1779708000,1779711000,[9],"[""πανελλήνιεσ εξετάσεισ""]",2026-05-26T06:31:20.595413+00:00
GR:πετρελαιο,GR,πετρέλαιο,πετρελαιο,100,600,1779694200,1779697800,[3],"[""πετρέλαιο""]",2026-05-26T06:31:20.595413+00:00
GR:airbus,GR,airbus,airbus,100,900,1779697200,1779701400,"[3, 19]","[""airbus""]",2026-05-26T06:31:20.595413+00:00
GR:στο χιλιοστο,GR,στο χιλιοστο,στο χιλιοστο,100,200,1779739800,1779741000,[11],"[""στο χιλιοστο""]",2026-05-26T06:31:20.595413+00:00
HK:胡同,HK,胡同,胡同,5000,1000,1779711000,,[7],"[""胡同"", ""猴痘"", ""旺角胡同""]",2026-05-26T06:32:13.236617+00:00
HK:陳曼娜,HK,陳曼娜,陳曼娜,2000,1000,1779725400,,[4],"[""陳曼娜""]",2026-05-26T06:32:13.236617+00:00
HK:馬貫東,HK,馬貫東,馬貫東,2000,1000,1779766800,,[4],"[""馬貫東"", ""李家鼎"", ""李泳漢"", ""李泳豪""]",2026-05-26T06:32:13.236617+00:00
HK:公務員 加 薪,HK,公務員 加 薪,公務員 加 薪,1000,300,1779695400,,[10],"[""公務員 加 薪""]",2026-05-26T06:32:13.236617+00:00
HK:ferrari luce,HK,ferrari luce,ferrari luce,200,700,1779756600,,[1],"[""ferrari luce""]",2026-05-26T06:32:13.236617+00:00
HK:陳展鵬,HK,陳展鵬,陳展鵬,1000,1000,1779763200,1779776400,[4],"[""陳展鵬""]",2026-05-26T06:32:13.236617+00:00
HK:商天娥,HK,商天娥,商天娥,200,500,1779774000,,[4],"[""商天娥"", ""伍詠薇""]",2026-05-26T06:32:13.236617+00:00
HK:熱帶擾動,HK,熱帶擾動,熱帶擾動,100,600,1779771000,,[20],"[""熱帶擾動""]",2026-05-26T06:32:13.236617+00:00
HK:鍾 欣 潼,HK,鍾 欣 潼,鍾 欣 潼,2000,800,1779712200,1779762000,[4],"[""鍾 欣 潼"", ""鍾欣潼""]",2026-05-26T06:32:13.236617+00:00
HK:騎士 對 尼克,HK,騎士 對 尼克,騎士 對 尼克,1000,1000,1779753600,1779766800,[17],"[""騎士 對 尼克""]",2026-05-26T06:32:13.236617+00:00
HK:cavaliers vs knicks,HK,cavaliers vs knicks,cavaliers vs knicks,2000,1000,1779754800,1779766800,[17],"[""cavaliers vs knicks"", ""knicks"", ""yahoo""]",2026-05-26T06:32:13.236617+00:00
HK:深圳灣口岸,HK,深圳灣口岸,深圳灣口岸,1000,300,1779708600,1779773400,[11],"[""深圳灣口岸"", ""港珠澳大橋""]",2026-05-26T06:32:13.236617+00:00
HK:以色列,HK,以色列,以色列,1000,500,1779694800,1779759600,[10],"[""以色列""]",2026-05-26T06:32:13.236617+00:00
HK:救援,HK,救援,救援,100,400,1779771600,1779776400,[10],"[""救援""]",2026-05-26T06:32:13.236617+00:00
HK:jalen brunson,HK,jalen brunson,jalen brunson,100,400,1779765600,1779776400,[17],"[""jalen brunson""]",2026-05-26T06:32:13.236617+00:00
HK:翻譯,HK,翻譯,翻譯,1000,50,1779757200,1779762000,"[18, 15]","[""翻譯""]",2026-05-26T06:32:13.236617+00:00
HK:青葵公路,HK,青葵公路,青葵公路,1000,1000,1779691800,1779715200,[11],"[""青葵公路"", ""青葵公路交通意外"", ""巴士""]",2026-05-26T06:32:13.236617+00:00
HK:恆生指數,HK,恆生指數,恆生指數,500,100,1779759600,1779763800,[3],"[""恆生指數"", ""恒生指數""]",2026-05-26T06:32:13.236617+00:00
HK:深圳灣,HK,深圳灣,深圳灣,200,300,1779721200,1779757200,[11],"[""深圳灣""]",2026-05-26T06:32:13.236617+00:00
HK:ac米蘭,HK,ac米蘭,ac米蘭,200,300,1779711000,1779753600,[17],"[""ac米蘭""]",2026-05-26T06:32:13.236617+00:00
HK:水務署,HK,水務署,水務署,200,200,1779715800,1779761400,[11],"[""水務署"", ""楊屋道""]",2026-05-26T06:32:13.236617+00:00
HK:金融,HK,金融,金融,500,600,1779705600,1779753600,[3],"[""金融""]",2026-05-26T06:32:13.236617+00:00
HK:美股休市,HK,美股休市,美股休市,500,600,1779714600,1779731400,[3],"[""美股休市""]",2026-05-26T06:32:13.236617+00:00
HK:01,HK,01,01,200,75,1779756000,1779760800,[11],"[""01""]",2026-05-26T06:32:13.236617+00:00
HK:球迷世界,HK,球迷世界,球迷世界,200,300,1779702600,1779754800,[17],"[""球迷世界""]",2026-05-26T06:32:13.236617+00:00
HK:黎 家 盈,HK,黎 家 盈,黎 家 盈,200,400,1779752400,1779759000,[3],"[""黎 家 盈"", ""何傳耀中學""]",2026-05-26T06:32:13.236617+00:00
HK:蔬菜,HK,蔬菜,蔬菜,100,300,1779746400,1779755400,"[7, 5]","[""蔬菜""]",2026-05-26T06:32:13.236617+00:00
HK:吳偉豪,HK,吳偉豪,吳偉豪,100,400,1779750600,1779756600,[4],"[""吳偉豪""]",2026-05-26T06:32:13.236617+00:00
HK:何依婷,HK,何依婷,何依婷,100,200,1779748800,1779756600,"[4, 8]","[""何依婷""]",2026-05-26T06:32:13.236617+00:00
HK:us holiday 2026,HK,us holiday 2026,us holiday 2026,200,400,1779715800,1779759600,[8],"[""us holiday 2026""]",2026-05-26T06:32:13.236617+00:00
HK:memorial day 2026,HK,memorial day 2026,memorial day 2026,200,300,1779693600,1779760800,[11],"[""memorial day 2026""]",2026-05-26T06:32:13.236617+00:00
HK:大理,HK,大理,大理,200,1000,1779720000,1779724800,"[8, 13]","[""大理""]",2026-05-26T06:32:13.236617+00:00
HK:金,HK,金,金,200,700,1779691800,1779703800,[3],"[""金""]",2026-05-26T06:32:13.236617+00:00
HK:香港探秘地圖,HK,香港探秘地圖,香港探秘地圖,500,700,1779715200,1779718800,[4],"[""香港探秘地圖""]",2026-05-26T06:32:13.236617+00:00
HK:ewc,HK,ewc,ewc,200,500,1779699600,1779709800,[6],"[""ewc""]",2026-05-26T06:32:13.236617+00:00
HK:court viutv,HK,court viutv,court viutv,200,400,1779718200,1779723000,[4],"[""court viutv""]",2026-05-26T06:32:13.236617+00:00
HK:hang seng index,HK,hang seng index,hang seng index,100,100,1779760200,1779762000,[3],"[""hang seng index""]",2026-05-26T06:32:13.236617+00:00
HK:pizza hut,HK,pizza hut,pizza hut,200,100,1779704400,1779710400,[5],"[""pizza hut""]",2026-05-26T06:32:13.236617+00:00
HK:星座,HK,星座,星座,200,300,1779698400,1779708600,[11],"[""星座""]",2026-05-26T06:32:13.236617+00:00
HK:tradingview,HK,tradingview,tradingview,100,100,1779758400,1779760800,[3],"[""tradingview""]",2026-05-26T06:32:13.236617+00:00
HK:court,HK,court,court,200,500,1779718200,1779721800,"[10, 14]","[""court"", ""court!""]",2026-05-26T06:32:13.236617+00:00
HK:cuaca besok,HK,cuaca besok,cuaca besok,500,75,1779713400,1779717000,[20],"[""cuaca besok""]",2026-05-26T06:32:13.236617+00:00
HK:鄭欽文,HK,鄭欽文,鄭欽文,100,400,1779705600,1779757200,[17],"[""鄭欽文""]",2026-05-26T06:32:13.236617+00:00
HK:張利華,HK,張利華,張利華,100,200,1779707400,1779751800,[4],"[""張利華""]",2026-05-26T06:32:13.236617+00:00
HK:日經平均指數,HK,日經平均指數,日經平均指數,100,100,1779695400,1779697800,[3],"[""日經平均指數""]",2026-05-26T06:32:13.236617+00:00
HU:rtl,HU,rtl,rtl,5000,1000,1779734400,,[4],"[""rtl""]",2026-05-26T06:33:04.996350+00:00
HU:magyar peter baratnoje 2026,HU,magyar péter barátnője 2026,magyar peter baratnoje 2026,10000,1000,1779714000,,[4],"[""magyar péter barátnője 2026"", ""magyar péter barátnője"", ""startlap""]",2026-05-26T06:33:04.996350+00:00
HU:posfai gabor,HU,pósfai gábor,posfai gabor,5000,1000,1779724800,,[17],"[""pósfai gábor""]",2026-05-26T06:33:04.996350+00:00
HU:erettsegi vizsga,HU,érettségi vizsga,erettsegi vizsga,2000,1000,1779721200,,[9],"[""érettségi vizsga""]",2026-05-26T06:33:04.996350+00:00
HU:propaganda,HU,propaganda,propaganda,2000,1000,1779730200,,[14],"[""propaganda""]",2026-05-26T06:33:04.996350+00:00
HU:tarjanyi peter,HU,tarjányi péter,tarjanyi peter,2000,1000,1779718800,,[3],"[""tarjányi péter""]",2026-05-26T06:33:04.996350+00:00
HU:polgarmester,HU,polgármester,polgarmester,5000,1000,1779696000,,[14],"[""polgármester"", ""lengyelország""]",2026-05-26T06:33:04.996350+00:00
HU:eso,HU,eső,eso,2000,1000,1779760200,,[11],"[""eső""]",2026-05-26T06:33:04.996350+00:00
HU:ferrari luce,HU,ferrari luce,ferrari luce,1000,900,1779741600,,[1],"[""ferrari luce""]",2026-05-26T06:33:04.996350+00:00
HU:hornyak zsolt,HU,hornyák zsolt,hornyak zsolt,2000,1000,1779699000,,[17],"[""hornyák zsolt""]",2026-05-26T06:33:04.996350+00:00
HU:energia,HU,energia,energia,1000,1000,1779761400,,[3],"[""energia""]",2026-05-26T06:33:04.996350+00:00
HU:marsi aniko,HU,marsi anikó,marsi aniko,500,1000,1779774000,,[4],"[""marsi anikó""]",2026-05-26T06:33:04.996350+00:00
HU:hidegfront,HU,hidegfront,hidegfront,2000,1000,1779722400,,[20],"[""hidegfront""]",2026-05-26T06:33:04.996350+00:00
HU:kocsis mate,HU,kocsis máté,kocsis mate,500,1000,1779771000,,[10],"[""kocsis máté""]",2026-05-26T06:33:04.996350+00:00
HU:telekom,HU,telekom,telekom,5000,400,1779717600,1779775800,[11],"[""telekom""]",2026-05-26T06:33:04.996350+00:00
HU:rogan antal,HU,rogán antal,rogan antal,500,600,1779766200,,[14],"[""rogán antal""]",2026-05-26T06:33:04.996350+00:00
HU:kalifornia,HU,kalifornia,kalifornia,1000,1000,1779714600,,[11],"[""kalifornia""]",2026-05-26T06:33:04.996350+00:00
HU:szombathelyi haladas,HU,szombathelyi haladás,szombathelyi haladas,500,400,1779728400,,[17],"[""szombathelyi haladás""]",2026-05-26T06:33:04.996350+00:00
HU:dua lipa,HU,dua lipa,dua lipa,200,1000,1779774000,,[4],"[""dua lipa""]",2026-05-26T06:33:04.996350+00:00
HU:gaz,HU,gáz,gaz,200,1000,1779775800,,[3],"[""gáz""]",2026-05-26T06:33:04.996350+00:00
HU:bodycam,HU,bodycam,bodycam,200,400,1779765000,,[10],"[""bodycam""]",2026-05-26T06:33:04.996350+00:00
HU:velkey gyorgy,HU,velkey györgy,velkey gyorgy,200,900,1779775800,,[10],"[""velkey györgy"", ""velkey györgy lászló""]",2026-05-26T06:33:04.996350+00:00
HU:christian bale,HU,christian bale,christian bale,1000,800,1779714600,1779774600,[4],"[""christian bale""]",2026-05-26T06:33:04.996350+00:00
HU:adatkozpont,HU,adatközpont,adatkozpont,1000,1000,1779704400,1779776400,[15],"[""adatközpont""]",2026-05-26T06:33:04.996350+00:00
HU:real madrid cf,HU,real madrid cf,real madrid cf,1000,400,1779718200,1779775200,[17],"[""real madrid cf""]",2026-05-26T06:33:04.996350+00:00
HU:olaj,HU,olaj,olaj,2000,1000,1779706200,1779777000,[3],"[""olaj""]",2026-05-26T06:33:04.996350+00:00
HU:legi kozlekedes,HU,légi közlekedés,legi kozlekedes,2000,1000,1779709200,1779767400,[3],"[""légi közlekedés""]",2026-05-26T06:33:04.996350+00:00
HU:magyar forint,HU,magyar forint,magyar forint,500,700,1779764400,1779773400,[11],"[""magyar forint""]",2026-05-26T06:33:04.996350+00:00
HU:tv2,HU,tv2,tv2,5000,1000,1779696000,1779735000,[4],"[""tv2""]",2026-05-26T06:33:04.996350+00:00
HU:star wars jedi,HU,star wars jedi,star wars jedi,1000,1000,1779714600,1779775800,[6],"[""star wars jedi""]",2026-05-26T06:33:04.996350+00:00
HU:novak đokovic,HU,novak đoković,novak đokovic,500,500,1779729600,1779776400,[17],"[""novak đoković""]",2026-05-26T06:33:04.996350+00:00
HU:demeter andras,HU,demeter andrás,demeter andras,200,400,1779739200,1779777000,"[14, 10]","[""demeter andrás""]",2026-05-26T06:33:04.996350+00:00
HU:kelenfold,HU,kelenföld,kelenfold,2000,1000,1779724200,1779775800,[11],"[""kelenföld"", ""telex.hu"", ""vitézy dávid"", ""kelenföld vasútállomás"", ""telex hu""]",2026-05-26T06:33:04.996350+00:00
HU:eros antonia,HU,erős antónia,eros antonia,2000,1000,1779712800,1779735600,[4],"[""erős antónia""]",2026-05-26T06:33:04.996350+00:00
HU:illes fanni,HU,illés fanni,illes fanni,1000,1000,1779729600,1779772200,[11],"[""illés fanni""]",2026-05-26T06:33:04.996350+00:00
HU:loupe szinhazi tarsulas,HU,loupe színházi társulás,loupe szinhazi tarsulas,2000,1000,1779692400,1779719400,[4],"[""loupe színházi társulás"", ""molnar aron""]",2026-05-26T06:33:04.996350+00:00
HU:mohammed abu fani,HU,mohammed abu fani,mohammed abu fani,1000,1000,1779721200,1779767400,[17],"[""mohammed abu fani""]",2026-05-26T06:33:04.996350+00:00
HU:videki prokator,HU,vidéki prókátor,videki prokator,2000,600,1779697200,1779727200,"[14, 10]","[""vidéki prókátor""]",2026-05-26T06:33:04.996350+00:00
HU:paderborn–wolfsburg,HU,paderborn–wolfsburg,paderborn–wolfsburg,500,600,1779734400,1779772800,[17],"[""paderborn–wolfsburg""]",2026-05-26T06:33:04.996350+00:00
HU:james bond,HU,james bond,james bond,200,300,1779730800,1779772800,[4],"[""james bond""]",2026-05-26T06:33:04.996350+00:00
HU:magyarorszag,HU,magyarország,magyarorszag,200,200,1779766200,1779769200,[3],"[""magyarország""]",2026-05-26T06:33:04.996350+00:00
HU:monfils,HU,monfils,monfils,500,700,1779737400,1779751200,[17],"[""monfils"", ""svitolina""]",2026-05-26T06:33:04.996350+00:00
HU:telex,HU,telex,telex,1000,100,1779729000,1779766800,"[14, 10]","[""telex""]",2026-05-26T06:33:04.996350+00:00
HU:xiaomi su7,HU,xiaomi su7,xiaomi su7,500,900,1779702600,1779736200,"[16, 1]","[""xiaomi su7""]",2026-05-26T06:33:04.996350+00:00
HU:brit vedelmi miniszter,HU,brit védelmi miniszter,brit vedelmi miniszter,200,700,1779725400,1779769800,[10],"[""brit védelmi miniszter""]",2026-05-26T06:33:04.996350+00:00
HU:jegesmedve,HU,jegesmedve,jegesmedve,100,500,1779742800,1779768600,"[8, 13]","[""jegesmedve""]",2026-05-26T06:33:04.996350+00:00
HU:katasztrofa,HU,katasztrófa,katasztrofa,200,700,1779709200,1779736200,[3],"[""katasztrófa""]",2026-05-26T06:33:04.996350+00:00
HU:google,HU,google,google,100,50,1779760200,1779765000,[11],"[""google""]",2026-05-26T06:33:04.996350+00:00
HU:bondar anna,HU,bondár anna,bondar anna,200,1000,1779712800,1779722400,[17],"[""bondár anna""]",2026-05-26T06:33:04.996350+00:00
HU:meryl streep,HU,meryl streep,meryl streep,200,400,1779718200,1779726600,[4],"[""meryl streep""]",2026-05-26T06:33:04.996350+00:00
HU:robert redford,HU,robert redford,robert redford,200,1000,1779718800,1779725400,[4],"[""robert redford""]",2026-05-26T06:33:04.996350+00:00
HU:otp,HU,otp,otp,1000,50,1779698400,1779703200,[9],"[""otp""]",2026-05-26T06:33:04.996350+00:00
HU:sydney sweeney,HU,sydney sweeney,sydney sweeney,100,200,1779740400,1779744600,[4],"[""sydney sweeney""]",2026-05-26T06:33:04.996350+00:00
HU:falco szolnok,HU,falco szolnok,falco szolnok,100,500,1779736800,1779739800,[17],"[""falco szolnok""]",2026-05-26T06:33:04.996350+00:00
HU:madeira,HU,madeira,madeira,100,800,1779712200,1779716400,[14],"[""madeira""]",2026-05-26T06:33:04.996350+00:00
HU:bikas park,HU,bikás park,bikas park,100,500,1779726000,1779729600,[11],"[""bikás park""]",2026-05-26T06:33:04.996350+00:00
HU:manchester united fc,HU,manchester united fc,manchester united fc,100,1000,1779707400,1779711000,[17],"[""manchester united fc""]",2026-05-26T06:33:04.996350+00:00
HU:horoszkop,HU,horoszkóp,horoszkop,200,800,1779708600,1779709800,[11],"[""horoszkóp""]",2026-05-26T06:33:04.996350+00:00
HU:from season 4 episode 6,HU,from season 4 episode 6,from season 4 episode 6,100,400,1779741600,1779742800,[4],"[""from season 4 episode 6""]",2026-05-26T06:33:04.996350+00:00
ID:doa buka puasa tarwiyah,ID,doa buka puasa tarwiyah,doa buka puasa tarwiyah,100000,1000,1779702600,,[8],"[""doa buka puasa tarwiyah"", ""doa hari arafah"", ""doa di hari arafah"", ""amalan di hari arafah"", ""dzikir di hari arafah"", ""manfaat puasa arafah"", ""niat puasa arafah dan qadha ramadhan digabung"", ""niat puasa arafa"", ""niat puasa arafah dan qadha ramadhan"", ""puasa arafah niat"", ""doa malam arafah"", ""niat puasa hari ini"", ""niat puasa sunnah arafah"", ""niat puasa"", ""niat puasa qadha"", ""niat puasa qadha ramadhan"", ""apakah puasa arafah wajib"", ""niat puasa sebelum idul adha"", ""niat puasa 9 dzulhijjah"", ""niat puasa arapah"", ""niat puasa besok"", ""niat puasa qadha ramadhan digabung puasa arafah"", ""imsak"", ""niat doa puasa arafah"", ""jadwal imsak hari ini"", ""niat puasa arafah 9 dzulhijjah"", ""niat puasa 26 mei 2026"", ""hukum puasa arafah"", ""malam arafah"", ""niat puasa ganti ramadhan"", ""niat arafah"", ""niat qadha puasa"", ""pahala puasa arafah"", ""bacaan niat puasa arafah"", ""niat qadha puasa ramadhan"", ""waktu imsak hari ini"", ""tanggal 26 mei puasa apa"", ""puasa arafah adalah"", ""doa niat puasa idul adha"", ""niat puasa arafah qadha ramadhan"", ""niat ganti puasa ramadhan"", ""niat puasa sunah arafah"", ""niat buka puasa tarwiyah"", ""niat mengganti puasa ramadhan"", ""niat puasa qadha dan arafah"", ""hari arafah kapan"", ""imsak puasa arafah"", ""jadwal imsak"", ""niat puasa qadha dan arafah digabungkan"", ""niat puasa aropah"", ""niat puasa idul adha 2 hari"", ""niat puasa tanggal 26 mei 2026"", ""niat puasa arafah dan mengganti puasa ramadhan"", ""doa puasa arofah"", ""niat puasa qadha ramadhan di bulan dzulhijjah"", ""amalan puasa arafah"", ""niat puasa mengganti puasa ramadhan"", ""niat puasa arafah 2026"", ""niat arafah puasa"", ""doa buka puasa arafah"", ""doa buka puasa"", ""niat puasa sunah arofah"", ""malam arafah kapan"", ""niat puasa arafah idul adha"", ""niat puasa arrafah"", ""apa itu puasa arafah"", ""niat puasa haji"", ""apa niat puasa arafah"", ""niat puasa qada"", ""niat buka puasa arafah"", ""niat puasa arfah"", ""niat puasa qodho"", ""puasa arafah tanggal berapa"", ""niat puasa arofa"", ""arafah tanggal berapa"", ""niat ouasa arafah"", ""niat puasa qodo"", ""puasa hari ini puasa apa"", ""niat puasa kodo"", ""niat puasa ramadhan"", ""niat qadha puasa ramadhan dan puasa arafah"", ""niat puasa qadha ramadhan digabung puasa tarwiyah"", ""niat puasa idul adha sekaligus qadha ramadhan"", ""niat puasa qadha ramadhan dan puasa arafah"", ""doa niat puasa"", ""niat puasa tarwiyah dan arafah arab"", ""doa puasa"", ""niat puasa arafah dan qadha"", ""doa buka puasa tarwiyah dan arafah"", ""puasa sunnah sebelum idul adha"", ""niat puasa arafah digabung qadha ramadhan"", ""doa puasa arafah idul adha"", ""puasa 9 dzulhijjah"", ""niat puasa idhul adha"", ""puasa arafah niatnya"", ""niat puasa arafah hari ini"", ""niat bayar puasa ramadhan"", ""niat mengqadha puasa ramadhan"", ""doa puasa arafah dan tarwiyah"", ""niat piasa arafah"", ""hari arafah adalah"", ""doa puasa tarwiyah dan arafah"", ""niat buka puasa"", ""niat puasa hari arafah"", ""niat puasa sunnah"", ""jadwal imsakiyah"", ""puasa arafah tanggal berapa 2026"", ""niat puasa bulan haji"", ""niat puasa tgl 26 mei 2026"", ""niat puasa qadha di hari arafah"", ""doa puasa qadha"", ""niat puasa 26 mei"", ""niat puasa arafah dan qadha puasa ramadhan"", ""doa berbuka puasa"", ""niat puasa tarwiyah dan qadha ramadhan"", ""doa arafah dibaca kapan"", ""niat puasa tarwiyah qadha ramadhan"", ""puasa sebelum idul adha berapa hari"", ""niat puasa arafaj"", ""niat puasa sebelum idul adha 2 hari"", ""doa niat puasa arofah"", ""biat puasa arafah"", ""doa qadha puasa"", ""niat puasa qadha arafah"", ""doa berbuka puasa tarwiyah"", ""imsak jakarta hari ini"", ""dzikir puasa arafah"", ""niat buka puasa tarwiyah dan arafah"", ""niat puasa tarwiyah dan arafah dan qadha ramadhan"", ""niat puasa atafah"", ""niat puasa 2 hari sebelum idul adha"", ""jadwal buka puasa hari ini"", ""tanggal berapa puasa arafah"", ""waktu buka puasa hari ini"", ""niat puas arafah"", ""niat puasa qadha ramadhan dan arafah"", ""niat puasa arafah dan ganti puasa ramadhan"", ""niat puasa tanggal 9 dzulhijjah"", ""niat puada arafah"", ""nuat puasa arafah"", ""niat saum arafah"", ""doa puasa arafah 9 dzulhijjah"", ""niat doa puasa idul adha"", ""tata cara puasa arafah"", ""niat puasa araffah"", ""puasa besok"", ""jam buka puasa hari ini"", ""hari ini puasa apa?"", ""puasa tarwiyah dan arafah tanggal berapa"", ""apakah boleh puasa arafah saja tanpa tarwiyah"", ""niat berbuka puasa tarwiyah"", ""puasa sehari sebelum idul adha"", ""doa di malam arafah"", ""jadwal imsak jakarta"", ""doa buka puasa idul adha"", ""puasa sunnah arafah"", ""niat puasa idul adha hari ini"", ""niat puasa arafh"", ""niat puasa arafah 26 mei 2026"", ""doa puasa hari ini"", ""buka puasa"", ""amalan puasa tarwiyah dan arafah"", ""niat puasa arafah arab"", ""buka puasa tarwiyah"", ""doa berbuka puasa tarwiyah dan arafah""]",2026-05-26T06:33:55.477819+00:00
ID:skor utbk,ID,skor utbk,skor utbk,100000,1000,1779696000,,[9],"[""skor utbk"", ""cara melihat skor utbk"", ""ui"", ""smup unpad"", ""sertifikat utbk"", ""cara cek skor utbk"", ""hasil snbt"", ""cek snbt"", ""skor utbk 2026"", ""hasil utbk"", ""cara melihat skor utbk 2026"", ""unduh sertifikat utbk"", ""cek skor utbk"", ""hasil snbt 2026"", ""universitas sebelas maret"", ""hasil utbk 2026"", ""cek snbt 2026"", ""link mirror pengumuman snbt 2026"", ""nilai utbk"", ""portal snpmb 2026"", ""skor snbt"", ""utbk pengumuman"", ""sbmptn"", ""cara liat skor utbk"", ""cek skor utbk 2026"", ""cek skor snbt"", ""nilai snbt"", ""cek pengumuman utbk 2026"", ""snbt snpmb"", ""snbp 2026"", ""cara melihat nilai utbk"", ""cek hasil snbt"", ""pengumuman snpmb 2026"", ""pengumuman hasil snbt"", ""cek utbk"", ""pengumuman hasil utbk 2026"", ""pengumuman snbt 2025"", ""snpmb id"", ""portal pengumuman snbt"", ""portal snbt 2026"", ""cara cek nilai utbk"", ""cara lihat skor utbk"", ""cek hasil utbk"", ""cara buka pengumuman snbt"", ""snbt pengumuman 2026"", ""snpmb pengumuman snbt"", ""cara cek nilai snbt"", ""utbk snbt"", ""pengumuman snpmb"", ""cek pengumuman snbt"", ""cek nilai utbk"", ""cek nilai snbt"", ""pengumuman-snbt.snpmb.id https //pengumuman-snbt.snpmb.id/"", ""https pengumuman snbt"", ""portal pengumuman snbt 2026"", ""cara cek pengumuman snbt"", ""pengumuman snbt snpmb"", ""snbt ui"", ""sbmptn 2026"", ""lihat skor utbk"", ""cara cek snbt"", ""link mirror snbt"", ""link snbt 2026"", ""cara cek skor utbk 2026"", ""melihat skor utbk"", ""hasil pengumuman snbt 2026"", ""upn jatim"", ""link snbt"", ""cara liat nilai utbk"", ""cara cek skor snbt"", ""cara liat nilai snbt"", ""pengumuman hasil snbt 2026"", ""link mirror snbt 2026"", ""cara melihat nilai snbt"", ""cara melihat hasil utbk 2026"", ""cara cek hasil snbt"", ""cara melihat nilai utbk 2026"", ""snbt undip"", ""mirror snbt"", ""snbt ub"", ""pengumuman snbt ui"", ""cara lihat nilai utbk"", ""portal utbk"", ""buka snbt"", ""snpmb pengumuman"", ""snbt unpad"", ""snpmb snbt"", ""cara cek nilai utbk 2026"", ""cara lihat nilai snbt"", ""pengumuman utbk 2026 kapan"", ""sertifikat snbt"", ""pengumuman snbt uns"", ""melihat skor utbk 2026"", ""pengumuman snbt 2026 link"", ""pengumuman snbt ub"", ""jam berapa pengumuman snbt 2026"", ""cara melihat pengumuman snbt"", ""cara cek hasil utbk 2026"", ""cara melihat hasil snbt 2026"", ""pengumuman snbt 2026 jam berapa"", ""liat skor utbk"", ""daftar ulang snbt"", ""cara cek hasil snbt 2026"", ""cara cek pengumuman snbt 2026"", ""snbt skor"", ""snbt ui ac id"", ""penguman snbt""]",2026-05-26T06:33:55.477819+00:00
ID:kip kuliah,ID,kip kuliah,kip kuliah,20000,500,1779693600,,[9],"[""kip kuliah"", ""kip kuliah 2026""]",2026-05-26T06:33:55.477819+00:00
ID:tka,ID,tka,tka,20000,200,1779752400,,[9],"[""tka"", ""hasil tka smp 2026"", ""hasil tka sd"", ""hasil tka sd 2026"", ""hasil tka smp"", ""tka kemendikdasmen go id"", ""cek nilai tka"", ""cek hasil tka"", ""cek hasil tka sd"", ""cara cek hasil tka sd 2026"", ""pengumuman tka smp 2026"", ""pengumuman tka"", ""tka.kemendikdasmen.go.id 2026"", ""cara cek nilai tka"", ""pengumuman"", ""pengumuman tka sd"", ""nilai tka smp"", ""cek tka"", ""tka smp"", ""cek nilai tka sd"", ""cara cek hasil tka""]",2026-05-26T06:33:55.477819+00:00
ID:bojan hodak,ID,bojan hodak,bojan hodak,20000,1000,1779707400,,[17],"[""bojan hodak"", ""igor tolic"", ""shareholder group technical advisor adalah"", ""shareholder group technical advisor"", ""pelatih"", ""apa itu shareholder group technical advisor""]",2026-05-26T06:33:55.477819+00:00
ID:unesa,ID,unesa,unesa,10000,800,1779696600,,[9],"[""unesa""]",2026-05-26T06:33:55.477819+00:00
ID:paderborn vs wolfsburg,ID,paderborn vs wolfsburg,paderborn vs wolfsburg,10000,1000,1779730800,,[17],"[""paderborn vs wolfsburg"", ""paderborn"", ""sc paderborn 07"", ""wolfsburg"", ""vfl wolfsburg""]",2026-05-26T06:33:55.477819+00:00
ID:danantara,ID,danantara,danantara,10000,800,1779698400,,[11],"[""danantara""]",2026-05-26T06:33:55.477819+00:00
ID:direktorat jenderal bea dan cukai,ID,direktorat jenderal bea dan cukai,direktorat jenderal bea dan cukai,10000,1000,1779698400,,[10],"[""direktorat jenderal bea dan cukai"", ""djaka budi utama""]",2026-05-26T06:33:55.477819+00:00
ID:unj,ID,unj,unj,5000,400,1779696600,,[10],"[""unj""]",2026-05-26T06:33:55.477819+00:00
ID:upi,ID,upi,upi,10000,400,1779696600,,[9],"[""upi"", ""mandiri unpad"", ""jalur mandiri"", ""universitas pendidikan indonesia"", ""unpad mandiri"", ""pendaftaran mandiri""]",2026-05-26T06:33:55.477819+00:00
ID:its,ID,its,its,5000,500,1779696000,,[9],"[""its""]",2026-05-26T06:33:55.477819+00:00
ID:uns,ID,uns,uns,5000,400,1779696000,,[9],"[""uns""]",2026-05-26T06:33:55.477819+00:00
ID:bahan bakar,ID,bahan bakar,bahan bakar,10000,700,1779705600,,"[3, 1]","[""bahan bakar"", ""harga bahan bakar minyak di indonesia""]",2026-05-26T06:33:55.477819+00:00
ID:unair,ID,unair,unair,5000,300,1779696000,,[9],"[""unair"", ""mandiri unair"", ""snbt unair""]",2026-05-26T06:33:55.477819+00:00
ID:operasi tangkap tangan,ID,operasi tangkap tangan,operasi tangkap tangan,2000,600,1779750600,,[10],"[""operasi tangkap tangan"", ""wakil kepala badan gizi nasional"", ""pendaftaran""]",2026-05-26T06:33:55.477819+00:00
ID:ucapan idul adha,ID,ucapan idul adha,ucapan idul adha,2000,300,1779752400,,[8],"[""ucapan idul adha"", ""selamat hari raya idul adha 2026"", ""selamat hari raya idul adha"", ""eid adha"", ""idul fitri 2026"", ""lebaran idul adha"", ""kapan hari raya idul adha 2026"", ""poster idul adha"", ""kapan hari raya idul adha""]",2026-05-26T06:33:55.477819+00:00
ID:sholat idul adha,ID,sholat idul adha,sholat idul adha,2000,200,1779743400,,[8],"[""sholat idul adha"", ""niat sholat idul adha"", ""tata cara sholat idul adha"", ""bilal idul adha""]",2026-05-26T06:33:55.477819+00:00
ID:iqoo z11,ID,iqoo z11,iqoo z11,2000,200,1779691800,,[18],"[""iqoo z11""]",2026-05-26T06:33:55.477819+00:00
ID:telkom university,ID,telkom university,telkom university,2000,200,1779697800,,[9],"[""telkom university""]",2026-05-26T06:33:55.477819+00:00
ID:joko widodo,ID,joko widodo,joko widodo,2000,300,1779700200,,"[14, 10]","[""joko widodo""]",2026-05-26T06:33:55.477819+00:00
ID:ipb,ID,ipb,ipb,2000,200,1779696600,,[9],"[""ipb"", ""ipb university""]",2026-05-26T06:33:55.477819+00:00
ID:rifaldy fajar,ID,rifaldy fajar,rifaldy fajar,2000,200,1779744600,,[11],"[""rifaldy fajar"", ""prihantini""]",2026-05-26T06:33:55.477819+00:00
ID:takbiran idul adha,ID,takbiran idul adha,takbiran idul adha,2000,200,1779705000,,[8],"[""takbiran idul adha"", ""takbiran""]",2026-05-26T06:33:55.477819+00:00
ID:pemilihan,ID,pemilihan,pemilihan,2000,200,1779708600,,"[14, 10]","[""pemilihan""]",2026-05-26T06:33:55.477819+00:00
ID:ammar zoni,ID,ammar zoni,ammar zoni,2000,100,1779708600,,[11],"[""ammar zoni""]",2026-05-26T06:33:55.477819+00:00
ID:binus,ID,binus,binus,2000,100,1779696600,,[9],"[""binus""]",2026-05-26T06:33:55.477819+00:00
ID:korupsi,ID,korupsi,korupsi,500,600,1779771000,,[10],"[""korupsi""]",2026-05-26T06:33:55.477819+00:00
ID:itera,ID,itera,itera,2000,200,1779697200,,[9],"[""itera"", ""penerimaan snbt""]",2026-05-26T06:33:55.477819+00:00
ID:laba,ID,laba,laba,1000,200,1779750000,,[3],"[""laba""]",2026-05-26T06:33:55.477819+00:00
ID:unggul indah cahaya,ID,unggul indah cahaya,unggul indah cahaya,500,100,1779769200,,[3],"[""unggul indah cahaya""]",2026-05-26T06:33:55.477819+00:00
ID:um,ID,um,um,2000,200,1779697800,,[7],"[""um""]",2026-05-26T06:33:55.477819+00:00
ID:mirwan suwarso,ID,mirwan suwarso,mirwan suwarso,1000,100,1779706800,,[17],"[""mirwan suwarso""]",2026-05-26T06:33:55.477819+00:00
ID:maung spmb jabarprov go id,ID,maung spmb jabarprov go id,maung spmb jabarprov go id,2000,100,1779753000,,[9],"[""maung spmb jabarprov go id"", ""spmb.jabarprov.go.id"", ""spmb jabar 2026"", ""https //spmb.jabarprov.go.id"", ""disdik jabar""]",2026-05-26T06:33:55.477819+00:00
ID:niat sholat arafah,ID,niat sholat arafah,niat sholat arafah,20000,200,1779738600,,[8],"[""niat sholat arafah"", ""imsak hari ini"", ""subuh surabaya"", ""buka puasa hari ini"", ""maghrib surabaya"", ""jadwal maghrib"", ""magrib surabaya"", ""jadwal sholat surabaya hari ini"", ""isya surabaya""]",2026-05-26T06:33:55.477819+00:00
ID:kapan lebaran idul adha 2026,ID,kapan lebaran idul adha 2026,kapan lebaran idul adha 2026,1000,100,1779703800,,[8],"[""kapan lebaran idul adha 2026"", ""libur nasional 2026""]",2026-05-26T06:33:55.477819+00:00
ID:baterai listrik,ID,baterai listrik,baterai listrik,200,200,1779774600,,"[3, 1]","[""baterai listrik""]",2026-05-26T06:33:55.477819+00:00
ID:subuh hari ini,ID,subuh hari ini,subuh hari ini,20000,400,1779741600,1779748800,[11],"[""subuh hari ini"", ""esdm""]",2026-05-26T06:33:55.477819+00:00
ID:jalen brunson,ID,jalen brunson,jalen brunson,200,100,1779763200,,[17],"[""jalen brunson""]",2026-05-26T06:33:55.477819+00:00
ID:cavaliers vs knicks,ID,cavaliers vs knicks,cavaliers vs knicks,2000,900,1779754200,1779768000,[17],"[""cavaliers vs knicks"", ""landry shamet"", ""knicks vs cavs"", ""new york knicks"", ""karl-anthony towns""]",2026-05-26T06:33:55.477819+00:00
ID:diego simeone,ID,diego simeone,diego simeone,2000,200,1779711600,1779765000,[17],"[""diego simeone""]",2026-05-26T06:33:55.477819+00:00
ID:simak,ID,simak,simak,200,100,1779775200,,[3],"[""simak""]",2026-05-26T06:33:55.477819+00:00
ID:knicks,ID,knicks,knicks,1000,200,1779757800,1779775800,[17],"[""knicks""]",2026-05-26T06:33:55.477819+00:00
ID:flotilla,ID,flotilla,flotilla,500,200,1779771600,1779776400,[10],"[""flotilla""]",2026-05-26T06:33:55.477819+00:00
ID:subuh,ID,subuh,subuh,5000,200,1779741000,1779748800,[10],"[""subuh""]",2026-05-26T06:33:55.477819+00:00
ID:coritiba vs bahia,ID,coritiba vs bahia,coritiba vs bahia,1000,400,1779749400,1779766800,[17],"[""coritiba vs bahia"", ""coritiba"", ""bahia""]",2026-05-26T06:33:55.477819+00:00
ID:telkom,ID,telkom,telkom,500,100,1779773400,1779777000,[3],"[""telkom""]",2026-05-26T06:33:55.477819+00:00
ID:magrib hari ini,ID,magrib hari ini,magrib hari ini,20000,100,1779703800,1779747000,[10],"[""magrib hari ini"", ""magrib""]",2026-05-26T06:33:55.477819+00:00
ID:amalan malam arafah,ID,amalan malam arafah,amalan malam arafah,2000,200,1779705000,1779748800,[11],"[""amalan malam arafah""]",2026-05-26T06:33:55.477819+00:00
ID:massimiliano allegri,ID,massimiliano allegri,massimiliano allegri,1000,400,1779742800,1779761400,[17],"[""massimiliano allegri""]",2026-05-26T06:33:55.477819+00:00
ID:subuh jakarta,ID,subuh jakarta,subuh jakarta,2000,300,1779741600,1779750000,[8],"[""subuh jakarta"", ""subuh bandung"", ""waktu sholat bandung""]",2026-05-26T06:33:55.477819+00:00
ID:pemenang indonesian idol 2026,ID,pemenang indonesian idol 2026,pemenang indonesian idol 2026,2000,100,1779733800,1779762600,[4],"[""pemenang indonesian idol 2026"", ""juara indonesian idol 2026"", ""rcti"", ""streaming rcti"", ""rcti+"", ""live streaming rcti"", ""rcti live streaming""]",2026-05-26T06:33:55.477819+00:00
ID:ugm,ID,ugm,ugm,2000,200,1779697800,1779763800,[9],"[""ugm"", ""snbt ugm""]",2026-05-26T06:33:55.477819+00:00
ID:stan,ID,stan,stan,2000,100,1779697800,1779769200,[17],"[""stan""]",2026-05-26T06:33:55.477819+00:00
ID:pajak,ID,pajak,pajak,2000,500,1779694800,1779754800,[11],"[""pajak""]",2026-05-26T06:33:55.477819+00:00
ID:nvidia,ID,nvidia,nvidia,1000,500,1779748800,1779760200,[3],"[""nvidia""]",2026-05-26T06:33:55.477819+00:00
ID:singapore open 2026,ID,singapore open 2026,singapore open 2026,1000,75,1779765600,1779776400,[17],"[""singapore open 2026"", ""rcti live"", ""live rcti""]",2026-05-26T06:33:55.477819+00:00
ID:marc klok,ID,marc klok,marc klok,1000,300,1779743400,1779759000,[17],"[""marc klok""]",2026-05-26T06:33:55.477819+00:00
ID:demo indomaret,ID,demo indomaret,demo indomaret,500,75,1779769800,1779774600,[10],"[""demo indomaret"", ""demo pik"", ""menara indomaret""]",2026-05-26T06:33:55.477819+00:00
ID:sandefjord,ID,sandefjord,sandefjord,1000,400,1779722400,1779751800,[17],"[""sandefjord""]",2026-05-26T06:33:55.477819+00:00
ID:yuran fernandes,ID,yuran fernandes,yuran fernandes,1000,200,1779694800,1779754200,[17],"[""yuran fernandes""]",2026-05-26T06:33:55.477819+00:00
ID:tromso fc,ID,tromso fc,tromso fc,2000,200,1779717600,1779732600,[17],"[""tromso fc"", ""tromsø vs aalesund""]",2026-05-26T06:33:55.477819+00:00
ID:iqoo,ID,iqoo,iqoo,1000,100,1779702000,1779763200,[18],"[""iqoo""]",2026-05-26T06:33:55.477819+00:00
ID:derry city,ID,derry city,derry city,500,200,1779726600,1779745200,[17],"[""derry city""]",2026-05-26T06:33:55.477819+00:00
ID:andoni iraola,ID,andoni iraola,andoni iraola,500,100,1779748200,1779763800,[17],"[""andoni iraola""]",2026-05-26T06:33:55.477819+00:00
ID:molde,ID,molde,molde,1000,200,1779714600,1779732600,[17],"[""molde"", ""sarpsborg 08 vs molde""]",2026-05-26T06:33:55.477819+00:00
ID:valentino rossi,ID,valentino rossi,valentino rossi,500,100,1779721200,1779758400,[17],"[""valentino rossi""]",2026-05-26T06:33:55.477819+00:00
ID:michael carrick,ID,michael carrick,michael carrick,500,100,1779741600,1779755400,[17],"[""michael carrick""]",2026-05-26T06:33:55.477819+00:00
ID:tim nasional sepak bola spanyol,ID,tim nasional sepak bola spanyol,tim nasional sepak bola spanyol,500,100,1779717000,1779756000,[17],"[""tim nasional sepak bola spanyol""]",2026-05-26T06:33:55.477819+00:00
ID:saint mirren,ID,saint mirren,saint mirren,1000,100,1779729000,1779745200,[17],"[""saint mirren"", ""st mirren"", ""partick thistle vs st. mirren""]",2026-05-26T06:33:55.477819+00:00
ID:subuh semarang,ID,subuh semarang,subuh semarang,1000,300,1779741000,1779748200,[8],"[""subuh semarang""]",2026-05-26T06:33:55.477819+00:00
ID:real cartagena,ID,real cartagena,real cartagena,200,100,1779757800,1779766200,[17],"[""real cartagena""]",2026-05-26T06:33:55.477819+00:00
ID:mjallby,ID,mjallby,mjallby,1000,300,1779728400,1779739800,[17],"[""mjallby"", ""goteborg vs mjällby"", ""ifk goteborg""]",2026-05-26T06:33:55.477819+00:00
ID:gratifikasi,ID,gratifikasi,gratifikasi,500,75,1779701400,1779758400,[10],"[""gratifikasi""]",2026-05-26T06:33:55.477819+00:00
ID:dian swastatika sentosa,ID,dian swastatika sentosa,dian swastatika sentosa,1000,100,1779700800,1779753600,[3],"[""dian swastatika sentosa""]",2026-05-26T06:33:55.477819+00:00
ID:kfum oslo,ID,kfum oslo,kfum oslo,1000,100,1779717000,1779732000,"[17, 6]","[""kfum oslo"", ""eliteserien""]",2026-05-26T06:33:55.477819+00:00
ID:botafogo sp,ID,botafogo sp,botafogo sp,200,100,1779742200,1779755400,[17],"[""botafogo sp""]",2026-05-26T06:33:55.477819+00:00
ID:bank rakyat indonesia,ID,bank rakyat indonesia,bank rakyat indonesia,200,200,1779753000,1779759000,[3],"[""bank rakyat indonesia""]",2026-05-26T06:33:55.477819+00:00
ID:ut,ID,ut,ut,1000,100,1779697800,1779761400,"[9, 10]","[""ut""]",2026-05-26T06:33:55.477819+00:00
ID:waktu imsak,ID,waktu imsak,waktu imsak,200,200,1779740400,1779748800,[8],"[""waktu imsak""]",2026-05-26T06:33:55.477819+00:00
ID:kabupaten brebes,ID,kabupaten brebes,kabupaten brebes,1000,300,1779699600,1779712800,[10],"[""kabupaten brebes""]",2026-05-26T06:33:55.477819+00:00
ID:bk hacken,ID,bk häcken,bk hacken,500,100,1779726600,1779741000,[11],"[""bk häcken""]",2026-05-26T06:33:55.477819+00:00
ID:tromso,ID,tromso,tromso,500,100,1779712200,1779732000,[17],"[""tromso""]",2026-05-26T06:33:55.477819+00:00
ID:libur idul adha 2026,ID,libur idul adha 2026,libur idul adha 2026,200,100,1779748800,1779760200,[19],"[""libur idul adha 2026""]",2026-05-26T06:33:55.477819+00:00
ID:norway eliteserien,ID,norway eliteserien,norway eliteserien,500,100,1779715200,1779731400,[17],"[""norway eliteserien""]",2026-05-26T06:33:55.477819+00:00
ID:elfsborg,ID,elfsborg,elfsborg,500,200,1779727800,1779739200,[17],"[""elfsborg""]",2026-05-26T06:33:55.477819+00:00
ID:usu,ID,usu,usu,1000,100,1779699000,1779722400,[9],"[""usu""]",2026-05-26T06:33:55.477819+00:00
ID:bobby nasution,ID,bobby nasution,bobby nasution,500,100,1779709800,1779756600,[17],"[""bobby nasution""]",2026-05-26T06:33:55.477819+00:00
ID:tanggal 1 juni apakah libur,ID,tanggal 1 juni apakah libur,tanggal 1 juni apakah libur,200,100,1779759000,1779766800,[8],"[""tanggal 1 juni apakah libur"", ""1 juni libur apa"", ""hari lahir pancasila""]",2026-05-26T06:33:55.477819+00:00
ID:divisi infanteri 3/kostrad,ID,divisi infanteri 3/kostrad,divisi infanteri 3/kostrad,500,100,1779711600,1779757800,[10],"[""divisi infanteri 3/kostrad""]",2026-05-26T06:33:55.477819+00:00
ID:allsvenskan,ID,allsvenskan,allsvenskan,500,200,1779728400,1779739200,"[17, 4]","[""allsvenskan""]",2026-05-26T06:33:55.477819+00:00
ID:bank central asia,ID,bank central asia,bank central asia,1000,700,1779696000,1779703800,[3],"[""bank central asia""]",2026-05-26T06:33:55.477819+00:00
ID:bohemians,ID,bohemians,bohemians,200,100,1779731400,1779745200,[17],"[""bohemians"", ""shamrock rovers""]",2026-05-26T06:33:55.477819+00:00
ID:upn veteran yogyakarta,ID,upn veteran yogyakarta,upn veteran yogyakarta,500,100,1779699000,1779717600,[9],"[""upn veteran yogyakarta""]",2026-05-26T06:33:55.477819+00:00
ID:juni 2026,ID,juni 2026,juni 2026,200,75,1779760200,1779777000,[10],"[""juni 2026""]",2026-05-26T06:33:55.477819+00:00
ID:cork city,ID,cork city,cork city,200,100,1779732000,1779744000,"[17, 3]","[""cork city""]",2026-05-26T06:33:55.477819+00:00
ID:dean huijsen,ID,dean huijsen,dean huijsen,200,50,1779712800,1779756600,[17],"[""dean huijsen""]",2026-05-26T06:33:55.477819+00:00
ID:2008,ID,2008,2008,1000,300,1779696600,1779708600,[4],"[""2008""]",2026-05-26T06:33:55.477819+00:00
ID:universitas airlangga,ID,universitas airlangga,universitas airlangga,500,100,1779699600,1779714000,[7],"[""universitas airlangga""]",2026-05-26T06:33:55.477819+00:00
ID:tpia,ID,tpia,tpia,200,100,1779763200,1779766200,[3],"[""tpia""]",2026-05-26T06:33:55.477819+00:00
ID:uin malang,ID,uin malang,uin malang,500,100,1779699600,1779714000,[9],"[""uin malang""]",2026-05-26T06:33:55.477819+00:00
ID:ahmad bahar,ID,ahmad bahar,ahmad bahar,200,100,1779747600,1779754800,[10],"[""ahmad bahar""]",2026-05-26T06:33:55.477819+00:00
ID:fadia a. rafiq,ID,fadia a. rafiq,fadia a. rafiq,200,100,1779711600,1779754200,[10],"[""fadia a. rafiq""]",2026-05-26T06:33:55.477819+00:00
ID:rapid bucuresti,ID,rapid bucuresti,rapid bucuresti,200,100,1779729000,1779740400,[17],"[""rapid bucuresti""]",2026-05-26T06:33:55.477819+00:00
ID:cavs,ID,cavs,cavs,100,100,1779760200,1779764400,[17],"[""cavs""]",2026-05-26T06:33:55.477819+00:00
ID:vincent kompany,ID,vincent kompany,vincent kompany,100,100,1779756000,1779760800,[17],"[""vincent kompany""]",2026-05-26T06:33:55.477819+00:00
ID:waktu magrib,ID,waktu magrib,waktu magrib,1000,100,1779704400,1779710400,[8],"[""waktu magrib"", ""waktu shalat""]",2026-05-26T06:33:55.477819+00:00
ID:zed fc,ID,zed fc,zed fc,200,100,1779726000,1779739800,[17],"[""zed fc"", ""al masry""]",2026-05-26T06:33:55.477819+00:00
ID:tim nasional sepak bola indonesia,ID,tim nasional sepak bola indonesia,tim nasional sepak bola indonesia,1000,200,1779708600,1779713400,[17],"[""tim nasional sepak bola indonesia""]",2026-05-26T06:33:55.477819+00:00
ID:bmkg hari ini,ID,bmkg hari ini,bmkg hari ini,200,1000,1779741600,1779745800,"[20, 15]","[""bmkg hari ini""]",2026-05-26T06:33:55.477819+00:00
ID:dean james,ID,dean james,dean james,200,75,1779708600,1779752400,[17],"[""dean james""]",2026-05-26T06:33:55.477819+00:00
ID:christos tzolis,ID,christos tzolis,christos tzolis,500,50,1779704400,1779748800,[17],"[""christos tzolis""]",2026-05-26T06:33:55.477819+00:00
ID:transfermarkt,ID,transfermarkt,transfermarkt,200,75,1779729600,1779773400,[17],"[""transfermarkt""]",2026-05-26T06:33:55.477819+00:00
ID:udayana,ID,udayana,udayana,500,100,1779700800,1779712200,[9],"[""udayana""]",2026-05-26T06:33:55.477819+00:00
ID:marcos senesi,ID,marcos senesi,marcos senesi,500,200,1779711600,1779718800,[17],"[""marcos senesi""]",2026-05-26T06:33:55.477819+00:00
ID:unm,ID,unm,unm,500,100,1779700800,1779711000,[9],"[""unm""]",2026-05-26T06:33:55.477819+00:00
ID:rudy mas'ud,ID,rudy mas'ud,rudy mas'ud,200,100,1779699000,1779748800,"[10, 14]","[""rudy mas'ud""]",2026-05-26T06:33:55.477819+00:00
ID:gimpo fc,ID,gimpo fc,gimpo fc,500,100,1779696000,1779705000,[17],"[""gimpo fc"", ""k league 2""]",2026-05-26T06:33:55.477819+00:00
ID:gempa terkini,ID,gempa terkini,gempa terkini,200,400,1779742800,1779745800,[20],"[""gempa terkini""]",2026-05-26T06:33:55.477819+00:00
ID:25 mei,ID,25 mei,25 mei,200,75,1779702600,1779712800,[11],"[""25 mei""]",2026-05-26T06:33:55.477819+00:00
ID:cbt,ID,cbt,cbt,100,75,1779754200,1779758400,[9],"[""cbt""]",2026-05-26T06:33:55.477819+00:00
ID:universitas pertamina,ID,universitas pertamina,universitas pertamina,200,100,1779701400,1779713400,[3],"[""universitas pertamina""]",2026-05-26T06:33:55.477819+00:00
ID:sahur,ID,sahur,sahur,100,200,1779743400,1779747600,[8],"[""sahur""]",2026-05-26T06:33:55.477819+00:00
ID:mcci cilegon,ID,mcci cilegon,mcci cilegon,500,200,1779700200,1779704400,[11],"[""mcci cilegon"", ""mcci meledak"", ""pt mcci""]",2026-05-26T06:33:55.477819+00:00
ID:wayne rooney,ID,wayne rooney,wayne rooney,200,100,1779708000,1779715200,[17],"[""wayne rooney""]",2026-05-26T06:33:55.477819+00:00
ID:bank smbc indonesia,ID,bank smbc indonesia,bank smbc indonesia,200,100,1779693000,1779700800,[3],"[""bank smbc indonesia""]",2026-05-26T06:33:55.477819+00:00
ID:pendaftaran snbt,ID,pendaftaran snbt,pendaftaran snbt,200,200,1779697200,1779703200,[9],"[""pendaftaran snbt""]",2026-05-26T06:33:55.477819+00:00
ID:trisakti,ID,trisakti,trisakti,200,100,1779702000,1779713400,[11],"[""trisakti""]",2026-05-26T06:33:55.477819+00:00
ID:kolding if,ID,kolding if,kolding if,200,100,1779709200,1779715200,[17],"[""kolding if""]",2026-05-26T06:33:55.477819+00:00
ID:spmb smp surabaya 2026,ID,spmb smp surabaya 2026,spmb smp surabaya 2026,100,75,1779759000,1779762000,[9],"[""spmb smp surabaya 2026""]",2026-05-26T06:33:55.477819+00:00
ID:elena rybakina,ID,elena rybakina,elena rybakina,200,300,1779711000,1779714600,[17],"[""elena rybakina""]",2026-05-26T06:33:55.477819+00:00
ID:kepolisian negara republik indonesia,ID,kepolisian negara republik indonesia,kepolisian negara republik indonesia,200,100,1779694800,1779702600,[10],"[""kepolisian negara republik indonesia""]",2026-05-26T06:33:55.477819+00:00
ID:bumi,ID,bumi,bumi,200,100,1779703800,1779707400,[15],"[""bumi""]",2026-05-26T06:33:55.477819+00:00
ID:bioskop trans tv,ID,bioskop trans tv,bioskop trans tv,200,75,1779717000,1779721800,[4],"[""bioskop trans tv""]",2026-05-26T06:33:55.477819+00:00
ID:gaji 13 2026 kapan cair,ID,gaji 13 2026 kapan cair,gaji 13 2026 kapan cair,100,75,1779760200,1779761400,[10],"[""gaji 13 2026 kapan cair""]",2026-05-26T06:33:55.477819+00:00
ID:victor munoz,ID,victor munoz,victor munoz,200,200,1779709800,1779712800,[17],"[""victor munoz""]",2026-05-26T06:33:55.477819+00:00
ID:xauusd,ID,xauusd,xauusd,100,200,1779735600,1779738000,[3],"[""xauusd"", ""gold""]",2026-05-26T06:33:55.477819+00:00
ID:upn jogja,ID,upn jogja,upn jogja,100,200,1779701400,1779705600,[10],"[""upn jogja""]",2026-05-26T06:33:55.477819+00:00
ID:suwon bluewings,ID,suwon bluewings,suwon bluewings,100,100,1779700800,1779705000,"[17, 4]","[""suwon bluewings""]",2026-05-26T06:33:55.477819+00:00
ID:rosenborg,ID,rosenborg,rosenborg,100,75,1779723000,1779726600,[17],"[""rosenborg""]",2026-05-26T06:33:55.477819+00:00
ID:herry iman pierngadi,ID,herry iman pierngadi,herry iman pierngadi,100,50,1779717600,1779748800,[17],"[""herry iman pierngadi""]",2026-05-26T06:33:55.477819+00:00
ID:vision+,ID,vision+,vision+,200,50,1779720600,1779723600,[4],"[""vision+""]",2026-05-26T06:33:55.477819+00:00
ID:ham kam,ID,ham kam,ham kam,100,75,1779726600,1779729600,[17],"[""ham kam""]",2026-05-26T06:33:55.477819+00:00
ID:kios,ID,kios,kios,200,100,1779711600,1779714000,[10],"[""kios""]",2026-05-26T06:33:55.477819+00:00
ID:rapid wien,ID,rapid wien,rapid wien,100,50,1779725400,1779729000,[17],"[""rapid wien""]",2026-05-26T06:33:55.477819+00:00
ID:enppi,ID,enppi,enppi,100,75,1779720000,1779723000,[17],"[""enppi""]",2026-05-26T06:33:55.477819+00:00
ID:infinix hot 70,ID,infinix hot 70,infinix hot 70,100,50,1779700800,1779711000,[18],"[""infinix hot 70""]",2026-05-26T06:33:55.477819+00:00
ID:notts county vs salford city,ID,notts county vs salford city,notts county vs salford city,100,75,1779721800,1779724200,[17],"[""notts county vs salford city""]",2026-05-26T06:33:55.477819+00:00
ID:pe,ID,pe,pe,100,75,1779698400,1779700200,"[10, 14]","[""pe""]",2026-05-26T06:33:55.477819+00:00
ID:smup unpad 2026,ID,smup unpad 2026,smup unpad 2026,100,75,1779702600,1779703800,"[9, 3]","[""smup unpad 2026""]",2026-05-26T06:33:55.477819+00:00
IE:bohemians vs shamrock rovers,IE,bohemians vs shamrock rovers,bohemians vs shamrock rovers,5000,1000,1779735000,,[17],"[""bohemians vs shamrock rovers"", ""enda stevens"", ""shamrock rovers"", ""bohs"", ""league of ireland"", ""bohs v rovers"", ""bohemian fc"", ""bohemians""]",2026-05-26T06:34:45.531529+00:00
IE:abbie carmody pepper,IE,abbie carmody pepper,abbie carmody pepper,2000,1000,1779732600,,[11],"[""abbie carmody pepper"", ""burrow beach drowning""]",2026-05-26T06:34:45.531529+00:00
IE:ireland,IE,ireland,ireland,2000,200,1779735000,,[20],"[""ireland"", ""irlandia""]",2026-05-26T06:34:45.531529+00:00
IE:dan lancaster,IE,dan lancaster,dan lancaster,1000,1000,1779736200,,[17],"[""dan lancaster""]",2026-05-26T06:34:45.531529+00:00
IE:ben o connor,IE,ben o connor,ben o connor,1000,1000,1779739200,,[17],"[""ben o connor"", ""ben o'connor""]",2026-05-26T06:34:45.531529+00:00
IE:cavaliers vs knicks,IE,cavaliers vs knicks,cavaliers vs knicks,500,600,1779761400,,[17],"[""cavaliers vs knicks"", ""knicks"", ""nba playoffs""]",2026-05-26T06:34:45.531529+00:00
IE:ireland lotto winner dublin,IE,ireland lotto winner dublin,ireland lotto winner dublin,500,600,1779742200,,[6],"[""ireland lotto winner dublin""]",2026-05-26T06:34:45.531529+00:00
IE:retail,IE,retail,retail,1000,600,1779726600,,[4],"[""retail""]",2026-05-26T06:34:45.531529+00:00
IE:isle of man tt,IE,isle of man tt,isle of man tt,1000,400,1779726600,,[17],"[""isle of man tt""]",2026-05-26T06:34:45.531529+00:00
IE:aj willis new york hurling,IE,aj willis new york hurling,aj willis new york hurling,500,800,1779737400,,[17],"[""aj willis new york hurling""]",2026-05-26T06:34:45.531529+00:00
IE:andy robertson next club,IE,andy robertson next club,andy robertson next club,1000,600,1779729000,,[17],"[""andy robertson next club"", ""andrew robertson""]",2026-05-26T06:34:45.531529+00:00
IE:helen mcentee,IE,helen mcentee,helen mcentee,200,400,1779745200,,[10],"[""helen mcentee""]",2026-05-26T06:34:45.531529+00:00
IE:jeffrey donaldson,IE,jeffrey donaldson,jeffrey donaldson,100,700,1779773400,,[10],"[""jeffrey donaldson"", ""democratic unionist party""]",2026-05-26T06:34:45.531529+00:00
IE:weather tomorrow,IE,weather tomorrow,weather tomorrow,20000,75,1779738600,1779747000,[20],"[""weather tomorrow""]",2026-05-26T06:34:45.531529+00:00
IE:factory beef price quotes,IE,factory beef price quotes,factory beef price quotes,200,700,1779735000,,[3],"[""factory beef price quotes""]",2026-05-26T06:34:45.531529+00:00
IE:iran,IE,iran,iran,100,100,1779765000,,"[14, 10]","[""iran"", ""cnn news""]",2026-05-26T06:34:45.531529+00:00
IE:ferrari luce,IE,ferrari luce,ferrari luce,200,400,1779743400,,[1],"[""ferrari luce""]",2026-05-26T06:34:45.531529+00:00
IE:fifa world cup,IE,fifa world cup,fifa world cup,200,200,1779773400,,[17],"[""fifa world cup"", ""world cup""]",2026-05-26T06:34:45.531529+00:00
IE:kyran durnin,IE,kyran durnin,kyran durnin,1000,1000,1779708000,1779758400,[10],"[""kyran durnin""]",2026-05-26T06:34:45.531529+00:00
IE:labor court,IE,labor court,labor court,100,600,1779745800,,[10],"[""labor court""]",2026-05-26T06:34:45.531529+00:00
IE:assault,IE,assault,assault,2000,1000,1779717600,1779735600,[10],"[""assault""]",2026-05-26T06:34:45.531529+00:00
IE:derry city vs shelbourne,IE,derry city vs shelbourne,derry city vs shelbourne,1000,1000,1779733200,1779747000,[17],"[""derry city vs shelbourne""]",2026-05-26T06:34:45.531529+00:00
IE:treaty united vs cork city,IE,treaty united vs cork city,treaty united vs cork city,1000,1000,1779735000,1779746400,[17],"[""treaty united vs cork city""]",2026-05-26T06:34:45.531529+00:00
IE:imf ireland ai economic risk,IE,imf ireland ai economic risk,imf ireland ai economic risk,500,800,1779712800,1779737400,"[10, 3]","[""imf ireland ai economic risk""]",2026-05-26T06:34:45.531529+00:00
IE:lottery,IE,lottery,lottery,500,500,1779733200,1779744000,"[17, 4]","[""lottery""]",2026-05-26T06:34:45.531529+00:00
IE:the boroughs,IE,the boroughs,the boroughs,500,300,1779739800,1779748200,[4],"[""the boroughs""]",2026-05-26T06:34:45.531529+00:00
IE:eastenders,IE,eastenders,eastenders,200,700,1779725400,1779755400,[4],"[""eastenders""]",2026-05-26T06:34:45.531529+00:00
IE:salford city,IE,salford city,salford city,500,700,1779719400,1779727800,[17],"[""salford city"", ""notts county"", ""notts county vs salford city""]",2026-05-26T06:34:45.531529+00:00
IE:tailteann cup draw,IE,tailteann cup draw,tailteann cup draw,500,400,1779710400,1779729600,[17],"[""tailteann cup draw""]",2026-05-26T06:34:45.531529+00:00
IE:gael monfils,IE,gael monfils,gael monfils,200,300,1779745800,1779772200,[17],"[""gael monfils"", ""monfils""]",2026-05-26T06:34:45.531529+00:00
IE:st. mirren vs partick thistle,IE,st. mirren vs partick thistle,st. mirren vs partick thistle,200,1000,1779741000,1779748200,[17],"[""st. mirren vs partick thistle"", ""st mirren""]",2026-05-26T06:34:45.531529+00:00
IE:ryanair debt free status,IE,ryanair debt free status,ryanair debt free status,200,700,1779715200,1779734400,[3],"[""ryanair debt free status""]",2026-05-26T06:34:45.531529+00:00
IE:rsa,IE,rsa,rsa,100,500,1779743400,1779747600,[11],"[""rsa""]",2026-05-26T06:34:45.531529+00:00
IE:holly cairns,IE,holly cairns,holly cairns,100,300,1779744000,1779747000,[14],"[""holly cairns""]",2026-05-26T06:34:45.531529+00:00
IE:peter murrell,IE,peter murrell,peter murrell,100,400,1779713400,1779718800,[10],"[""peter murrell""]",2026-05-26T06:34:45.531529+00:00
IE:memorial day 2026,IE,memorial day 2026,memorial day 2026,100,400,1779697800,1779732600,[8],"[""memorial day 2026""]",2026-05-26T06:34:45.531529+00:00
IE:jack crowley,IE,jack crowley,jack crowley,100,700,1779739800,1779742200,[17],"[""jack crowley""]",2026-05-26T06:34:45.531529+00:00
IE:uk bank holidays,IE,uk bank holidays,uk bank holidays,100,500,1779702600,1779706200,[20],"[""uk bank holidays""]",2026-05-26T06:34:45.531529+00:00
IE:iga swiatek,IE,iga świątek,iga swiatek,100,1000,1779708600,1779710400,"[17, 4]","[""iga świątek""]",2026-05-26T06:34:45.531529+00:00
IL:עינב צנגאוקר,IL,עינב צנגאוקר,עינב צנגאוקר,10000,1000,1779711600,,[14],"[""עינב צנגאוקר""]",2026-05-26T06:35:32.002259+00:00
IL:גלית חמי,IL,גלית חמי,גלית חמי,2000,1000,1779699600,,[14],"[""גלית חמי"", ""כלכליסט""]",2026-05-26T06:35:32.002259+00:00
IL:ברי סחרוף,IL,ברי סחרוף,ברי סחרוף,2000,1000,1779722400,,[4],"[""ברי סחרוף""]",2026-05-26T06:35:32.002259+00:00
IL:רג'פ טאיפ ארדואן,IL,רג'פ טאיפ ארדואן,רג'פ טאיפ ארדואן,2000,1000,1779724200,,[11],"[""רג'פ טאיפ ארדואן""]",2026-05-26T06:35:32.002259+00:00
IL:גדי איזנקוט,IL,גדי איזנקוט,גדי איזנקוט,2000,1000,1779728400,,[14],"[""גדי איזנקוט""]",2026-05-26T06:35:32.002259+00:00
IL:חברת תעופה,IL,חברת תעופה,חברת תעופה,200,1000,1779772200,,"[3, 19]","[""חברת תעופה""]",2026-05-26T06:35:32.002259+00:00
IL:ישראייר,IL,ישראייר,ישראייר,2000,100,1779708600,,[19],"[""ישראייר"", ""israir""]",2026-05-26T06:35:32.002259+00:00
IL:המקור,IL,המקור,המקור,1000,500,1779735000,,[11],"[""המקור"", ""שי לי עטרי""]",2026-05-26T06:35:32.002259+00:00
IL:צחי אבו,IL,צחי אבו,צחי אבו,500,500,1779705000,,[11],"[""צחי אבו""]",2026-05-26T06:35:32.002259+00:00
IL:אייל רביד,IL,אייל רביד,אייל רביד,200,700,1779769800,,[18],"[""אייל רביד""]",2026-05-26T06:35:32.002259+00:00
IL:מוחמד דחלאן,IL,מוחמד דחלאן,מוחמד דחלאן,200,1000,1779775200,,"[10, 14]","[""מוחמד דחלאן"", ""ישראל היום""]",2026-05-26T06:35:32.002259+00:00
IL:מכבי ת״א נגד בני הרצליה,IL,מכבי ת״א נגד בני הרצליה,מכבי ת״א נגד בני הרצליה,2000,1000,1779731400,1779777000,[17],"[""מכבי ת״א נגד בני הרצליה"", ""מכבי תל אביב כדורסל""]",2026-05-26T06:35:32.002259+00:00
IL:ועדת גרוניס,IL,ועדת גרוניס,ועדת גרוניס,5000,1000,1779696600,1779772200,[10],"[""ועדת גרוניס""]",2026-05-26T06:35:32.002259+00:00
IL:קאבלירס נגד ניקס,IL,קאבלירס נגד ניקס,קאבלירס נגד ניקס,1000,1000,1779760800,1779773400,[17],"[""קאבלירס נגד ניקס""]",2026-05-26T06:35:32.002259+00:00
IL:ריבית,IL,ריבית,ריבית,5000,600,1779693600,1779773400,[3],"[""ריבית"", ""ריבית בנק ישראל"", ""ריבית פריים"", ""הורדת ריבית"", ""שער הדולר"", ""בנק ישראל""]",2026-05-26T06:35:32.002259+00:00
IL:ארלינג האלנד,IL,ארלינג האלנד,ארלינג האלנד,1000,500,1779699600,1779773400,[17],"[""ארלינג האלנד""]",2026-05-26T06:35:32.002259+00:00
IL:cavaliers vs knicks,IL,cavaliers vs knicks,cavaliers vs knicks,1000,1000,1779762600,1779774000,[17],"[""cavaliers vs knicks"", ""knicks"", ""nba playoffs""]",2026-05-26T06:35:32.002259+00:00
IL:בנימין נתניהו,IL,בנימין נתניהו,בנימין נתניהו,1000,700,1779739800,1779775200,[14],"[""בנימין נתניהו""]",2026-05-26T06:35:32.002259+00:00
IL:גיא מלמד,IL,גיא מלמד,גיא מלמד,2000,1000,1779698400,1779774600,[17],"[""גיא מלמד""]",2026-05-26T06:35:32.002259+00:00
IL:אסף גרניט,IL,אסף גרניט,אסף גרניט,1000,200,1779731400,1779775200,[4],"[""אסף גרניט"", ""אנה ארונוב""]",2026-05-26T06:35:32.002259+00:00
IL:סקר,IL,סקר,סקר,2000,1000,1779736800,1779771600,[14],"[""סקר"", ""סקר מנדטים""]",2026-05-26T06:35:32.002259+00:00
IL:חינוך,IL,חינוך,חינוך,500,400,1779746400,1779776400,[9],"[""חינוך""]",2026-05-26T06:35:32.002259+00:00
IL:אירופה,IL,אירופה,אירופה,2000,1000,1779715200,1779775800,[11],"[""אירופה""]",2026-05-26T06:35:32.002259+00:00
IL:ראש ממשלה,IL,ראש ממשלה,ראש ממשלה,5000,1000,1779763800,1779771600,[14],"[""ראש ממשלה""]",2026-05-26T06:35:32.002259+00:00
IL:גמר גביע המדינה,IL,גמר גביע המדינה,גמר גביע המדינה,200,200,1779730800,,[17],"[""גמר גביע המדינה"", ""גביע המדינה""]",2026-05-26T06:35:32.002259+00:00
IL:موعد اذان الفجر,IL,موعد اذان الفجر,موعد اذان الفجر,1000,1000,1779746400,1779763200,[11],"[""موعد اذان الفجر"", ""موعد اذان المغرب""]",2026-05-26T06:35:32.002259+00:00
IL:wix,IL,wix,wix,2000,400,1779702600,1779736800,[11],"[""wix"", ""וויקס""]",2026-05-26T06:35:32.002259+00:00
IL:ближнии свет,IL,ближний свет,ближнии свет,500,300,1779719400,1779775800,[10],"[""ближний свет""]",2026-05-26T06:35:32.002259+00:00
IL:ליאור רפאלוב,IL,ליאור רפאלוב,ליאור רפאלוב,1000,800,1779715800,1779772800,[17],"[""ליאור רפאלוב""]",2026-05-26T06:35:32.002259+00:00
IL:הפועל רמת גן,IL,הפועל רמת גן,הפועל רמת גן,1000,600,1779729000,1779774600,[17],"[""הפועל רמת גן"", ""ליגה לאומית""]",2026-05-26T06:35:32.002259+00:00
IL:pennant,IL,pennant,pennant,100,900,1779773400,1779777000,[17],"[""pennant""]",2026-05-26T06:35:32.002259+00:00
IL:חתונה ממבט ראשון,IL,חתונה ממבט ראשון,חתונה ממבט ראשון,500,100,1779765000,1779771000,[11],"[""חתונה ממבט ראשון""]",2026-05-26T06:35:32.002259+00:00
IL:עירוני נס ציונה נגד הפועל ת״א,IL,עירוני נס ציונה נגד הפועל ת״א,עירוני נס ציונה נגד הפועל ת״א,2000,1000,1779723000,1779738000,[17],"[""עירוני נס ציונה נגד הפועל ת״א""]",2026-05-26T06:35:32.002259+00:00
IL:יעקב ברדוגו,IL,יעקב ברדוגו,יעקב ברדוגו,200,600,1779762600,1779771600,[14],"[""יעקב ברדוגו""]",2026-05-26T06:35:32.002259+00:00
IL:מאזדה,IL,מאזדה,מאזדה,1000,600,1779711000,1779769800,[1],"[""מאזדה""]",2026-05-26T06:35:32.002259+00:00
IL:עדן הראל,IL,עדן הראל,עדן הראל,2000,1000,1779700200,1779717600,[11],"[""עדן הראל""]",2026-05-26T06:35:32.002259+00:00
IL:עמוס לוזון,IL,עמוס לוזון,עמוס לוזון,100,400,1779764400,1779771000,[3],"[""עמוס לוזון""]",2026-05-26T06:35:32.002259+00:00
IL:ايران,IL,إيران,ايران,200,300,1779731400,1779767400,[10],"[""إيران""]",2026-05-26T06:35:32.002259+00:00
IL:גלית דיסטל,IL,גלית דיסטל,גלית דיסטל,500,1000,1779705000,1779730800,[14],"[""גלית דיסטל""]",2026-05-26T06:35:32.002259+00:00
IL:دعاء يوم عرفة,IL,دعاء يوم عرفة,دعاء يوم عرفة,100,400,1779759600,1779768000,[11],"[""دعاء يوم عرفة""]",2026-05-26T06:35:32.002259+00:00
IL:تامين,IL,تأمين,تامين,200,200,1779736200,1779769800,[3],"[""تأمين""]",2026-05-26T06:35:32.002259+00:00
IL:קרן פימי,IL,קרן פימי,קרן פימי,500,800,1779720600,1779737400,[3],"[""קרן פימי""]",2026-05-26T06:35:32.002259+00:00
IL:קבוצת גאון,IL,קבוצת גאון,קבוצת גאון,500,1000,1779702000,1779719400,[3],"[""קבוצת גאון""]",2026-05-26T06:35:32.002259+00:00
IL:процентная ставка,IL,процентная ставка,процентная ставка,500,1000,1779723000,1779732600,[3],"[""процентная ставка""]",2026-05-26T06:35:32.002259+00:00
IL:בנדר עבאס,IL,בנדר עבאס,בנדר עבאס,100,800,1779744600,1779765600,[11],"[""בנדר עבאס""]",2026-05-26T06:35:32.002259+00:00
IL:מילואים,IL,מילואים,מילואים,1000,200,1779716400,1779721200,[11],"[""מילואים""]",2026-05-26T06:35:32.002259+00:00
IL:רמי לוי שיווק השקמה,IL,רמי לוי שיווק השקמה,רמי לוי שיווק השקמה,500,400,1779706200,1779716400,"[3, 10]","[""רמי לוי שיווק השקמה""]",2026-05-26T06:35:32.002259+00:00
IL:אלי גורנשטיין,IL,אלי גורנשטיין,אלי גורנשטיין,200,600,1779700800,1779724800,[11],"[""אלי גורנשטיין""]",2026-05-26T06:35:32.002259+00:00
IL:אליפות צרפת הפתוחה,IL,אליפות צרפת הפתוחה,אליפות צרפת הפתוחה,200,600,1779702600,1779714000,[11],"[""אליפות צרפת הפתוחה""]",2026-05-26T06:35:32.002259+00:00
IL:wix stock,IL,wix stock,wix stock,500,1000,1779706800,1779712800,[3],"[""wix stock""]",2026-05-26T06:35:32.002259+00:00
IL:גל לייבוביץ,IL,גל לייבוביץ,גל לייבוביץ,500,1000,1779691200,1779700200,[17],"[""גל לייבוביץ""]",2026-05-26T06:35:32.002259+00:00
IL:מוריה אסרף,IL,מוריה אסרף,מוריה אסרף,100,400,1779723600,1779769200,"[14, 10]","[""מוריה אסרף""]",2026-05-26T06:35:32.002259+00:00
IL:לוח שידורים ערוץ 13,IL,לוח שידורים ערוץ 13,לוח שידורים ערוץ 13,200,75,1779733200,1779736800,[4],"[""לוח שידורים ערוץ 13""]",2026-05-26T06:35:32.002259+00:00
IL:דולר שקל,IL,דולר שקל,דולר שקל,200,100,1779715200,1779718800,[11],"[""דולר שקל""]",2026-05-26T06:35:32.002259+00:00
IL:חוליאן אלברס,IL,חוליאן אלברס,חוליאן אלברס,200,1000,1779708000,1779712800,[17],"[""חוליאן אלברס""]",2026-05-26T06:35:32.002259+00:00
IL:קורין אלאל,IL,קורין אלאל,קורין אלאל,100,700,1779720000,1779723600,[10],"[""קורין אלאל""]",2026-05-26T06:35:32.002259+00:00
IL:סתיו טוריאל,IL,סתיו טוריאל,סתיו טוריאל,100,800,1779720000,1779722400,[17],"[""סתיו טוריאל""]",2026-05-26T06:35:32.002259+00:00
IL:דוד ביטן,IL,דוד ביטן,דוד ביטן,100,900,1779724800,1779726600,[11],"[""דוד ביטן""]",2026-05-26T06:35:32.002259+00:00
IL:מסחר,IL,מסחר,מסחר,100,1000,1779710400,1779712800,[3],"[""מסחר""]",2026-05-26T06:35:32.002259+00:00
IL:מזכרת בתיה,IL,מזכרת בתיה,מזכרת בתיה,100,500,1779732600,1779733800,[11],"[""מזכרת בתיה""]",2026-05-26T06:35:32.002259+00:00
IN:indian premier league,IN,indian premier league,indian premier league,500000,1000,1779736200,,[17],"[""indian premier league"", ""ipl players"", ""royal challengers bengaluru vs gujarat titans players"", ""ipl time"", ""indian premier league 2026"", ""rcb gt"", ""ipl 2026 qualifier 1"", ""rcb versus gt"", ""ipl match today live"", ""today ipl match 2026"", ""weather report"", ""today's match"", ""rcb vs gt qualifier 1 2026"", ""todays weather"", ""ipl 2026 today match"", ""gt rcb"", ""rcb vs gt match prediction"", ""today's match ipl"", ""to day ipl match"", ""rcb vs gt ipl 2026"", ""weather report today"", ""today weather report"", ""today match ipl 2026"", ""rcb v gt""]",2026-05-26T06:36:23.010439+00:00
IN:imd yellow alert himalayan states,IN,imd yellow alert himalayan states,imd yellow alert himalayan states,200000,1000,1779697800,,[20],"[""imd yellow alert himalayan states"", ""rain""]",2026-05-26T06:36:23.010439+00:00
IN:sandip patel cannes,IN,sandip patel cannes,sandip patel cannes,100000,1000,1779703200,,[4],"[""sandip patel cannes"", ""cannes 2026 sandip patel"", ""producer sandip patel news"", ""film sundown town producer sandip patel""]",2026-05-26T06:36:23.010439+00:00
IN:cbse physics answer sheet mismatch,IN,cbse physics answer sheet mismatch,cbse physics answer sheet mismatch,20000,1000,1779693600,,[9],"[""cbse physics answer sheet mismatch""]",2026-05-26T06:36:23.010439+00:00
IN:भारत मौसम परवानमान,IN,भारत मौसम पूर्वानुमान,भारत मौसम परवानमान,1000000,1000,1779693600,,[20],"[""भारत मौसम पूर्वानुमान"", ""आंधी"", ""मौसम"", ""मौसम चेतावनी"", ""कल का मौसम"", ""आज का मौसम"", ""आज शाम का मौसम"", ""आज का मौसम कैसा रहेगा"", ""आज का मौसम कैसा है"", ""क्या आज बारिश होगी?""]",2026-05-26T06:36:23.010439+00:00
IN:lss result 2026,IN,lss result 2026,lss result 2026,100000,1000,1779702600,,[9],"[""lss result 2026"", ""uss result 2026"", ""bpekerala in lss uss 2026 result"", ""bpekerala in lss uss 2026"", ""bpekerala.in"", ""lss result 2026 official website"", ""bpekerala"", ""uss result 2026 official website"", ""lss uss 2026"", ""cm kids scholarship 2026 result"", ""bpekerala.in 2026"", ""uss result 2026 link"", ""lss uss 2026 result"", ""uss result"", ""lss result"", ""pareeksha bhavan uss result 2026"", ""pareeksha bhavan lss uss"", ""uss"", ""bpe kerala in"", ""scholarship"", ""bpe. kerala. in""]",2026-05-26T06:36:23.010439+00:00
IN:रणका शहाण,IN,रेणुका शहाणे,रणका शहाण,20000,1000,1779707400,,[4],"[""रेणुका शहाणे""]",2026-05-26T06:36:23.010439+00:00
IN:इडियन परीमियर लीग,IN,इंडियन प्रीमियर लीग,इडियन परीमियर लीग,50000,500,1779735600,,[17],"[""इंडियन प्रीमियर लीग"", ""गुजरात टाइटन्स"", ""इंडियन प्रीमियर लीग का शेड्यूल"", ""aaj kiska-kiska match hai"", ""aaj ka match"", ""आज का मैच"", ""रॉयल चैलेंजर्स बेंगलुरु"", ""कप्तान"", ""आज का आईपीएल मैच"", ""aaj ka ipl match"", ""aaj kiska match hai ipl""]",2026-05-26T06:36:23.010439+00:00
IN:ranveer singh,IN,ranveer singh,ranveer singh,50000,1000,1779711000,,[4],"[""ranveer singh"", ""fwice"", ""don 3"", ""ranveer singh banned"", ""farhan akhtar"", ""fwice means"", ""fwice non-cooperation ranveer singh"", ""film"", ""3""]",2026-05-26T06:36:23.010439+00:00
IN:கலைஞர மகளிர உரிமைத திடடம,IN,கலைஞர் மகளிர் உரிமைத் திட்டம்,கலைஞர மகளிர உரிமைத திடடம,100000,1000,1779714600,,[10],"[""கலைஞர் மகளிர் உரிமைத் திட்டம்""]",2026-05-26T06:36:23.010439+00:00
IN:चालान,IN,चालान,चालान,10000,800,1779713400,,[1],"[""चालान""]",2026-05-26T06:36:23.010439+00:00
IN:నరమల సతరమన,IN,నిర్మలా సీతారామన్,నరమల సతరమన,20000,1000,1779705600,,[11],"[""నిర్మలా సీతారామన్"", ""ఆర్థిక మంత్రి""]",2026-05-26T06:36:23.010439+00:00
IN:ಅಕಷರ ಪಟೕಲ,IN,ಅಕ್ಷರ್ ಪಟೇಲ್,ಅಕಷರ ಪಟೕಲ,10000,600,1779704400,,[17],"[""ಅಕ್ಷರ್ ಪಟೇಲ್""]",2026-05-26T06:36:23.010439+00:00
IN:पदम शरी,IN,पद्म श्री,पदम शरी,20000,800,1779720600,,[11],"[""पद्म श्री"", ""हेमा मालिनी"", ""धर्मेन्द्र""]",2026-05-26T06:36:23.010439+00:00
IN:পদমশরী,IN,পদ্মশ্রী,পদমশরী,10000,700,1779728400,,[4],"[""পদ্মশ্রী"", ""হেমা মালিনী""]",2026-05-26T06:36:23.010439+00:00
IN:सना मकबल,IN,सना मकबूल,सना मकबल,10000,500,1779697800,,[4],"[""सना मकबूल""]",2026-05-26T06:36:23.010439+00:00
IN:meenakshi seshadri mumbai return,IN,meenakshi seshadri mumbai return,meenakshi seshadri mumbai return,10000,300,1779694800,,[4],"[""meenakshi seshadri mumbai return""]",2026-05-26T06:36:23.010439+00:00
IN:இநதியன பிரமியர லக,IN,இந்தியன் பிரீமியர் லீக்,இநதியன பிரமியர லக,5000,700,1779735600,,[17],"[""இந்தியன் பிரீமியர் லீக்""]",2026-05-26T06:36:23.010439+00:00
IN:பெ சணமுகம,IN,பெ சண்முகம்,பெ சணமுகம,10000,500,1779727800,,"[14, 10]","[""பெ சண்முகம்"", ""பெ. சண்முகம்""]",2026-05-26T06:36:23.010439+00:00
IN:ekadashi kab hai,IN,ekadashi kab hai,ekadashi kab hai,50000,300,1779753000,,[11],"[""ekadashi kab hai"", ""ekadashi may 2026"", ""ekadashi"", ""aaj ka panchang"", ""एकादशी कब की है"", ""today tithi"", ""ekadashi vrat kab hai"", ""padmini ekadashi 2026"", ""आज का पंचांग"", ""padmini ekadashi kab hai"", ""kab hai"", ""आज की तिथि"", ""ekadashi kab hai may 2026"", ""ekadashi ka vrat kab hai"", ""ekadashi may"", ""एकादशी मई 2026"", ""एकादशी"", ""आज की तिथि क्या है"", ""aaj ekadashi hai"", ""today panchang"", ""एकादशी व्रत कब है""]",2026-05-26T06:36:23.010439+00:00
IN:पण,IN,पुणे,पण,20000,600,1779691800,,[10],"[""पुणे""]",2026-05-26T06:36:23.010439+00:00
IN:abraham accords,IN,abraham accords,abraham accords,5000,200,1779714000,,[14],"[""abraham accords"", ""what is abraham accords"", ""india today"", ""who""]",2026-05-26T06:36:23.010439+00:00
IN:கூடடுறவு,IN,கூட்டுறவு,கூடடுறவு,10000,800,1779718800,,[11],"[""கூட்டுறவு"", ""அன்புமணி ராமதாஸ்""]",2026-05-26T06:36:23.010439+00:00
IN:ಗೃಹಲಕಷಮ,IN,ಗೃಹಲಕ್ಷ್ಮಿ,ಗೃಹಲಕಷಮ,5000,300,1779727200,,[11],"[""ಗೃಹಲಕ್ಷ್ಮಿ""]",2026-05-26T06:36:23.010439+00:00
IN:ইনডিযান পরিমিযার লিগ,IN,ইন্ডিয়ান প্রিমিয়ার লিগ,ইনডিযান পরিমিযার লিগ,2000,300,1779735600,,[17],"[""ইন্ডিয়ান প্রিমিয়ার লিগ""]",2026-05-26T06:36:23.010439+00:00
IN:कार,IN,कार,कार,5000,300,1779703800,,[1],"[""कार""]",2026-05-26T06:36:23.010439+00:00
IN:ഇനതയന പരീമിയര ലീഗ,IN,ഇന്ത്യന് പ്രീമിയര് ലീഗ്,ഇനതയന പരീമിയര ലീഗ,2000,200,1779736800,,[17],"[""ഇന്ത്യന് പ്രീമിയര് ലീഗ്""]",2026-05-26T06:36:23.010439+00:00
IN:kbm,IN,kbm,kbm,2000,300,1779760200,,[17],"[""kbm""]",2026-05-26T06:36:23.010439+00:00
IN:ಅನಲ,IN,ಅನಿಲ,ಅನಲ,5000,200,1779724200,,[11],"[""ಅನಿಲ""]",2026-05-26T06:36:23.010439+00:00
IN:परशात किशोर,IN,प्रशांत किशोर,परशात किशोर,5000,300,1779724200,,[14],"[""प्रशांत किशोर""]",2026-05-26T06:36:23.010439+00:00
IN:ઇનડિયન પરીમિયર લીગ,IN,ઇન્ડિયન પ્રીમિયર લીગ,ઇનડિયન પરીમિયર લીગ,5000,300,1779736200,,[11],"[""ઇન્ડિયન પ્રીમિયર લીગ""]",2026-05-26T06:36:23.010439+00:00
IN:समाजवादी पारटी,IN,समाजवादी पार्टी,समाजवादी पारटी,2000,400,1779752400,,[14],"[""समाजवादी पार्टी""]",2026-05-26T06:36:23.010439+00:00
IN:plus two result 2026,IN,plus two result 2026,plus two result 2026,2000,200,1779761400,,[9],"[""plus two result 2026"", ""plus two result""]",2026-05-26T06:36:23.010439+00:00
IN:ഗരഭിണി,IN,ഗര്ഭിണി,ഗരഭിണി,2000,300,1779738000,,[7],"[""ഗര്ഭിണി""]",2026-05-26T06:36:23.010439+00:00
IN:ബിനോയ വിശവം,IN,ബിനോയ് വിശ്വം,ബിനോയ വിശവം,2000,200,1779751800,,[14],"[""ബിനോയ് വിശ്വം""]",2026-05-26T06:36:23.010439+00:00
IN:भारत क रकषा मतरी,IN,भारत के रक्षा मंत्री,भारत क रकषा मतरी,2000,200,1779734400,,[11],"[""भारत के रक्षा मंत्री""]",2026-05-26T06:36:23.010439+00:00
IN:लाहौर,IN,लाहौर,लाहौर,2000,100,1779757200,,[11],"[""लाहौर""]",2026-05-26T06:36:23.010439+00:00
IN:ఇరన,IN,ఇరాన్,ఇరన,2000,700,1779766200,,[11],"[""ఇరాన్"", ""telugu""]",2026-05-26T06:36:23.010439+00:00
IN:रणका सिह,IN,रेणुका सिंह,रणका सिह,5000,200,1779720600,,"[14, 10, 4]","[""रेणुका सिंह""]",2026-05-26T06:36:23.010439+00:00
IN:dharmendra,IN,dharmendra,dharmendra,5000,100,1779711000,,[4],"[""dharmendra"", ""hema malini"", ""padma awards 2026""]",2026-05-26T06:36:23.010439+00:00
IN:ರಣವೕರ ಸಂಗ,IN,ರಣವೀರ್ ಸಿಂಗ್,ರಣವೕರ ಸಂಗ,2000,200,1779725400,,[4],"[""ರಣವೀರ್ ಸಿಂಗ್""]",2026-05-26T06:36:23.010439+00:00
IN:सपरिया सळ,IN,सुप्रिया सुळे,सपरिया सळ,5000,200,1779705000,,[11],"[""सुप्रिया सुळे""]",2026-05-26T06:36:23.010439+00:00
IN:ruskin bond,IN,ruskin bond,ruskin bond,2000,100,1779712800,,[4],"[""ruskin bond""]",2026-05-26T06:36:23.010439+00:00
IN:rss,IN,rss,rss,2000,200,1779742200,,[11],"[""rss""]",2026-05-26T06:36:23.010439+00:00
IN:bts,IN,bts,bts,2000,100,1779771000,,[4],"[""bts""]",2026-05-26T06:36:23.010439+00:00
IN:ಇಂಡಯನ ಪರೕಮಯರ ಲೕಗ,IN,ಇಂಡಿಯನ್ ಪ್ರೀಮಿಯರ್ ಲೀಗ್,ಇಂಡಯನ ಪರೕಮಯರ ಲೕಗ,5000,200,1779713400,,[17],"[""ಇಂಡಿಯನ್ ಪ್ರೀಮಿಯರ್ ಲೀಗ್""]",2026-05-26T06:36:23.010439+00:00
IN:सई तामहणकर,IN,सई ताम्हणकर,सई तामहणकर,2000,100,1779708000,,[4],"[""सई ताम्हणकर""]",2026-05-26T06:36:23.010439+00:00
IN:india mart,IN,india mart,india mart,2000,75,1779765000,,[3],"[""india mart""]",2026-05-26T06:36:23.010439+00:00
IN:ஜோதிமணி,IN,ஜோதிமணி,ஜோதிமணி,500,200,1779775800,,"[14, 10]","[""ஜோதிமணி""]",2026-05-26T06:36:23.010439+00:00
IN:mumbai university,IN,mumbai university,mumbai university,2000,200,1779776400,,[9],"[""mumbai university""]",2026-05-26T06:36:23.010439+00:00
IN:rajpal yadav,IN,rajpal yadav,rajpal yadav,1000,100,1779765600,,[14],"[""rajpal yadav""]",2026-05-26T06:36:23.010439+00:00
IN:gas,IN,gas,gas,500,300,1779774000,,[11],"[""gas""]",2026-05-26T06:36:23.010439+00:00
IN:itc dividend record date,IN,itc dividend record date,itc dividend record date,500,100,1779771000,,[3],"[""itc dividend record date""]",2026-05-26T06:36:23.010439+00:00
IN:divyanka tripathi,IN,divyanka tripathi,divyanka tripathi,500,200,1779775200,,[4],"[""divyanka tripathi""]",2026-05-26T06:36:23.010439+00:00
IN:maadhaar app discontinuation,IN,maadhaar app discontinuation,maadhaar app discontinuation,2000,50,1779721800,,[10],"[""maadhaar app discontinuation"", ""maadhaar""]",2026-05-26T06:36:23.010439+00:00
IN:ಯಶ ದಯಾಳ,IN,ಯಶ್ ದಯಾಳ್,ಯಶ ದಯಾಳ,2000,100,1779722400,,[17],"[""ಯಶ್ ದಯಾಳ್""]",2026-05-26T06:36:23.010439+00:00
IN:राह,IN,राहु,राह,2000,100,1779718200,,[4],"[""राहु""]",2026-05-26T06:36:23.010439+00:00
IN:hmd vibe 2 5g,IN,hmd vibe 2 5g,hmd vibe 2 5g,1000,75,1779759000,,[18],"[""hmd vibe 2 5g"", ""vibe 2 5g""]",2026-05-26T06:36:23.010439+00:00
IN:26 may 2026,IN,26 may 2026,26 may 2026,2000,100,1779756600,,[14],"[""26 may 2026"", ""nirmala sitharaman""]",2026-05-26T06:36:23.010439+00:00
IN:రహణ,IN,రోహిణి,రహణ,500,100,1779774000,,[11],"[""రోహిణి""]",2026-05-26T06:36:23.010439+00:00
IN:bakri eid,IN,bakri eid,bakri eid,1000,50,1779764400,,[3],"[""bakri eid""]",2026-05-26T06:36:23.010439+00:00
IN:new zealand women vs england women,IN,new zealand women vs england women,new zealand women vs england women,50000,1000,1779716400,1779759600,[17],"[""new zealand women vs england women"", ""न्यूजीलैंड महिला बनाम इंग्लैंड महिला"", ""new zealand women's national cricket team vs england women's national cricket team match scorecard"", ""nz-w vs en-w"", ""charlie dean"", ""nensi patel"", ""dani gibson"", ""suzie bates"", ""linsey smith"", ""eng w vs nz w"", ""sophie ecclestone"", ""sophia dunkley"", ""izzy gaze"", ""nz w vs eng w"", ""maddy green"", ""en-w vs nz-w"", ""sophie devine"", ""brooke halliday"", ""england women's national cricket team vs new zealand women's national cricket team match scorecard"", ""maia bouchier"", ""heather knight"", ""england vs new zealand women"", ""engw vs nzw"", ""nzw vs engw"", ""eng vs nz women""]",2026-05-26T06:36:23.010439+00:00
IN:राहल गाधी,IN,राहुल गांधी,राहल गाधी,500,200,1779774000,,[14],"[""राहुल गांधी""]",2026-05-26T06:36:23.010439+00:00
IN:अभिमनय सिह,IN,अभिमन्यु सिंह,अभिमनय सिह,500,75,1779772200,,[4],"[""अभिमन्यु सिंह""]",2026-05-26T06:36:23.010439+00:00
IN:ferrari luce,IN,ferrari luce,ferrari luce,1000,50,1779758400,,[1],"[""ferrari luce""]",2026-05-26T06:36:23.010439+00:00
IN:కవన పటరసన,IN,కెవిన్ పీటర్సన్,కవన పటరసన,5000,400,1779709200,1779769800,[17],"[""కెవిన్ పీటర్సన్""]",2026-05-26T06:36:23.010439+00:00
IN:बकरीद कब ह,IN,बकरीद कब है,बकरीद कब ह,1000,75,1779755400,,[11],"[""बकरीद कब है"", ""eid kab hai 2026""]",2026-05-26T06:36:23.010439+00:00
IN:26 may,IN,26 may,26 may,1000,75,1779751800,,[11],"[""26 may""]",2026-05-26T06:36:23.010439+00:00
IN:ईशान किशन,IN,ईशान किशन,ईशान किशन,10000,500,1779711600,1779766200,[17],"[""ईशान किशन""]",2026-05-26T06:36:23.010439+00:00
IN:రక పంటంగ,IN,రికీ పాంటింగ్,రక పంటంగ,5000,500,1779712200,1779766200,[17],"[""రికీ పాంటింగ్""]",2026-05-26T06:36:23.010439+00:00
IN:वभव सरयवशी रिकॉरड,IN,वैभव सूर्यवंशी रिकॉर्ड,वभव सरयवशी रिकॉरड,2000,75,1779711000,,[17],"[""वैभव सूर्यवंशी रिकॉर्ड"", ""aaj ka match ipl"", ""रन""]",2026-05-26T06:36:23.010439+00:00
IN:ಪಟರೂೕಲ,IN,ಪೆಟ್ರೋಲ್,ಪಟರೂೕಲ,20000,1000,1779702000,1779760200,[11],"[""ಪೆಟ್ರೋಲ್""]",2026-05-26T06:36:23.010439+00:00
IN:ఇండయన పరమయర లగ,IN,ఇండియన్ ప్రీమియర్ లీగ్,ఇండయన పరమయర లగ,2000,400,1779748200,1779774600,[17],"[""ఇండియన్ ప్రీమియర్ లీగ్"", ""రియాన్ పరాగ్""]",2026-05-26T06:36:23.010439+00:00
IN:drdo,IN,drdo,drdo,5000,300,1779723000,1779777000,[10],"[""drdo""]",2026-05-26T06:36:23.010439+00:00
IN:ananya panday,IN,ananya panday,ananya panday,5000,400,1779711000,1779771600,[4],"[""ananya panday""]",2026-05-26T06:36:23.010439+00:00
IN:टवनटी टवनटी,IN,ट्वेन्टी ट्वेन्टी,टवनटी टवनटी,10000,1000,1779695400,1779759000,[17],"[""ट्वेन्टी ट्वेन्टी""]",2026-05-26T06:36:23.010439+00:00
IN:cavaliers vs knicks,IN,cavaliers vs knicks,cavaliers vs knicks,2000,800,1779754200,1779770400,[17],"[""cavaliers vs knicks""]",2026-05-26T06:36:23.010439+00:00
IN:राजसथान,IN,राजस्थान,राजसथान,5000,800,1779727200,1779765600,[20],"[""राजस्थान"", ""jaipur temperature""]",2026-05-26T06:36:23.010439+00:00
IN:8th pay commission da changes,IN,8th pay commission da changes,8th pay commission da changes,1000,75,1779718200,,[10],"[""8th pay commission da changes""]",2026-05-26T06:36:23.010439+00:00
IN:us iran news,IN,us iran news,us iran news,5000,75,1779756000,1779770400,"[14, 10]","[""us iran news"", ""us iran"", ""us iran war news"", ""us iran war"", ""al jazeera"", ""iran us news"", ""iran us war"", ""iran news"", ""world news"", ""us"", ""it""]",2026-05-26T06:36:23.010439+00:00
IN:ओपपो,IN,ओप्पो,ओपपो,1000,50,1779723000,,[18],"[""ओप्पो""]",2026-05-26T06:36:23.010439+00:00
IN:apollo micro systems share price,IN,apollo micro systems share price,apollo micro systems share price,2000,50,1779768600,1779777000,[3],"[""apollo micro systems share price"", ""apollo micro systems share""]",2026-05-26T06:36:23.010439+00:00
IN:samsung,IN,samsung,samsung,10000,75,1779723600,1779769800,[3],"[""samsung""]",2026-05-26T06:36:23.010439+00:00
IN:वीवो,IN,वीवो,वीवो,10000,500,1779708000,1779762000,[18],"[""वीवो""]",2026-05-26T06:36:23.010439+00:00
IN:టవఎస ఐకయూబ ఎలకటరక,IN,టీవీఎస్ ఐక్యూబ్ ఎలక్ట్రిక్,టవఎస ఐకయూబ ఎలకటరక,2000,100,1779717000,1779774600,[1],"[""టీవీఎస్ ఐక్యూబ్ ఎలక్ట్రిక్""]",2026-05-26T06:36:23.010439+00:00
IN:അനിരദധ രവിചനദര,IN,അനിരുദ്ധ് രവിചന്ദര്,അനിരദധ രവിചനദര,10000,700,1779703200,1779759000,[4],"[""അനിരുദ്ധ് രവിചന്ദര്""]",2026-05-26T06:36:23.010439+00:00
IN:जही चावला,IN,जूही चावला,जही चावला,2000,100,1779717000,1779770400,[4],"[""जूही चावला""]",2026-05-26T06:36:23.010439+00:00
IN:lic share price,IN,lic share price,lic share price,1000,75,1779768600,1779775800,[3],"[""lic share price""]",2026-05-26T06:36:23.010439+00:00
IN:india diesel price increase,IN,india diesel price increase,india diesel price increase,10000,200,1779718800,1779767400,[3],"[""india diesel price increase"", ""fuel"", ""crude oil"", ""crude oil price""]",2026-05-26T06:36:23.010439+00:00
IN:इजराइल,IN,इज़राइल,इजराइल,5000,200,1779713400,1779768000,[11],"[""इज़राइल""]",2026-05-26T06:36:23.010439+00:00
IN:rbi assistant result,IN,rbi assistant result,rbi assistant result,10000,200,1779710400,1779767400,"[9, 3]","[""rbi assistant result"", ""rbi assistant result 2026"", ""rbi assistant prelims result"", ""rbi assistant"", ""rbi assistant prelims result 2026"", ""rbi assistant pre result 2026""]",2026-05-26T06:36:23.010439+00:00
IN:amitabh bachchan granddaughter mba graduation,IN,amitabh bachchan granddaughter mba graduation,amitabh bachchan granddaughter mba graduation,5000,200,1779708600,1779768000,[9],"[""amitabh bachchan granddaughter mba graduation""]",2026-05-26T06:36:23.010439+00:00
IN:নকষতর,IN,নক্ষত্র,নকষতর,5000,100,1779711600,1779770400,[11],"[""নক্ষত্র""]",2026-05-26T06:36:23.010439+00:00
IN:iphone 18 pro max,IN,iphone 18 pro max,iphone 18 pro max,5000,100,1779696600,1779769800,[18],"[""iphone 18 pro max"", ""iphone 18""]",2026-05-26T06:36:23.010439+00:00
IN:h-1b వస,IN,h-1b వీసా,h-1b వస,1000,75,1779762000,1779777000,[10],"[""h-1b వీసా""]",2026-05-26T06:36:23.010439+00:00
IN:কলযাণ বনদযোপাধযায,IN,কল্যাণ বন্দ্যোপাধ্যায়,কলযাণ বনদযোপাধযায,2000,300,1779726000,1779769200,[14],"[""কল্যাণ বন্দ্যোপাধ্যায়""]",2026-05-26T06:36:23.010439+00:00
IN:అకషర పటల,IN,అక్షర్ పటేల్,అకషర పటల,5000,200,1779691200,1779764400,[17],"[""అక్షర్ పటేల్""]",2026-05-26T06:36:23.010439+00:00
IN:rvnl share,IN,rvnl share,rvnl share,2000,75,1779766800,1779775800,[3],"[""rvnl share"", ""rvnl share price""]",2026-05-26T06:36:23.010439+00:00
IN:मोसमी पाऊस,IN,मोसमी पाऊस,मोसमी पाऊस,5000,500,1779721200,1779760800,[11],"[""मोसमी पाऊस""]",2026-05-26T06:36:23.010439+00:00
IN:आशतोष राणा,IN,आशुतोष राणा,आशतोष राणा,5000,200,1779704400,1779763200,[4],"[""आशुतोष राणा""]",2026-05-26T06:36:23.010439+00:00
IN:kcet 2026 result date,IN,kcet 2026 result date,kcet 2026 result date,1000,75,1779761400,1779777000,[9],"[""kcet 2026 result date""]",2026-05-26T06:36:23.010439+00:00
IN:paderborn vs wolfsburg,IN,paderborn vs wolfsburg,paderborn vs wolfsburg,2000,200,1779730800,1779765600,[17],"[""paderborn vs wolfsburg"", ""wolfsburg""]",2026-05-26T06:36:23.010439+00:00
IN:नवीन पटनायक,IN,नवीन पटनायक,नवीन पटनायक,5000,100,1779694800,1779768000,"[14, 10]","[""नवीन पटनायक""]",2026-05-26T06:36:23.010439+00:00
IN:মমতা বনদযোপাধযায,IN,মমতা বন্দ্যোপাধ্যায়,মমতা বনদযোপাধযায,10000,1000,1779717000,1779730200,[11],"[""মমতা বন্দ্যোপাধ্যায়""]",2026-05-26T06:36:23.010439+00:00
IN:cng price in delhi,IN,cng price in delhi,cng price in delhi,1000,50,1779763200,1779775200,[3],"[""cng price in delhi"", ""cng""]",2026-05-26T06:36:23.010439+00:00
IN:padres vs phillies,IN,padres vs phillies,padres vs phillies,1000,100,1779754200,1779771000,[17],"[""padres vs phillies""]",2026-05-26T06:36:23.010439+00:00
IN:drdo ceptam 11 result,IN,drdo ceptam 11 result,drdo ceptam 11 result,2000,100,1779730200,1779769800,"[9, 10]","[""drdo ceptam 11 result"", ""drdo ceptam 11"", ""ceptam 11 result"", ""drdo result"", ""drdo ceptam 11 result 2026"", ""ceptam 11""]",2026-05-26T06:36:23.010439+00:00
IN:bsf,IN,bsf,bsf,2000,100,1779713400,1779777000,[10],"[""bsf""]",2026-05-26T06:36:23.010439+00:00
IN:ભાવ,IN,ભાવ,ભાવ,1000,100,1779734400,1779774600,[3],"[""ભાવ""]",2026-05-26T06:36:23.010439+00:00
IN:పవన కళయణ,IN,పవన్ కళ్యాణ్,పవన కళయణ,2000,100,1779701400,1779766200,"[14, 4]","[""పవన్ కళ్యాణ్""]",2026-05-26T06:36:23.010439+00:00
IN:પનશન,IN,પેન્શન,પનશન,5000,200,1779694200,1779725400,[10],"[""પેન્શન""]",2026-05-26T06:36:23.010439+00:00
IN:ರಾಜೕನಾಮ,IN,ರಾಜೀನಾಮೆ,ರಾಜೕನಾಮ,2000,200,1779707400,1779763200,[14],"[""ರಾಜೀನಾಮೆ""]",2026-05-26T06:36:23.010439+00:00
IN:పటరలయం,IN,పెట్రోలియం,పటరలయం,10000,1000,1779697200,1779712200,[11],"[""పెట్రోలియం""]",2026-05-26T06:36:23.010439+00:00
IN:ఓడ,IN,ఓడ,ఓడ,2000,100,1779714000,1779767400,[11],"[""ఓడ""]",2026-05-26T06:36:23.010439+00:00
IN:सटरलाइट टकनोलॉजीज,IN,स्टरलाइट टेक्नोलॉजीज,सटरलाइट टकनोलॉजीज,2000,50,1779714600,1779769800,[3],"[""स्टरलाइट टेक्नोलॉजीज""]",2026-05-26T06:36:23.010439+00:00
IN:വയോമയാന,IN,വ്യോമയാന,വയോമയാന,2000,100,1779702000,1779764400,[10],"[""വ്യോമയാന""]",2026-05-26T06:36:23.010439+00:00
IN:आईफोन,IN,आईफ़ोन,आईफोन,2000,100,1779700200,1779760200,[18],"[""आईफ़ोन""]",2026-05-26T06:36:23.010439+00:00
IN:quad,IN,quad,quad,500,50,1779768600,1779775800,"[14, 10]","[""quad"", ""quad countries"", ""top""]",2026-05-26T06:36:23.010439+00:00
IN:सजलॉन एनरजी,IN,सुजलॉन एनर्जी,सजलॉन एनरजी,2000,100,1779707400,1779762600,[3],"[""सुजलॉन एनर्जी""]",2026-05-26T06:36:23.010439+00:00
IN:समराट चौधरी,IN,सम्राट चौधरी,समराट चौधरी,5000,600,1779711600,1779727800,[11],"[""सम्राट चौधरी""]",2026-05-26T06:36:23.010439+00:00
IN:ఇంగలండ కరకట జటటు,IN,ఇంగ్లాండ్ క్రికెట్ జట్టు,ఇంగలండ కరకట జటటు,1000,100,1779751200,1779768600,[17],"[""ఇంగ్లాండ్ క్రికెట్ జట్టు""]",2026-05-26T06:36:23.010439+00:00
IN:മരഖന,IN,മൂര്ഖന്,മരഖന,2000,100,1779714600,1779764400,[11],"[""മൂര്ഖന്""]",2026-05-26T06:36:23.010439+00:00
IN:weather lucknow,IN,weather lucknow,weather lucknow,2000,300,1779726600,1779744600,[11],"[""weather lucknow"", ""lucknow weather""]",2026-05-26T06:36:23.010439+00:00
IN:delhi-ncr rain forecast,IN,delhi-ncr rain forecast,delhi-ncr rain forecast,2000,75,1779723600,1779767400,[20],"[""delhi-ncr rain forecast"", ""weather varanasi"", ""weather kanpur""]",2026-05-26T06:36:23.010439+00:00
IN:ಬಡದ,IN,ಬಿಡದಿ,ಬಡದ,2000,200,1779715200,1779763800,[11],"[""ಬಿಡದಿ""]",2026-05-26T06:36:23.010439+00:00
IN:अकषरा सिह,IN,अक्षरा सिंह,अकषरा सिह,1000,100,1779748200,1779768000,[4],"[""अक्षरा सिंह"", ""akshara singh""]",2026-05-26T06:36:23.010439+00:00
IN:bengaluru founder salary debate,IN,bengaluru founder salary debate,bengaluru founder salary debate,2000,100,1779700800,1779768600,[3],"[""bengaluru founder salary debate"", ""bengaluru startup founder salary""]",2026-05-26T06:36:23.010439+00:00
IN:taiwan,IN,taiwan,taiwan,200,50,1779775800,1779777000,[3],"[""taiwan""]",2026-05-26T06:36:23.010439+00:00
IN:മോഷണം,IN,മോഷണം,മോഷണം,2000,100,1779694200,1779732600,[11],"[""മോഷണം""]",2026-05-26T06:36:23.010439+00:00
IN:nirjala ekadashi,IN,nirjala ekadashi,nirjala ekadashi,500,100,1779756000,1779771000,[8],"[""nirjala ekadashi"", ""निर्जला एकादशी कब की है""]",2026-05-26T06:36:23.010439+00:00
IN:ಚನನ,IN,ಚಿನ್ನ,ಚನನ,5000,400,1779706800,1779721200,[11],"[""ಚಿನ್ನ""]",2026-05-26T06:36:23.010439+00:00
IN:सजय माजरकर,IN,संजय मांजरेकर,सजय माजरकर,2000,100,1779711600,1779767400,[17],"[""संजय मांजरेकर"", ""aaj ka ipl""]",2026-05-26T06:36:23.010439+00:00
IN:కయ ఇండయ,IN,కియా ఇండియా,కయ ఇండయ,2000,100,1779702000,1779763200,"[1, 16]","[""కియా ఇండియా""]",2026-05-26T06:36:23.010439+00:00
IN:day of arafah 2026,IN,day of arafah 2026,day of arafah 2026,1000,75,1779729600,1779759000,[4],"[""day of arafah 2026"", ""arafah day 2026""]",2026-05-26T06:36:23.010439+00:00
IN:தஙகம,IN,தங்கம்,தஙகம,10000,100,1779708000,1779717600,[3],"[""தங்கம்""]",2026-05-26T06:36:23.010439+00:00
IN:sunil gavaskar,IN,sunil gavaskar,sunil gavaskar,2000,100,1779719400,1779763200,[17],"[""sunil gavaskar""]",2026-05-26T06:36:23.010439+00:00
IN:single day,IN,single day,single day,500,50,1779763800,1779774000,"[17, 8]","[""single day""]",2026-05-26T06:36:23.010439+00:00
IN:kent vs sussex,IN,kent vs sussex,kent vs sussex,2000,300,1779717600,1779733800,[17],"[""kent vs sussex""]",2026-05-26T06:36:23.010439+00:00
IN:टरकटर,IN,ट्रैक्टर,टरकटर,2000,100,1779707400,1779762600,[11],"[""ट्रैक्टर""]",2026-05-26T06:36:23.010439+00:00
IN:atm,IN,atm,atm,2000,100,1779712200,1779759000,[10],"[""atm""]",2026-05-26T06:36:23.010439+00:00
IN:കരികകററ,IN,ക്രിക്കറ്റ്,കരികകററ,2000,200,1779725400,1779760800,[17],"[""ക്രിക്കറ്റ്""]",2026-05-26T06:36:23.010439+00:00
IN:hugo gaston,IN,hugo gaston,hugo gaston,1000,200,1779735000,1779752400,[17],"[""hugo gaston"", ""gaël monfils"", ""gael monfils"", ""monfils""]",2026-05-26T06:36:23.010439+00:00
IN:sterlite technologies share price,IN,sterlite technologies share price,sterlite technologies share price,500,50,1779768000,1779772800,"[3, 18]","[""sterlite technologies share price""]",2026-05-26T06:36:23.010439+00:00
IN:રોયલ ચલનજરસ બગલોર,IN,રોયલ ચેલેન્જર્સ બેંગ્લોર,રોયલ ચલનજરસ બગલોર,1000,75,1779722400,1779764400,[17],"[""રોયલ ચેલેન્જર્સ બેંગ્લોર""]",2026-05-26T06:36:23.010439+00:00
IN:renault bridger india patent,IN,renault bridger india patent,renault bridger india patent,2000,100,1779711600,1779760200,[1],"[""renault bridger india patent""]",2026-05-26T06:36:23.010439+00:00
IN:arun ips,IN,arun ips,arun ips,1000,50,1779719400,1779769200,[10],"[""arun ips""]",2026-05-26T06:36:23.010439+00:00
IN:rbi,IN,rbi,rbi,2000,100,1779711000,1779728400,[3],"[""rbi""]",2026-05-26T06:36:23.010439+00:00
IN:एथलटिकस,IN,एथलेटिक्स,एथलटिकस,2000,100,1779704400,1779760200,[17],"[""एथलेटिक्स""]",2026-05-26T06:36:23.010439+00:00
IN:शकर,IN,शुक्र,शकर,5000,400,1779694800,1779708000,[4],"[""शुक्र""]",2026-05-26T06:36:23.010439+00:00
IN:pune news,IN,pune news,pune news,2000,75,1779721800,1779761400,[10],"[""pune news"", ""pune curfew""]",2026-05-26T06:36:23.010439+00:00
IN:women's international,IN,women's international,women's international,2000,200,1779714600,1779732000,"[17, 4]","[""women's international""]",2026-05-26T06:36:23.010439+00:00
IN:vivo y600 turbo battery capacity,IN,vivo y600 turbo battery capacity,vivo y600 turbo battery capacity,2000,75,1779714000,1779760800,[18],"[""vivo y600 turbo battery capacity"", ""vivo launched the y600 turbo featuring a massive 9020mah battery""]",2026-05-26T06:36:23.010439+00:00
IN:अमित दशमख,IN,अमित देशमुख,अमित दशमख,1000,100,1779723000,1779766800,[11],"[""अमित देशमुख""]",2026-05-26T06:36:23.010439+00:00
IN:കെടടിടം,IN,കെട്ടിടം,കെടടിടം,1000,75,1779719400,1779761400,[10],"[""കെട്ടിടം""]",2026-05-26T06:36:23.010439+00:00
IN:నందమూర బలకృషణ,IN,నందమూరి బాలకృష్ణ,నందమూర బలకృషణ,200,75,1779771000,1779774600,[4],"[""నందమూరి బాలకృష్ణ""]",2026-05-26T06:36:23.010439+00:00
IN:dhurandhar 2 box office collection,IN,dhurandhar 2 box office collection,dhurandhar 2 box office collection,2000,300,1779712200,1779726600,[4],"[""dhurandhar 2 box office collection""]",2026-05-26T06:36:23.010439+00:00
IN:amelia kerr,IN,amelia kerr,amelia kerr,2000,300,1779715800,1779728400,[11],"[""amelia kerr""]",2026-05-26T06:36:23.010439+00:00
IN:weather patna,IN,weather patna,weather patna,1000,100,1779724200,1779760800,[20],"[""weather patna""]",2026-05-26T06:36:23.010439+00:00
IN:जी लरन,IN,ज़ी लर्न,जी लरन,2000,100,1779699600,1779734400,[3],"[""ज़ी लर्न""]",2026-05-26T06:36:23.010439+00:00
IN:gulmarg gondola,IN,gulmarg gondola,gulmarg gondola,2000,75,1779712200,1779759600,[11],"[""gulmarg gondola"", ""jammu and kashmir"", ""gulmarg""]",2026-05-26T06:36:23.010439+00:00
IN:डॉन 3,IN,डॉन 3,डॉन 3,500,50,1779732000,1779766200,[4],"[""डॉन 3""]",2026-05-26T06:36:23.010439+00:00
IN:ബാല,IN,ബാല,ബാല,2000,100,1779712800,1779759000,[4],"[""ബാല""]",2026-05-26T06:36:23.010439+00:00
IN:arafat day 2026,IN,arafat day 2026,arafat day 2026,500,50,1779729000,1779757800,[11],"[""arafat day 2026""]",2026-05-26T06:36:23.010439+00:00
IN:pine labs share price,IN,pine labs share price,pine labs share price,500,75,1779768000,1779771600,[3],"[""pine labs share price"", ""pine labs share""]",2026-05-26T06:36:23.010439+00:00
IN:jsw cement share price,IN,jsw cement share price,jsw cement share price,200,100,1779769200,1779772800,[3],"[""jsw cement share price""]",2026-05-26T06:36:23.010439+00:00
IN:aaj ka mausam,IN,aaj ka mausam,aaj ka mausam,2000,75,1779751800,1779756000,[20],"[""aaj ka mausam"", ""weather gorakhpur"", ""gorakhpur weather""]",2026-05-26T06:36:23.010439+00:00
IN:টাকা পাওযা,IN,টাকা পাওয়া,টাকা পাওযা,200,75,1779764400,1779769800,[3],"[""টাকা পাওয়া""]",2026-05-26T06:36:23.010439+00:00
IN:lancashire vs nottinghamshire,IN,lancashire vs nottinghamshire,lancashire vs nottinghamshire,2000,100,1779719400,1779734400,[17],"[""lancashire vs nottinghamshire"", ""ben mcdermott"", ""keaton jennings""]",2026-05-26T06:36:23.010439+00:00
IN:అలలం,IN,అల్లం,అలలం,1000,75,1779701400,1779760800,[5],"[""అల్లం""]",2026-05-26T06:36:23.010439+00:00
IN:eicher motors share price,IN,eicher motors share price,eicher motors share price,200,100,1779768600,1779772200,[3],"[""eicher motors share price""]",2026-05-26T06:36:23.010439+00:00
IN:19 minute 34 second viral video link,IN,19 minute 34 second viral video link,19 minute 34 second viral video link,1000,300,1779732600,1779744000,[4],"[""19 minute 34 second viral video link""]",2026-05-26T06:36:23.010439+00:00
IN:sunrisers vs royal challengers,IN,sunrisers vs royal challengers,sunrisers vs royal challengers,200,50,1779765600,1779771000,[17],"[""sunrisers vs royal challengers""]",2026-05-26T06:36:23.010439+00:00
IN:ஆதார,IN,ஆதார்,ஆதார,500,300,1779750000,1779758400,[10],"[""ஆதார்""]",2026-05-26T06:36:23.010439+00:00
IN:hitachi energy share price,IN,hitachi energy share price,hitachi energy share price,200,75,1779768600,1779772800,[3],"[""hitachi energy share price""]",2026-05-26T06:36:23.010439+00:00
IN:மேயர,IN,மேயர்,மேயர,2000,300,1779705600,1779718800,[11],"[""மேயர்""]",2026-05-26T06:36:23.010439+00:00
IN:aircraft pilot,IN,aircraft pilot,aircraft pilot,1000,75,1779728400,1779762000,[10],"[""aircraft pilot""]",2026-05-26T06:36:23.010439+00:00
IN:ఇలలు ఇలలలు పలలలు,IN,ఇల్లు ఇల్లాలు పిల్లలు,ఇలలు ఇలలలు పలలలు,2000,50,1779696600,1779723000,[4],"[""ఇల్లు ఇల్లాలు పిల్లలు""]",2026-05-26T06:36:23.010439+00:00
IN:sam billings,IN,sam billings,sam billings,2000,100,1779720600,1779731400,[17],"[""sam billings"", ""daniel bell-drummond""]",2026-05-26T06:36:23.010439+00:00
IN:manorama,IN,manorama,manorama,2000,100,1779700200,1779715800,[10],"[""manorama""]",2026-05-26T06:36:23.010439+00:00
IN:bajaj broking,IN,bajaj broking,bajaj broking,5000,1000,1779727200,1779731400,[3],"[""bajaj broking"", ""bank nifty"", ""bse sensex"", ""nifty vix""]",2026-05-26T06:36:23.010439+00:00
IN:నయయమూరత,IN,న్యాయమూర్తి,నయయమూరత,2000,100,1779696000,1779716400,[10],"[""న్యాయమూర్తి""]",2026-05-26T06:36:23.010439+00:00
IN:ರಶಮಕಾ ಮಂದಣಣ,IN,ರಶ್ಮಿಕಾ ಮಂದಣ್ಣ,ರಶಮಕಾ ಮಂದಣಣ,1000,100,1779715200,1779759000,[4],"[""ರಶ್ಮಿಕಾ ಮಂದಣ್ಣ""]",2026-05-26T06:36:23.010439+00:00
IN:today match score live,IN,today match score live,today match score live,5000,100,1779718200,1779725400,[17],"[""today match score live"", ""today match"", ""is there any ipl match today""]",2026-05-26T06:36:23.010439+00:00
IN:कियारा आडवाणी,IN,कियारा आडवाणी,कियारा आडवाणी,2000,100,1779691800,1779708000,[4],"[""कियारा आडवाणी""]",2026-05-26T06:36:23.010439+00:00
IN:stan wawrinka,IN,stan wawrinka,stan wawrinka,2000,100,1779708600,1779726000,[17],"[""stan wawrinka"", ""jesper de jong""]",2026-05-26T06:36:23.010439+00:00
IN:टीटागढ वगनस,IN,टीटागढ़ वैगन्स,टीटागढ वगनस,1000,100,1779712200,1779730200,[3],"[""टीटागढ़ वैगन्स""]",2026-05-26T06:36:23.010439+00:00
IN:ಟರಾವಸ ಹಡ,IN,ಟ್ರಾವಿಸ್ ಹೆಡ್,ಟರಾವಸ ಹಡ,500,75,1779729600,1779765600,[17],"[""ಟ್ರಾವಿಸ್ ಹೆಡ್""]",2026-05-26T06:36:23.010439+00:00
IN:वितत,IN,वित्त,वितत,1000,100,1779717000,1779757800,[11],"[""वित्त""]",2026-05-26T06:36:23.010439+00:00
IN:ഇസരായേല,IN,ഇസ്രായേല്,ഇസരായേല,1000,50,1779717600,1779757200,[10],"[""ഇസ്രായേല്""]",2026-05-26T06:36:23.010439+00:00
IN:zak crawley,IN,zak crawley,zak crawley,1000,200,1779721200,1779732000,[17],"[""zak crawley"", ""vitality blast""]",2026-05-26T06:36:23.010439+00:00
IN:premanand ji maharaj,IN,premanand ji maharaj,premanand ji maharaj,1000,50,1779709200,1779768000,[11],"[""premanand ji maharaj""]",2026-05-26T06:36:23.010439+00:00
IN:വിജയ,IN,വിജയ്,വിജയ,2000,1000,1779717000,1779722400,[11],"[""വിജയ്""]",2026-05-26T06:36:23.010439+00:00
IN:सरय कात,IN,सूर्य कांत,सरय कात,1000,100,1779708000,1779726000,[11],"[""सूर्य कांत""]",2026-05-26T06:36:23.010439+00:00
IN:pune,IN,pune,pune,1000,75,1779722400,1779735600,[11],"[""pune""]",2026-05-26T06:36:23.010439+00:00
IN:हडताल,IN,हड़ताल,हडताल,2000,50,1779693600,1779719400,[11],"[""हड़ताल""]",2026-05-26T06:36:23.010439+00:00
IN:premier energies share price,IN,premier energies share price,premier energies share price,200,50,1779769200,1779772200,[3],"[""premier energies share price""]",2026-05-26T06:36:23.010439+00:00
IN:പെടരോളിയം,IN,പെട്രോളിയം,പെടരോളിയം,2000,100,1779696600,1779716400,[11],"[""പെട്രോളിയം""]",2026-05-26T06:36:23.010439+00:00
IN:സംഘരഷം,IN,സംഘര്ഷം,സംഘരഷം,200,50,1779762000,1779769200,[11],"[""സംഘര്ഷം""]",2026-05-26T06:36:23.010439+00:00
IN:नोएडा,IN,नोएडा,नोएडा,1000,50,1779715800,1779762600,"[3, 5]","[""नोएडा""]",2026-05-26T06:36:23.010439+00:00
IN:norway chess 2026,IN,norway chess 2026,norway chess 2026,200,50,1779738600,1779767400,[6],"[""norway chess 2026""]",2026-05-26T06:36:23.010439+00:00
IN:pak vs aus,IN,pak vs aus,pak vs aus,1000,50,1779717000,1779748200,[17],"[""pak vs aus""]",2026-05-26T06:36:23.010439+00:00
IN:ಕಾವಯ ಶೖವ,IN,ಕಾವ್ಯ ಶೈವ,ಕಾವಯ ಶೖವ,1000,75,1779708600,1779726000,[4],"[""ಕಾವ್ಯ ಶೈವ""]",2026-05-26T06:36:23.010439+00:00
IN:வணடல மண,IN,வண்டல் மண்,வணடல மண,1000,75,1779697200,1779718800,[11],"[""வண்டல் மண்""]",2026-05-26T06:36:23.010439+00:00
IN:cnn,IN,cnn,cnn,500,50,1779756600,1779763800,[14],"[""cnn""]",2026-05-26T06:36:23.010439+00:00
IN:botswana vs cameroon,IN,botswana vs cameroon,botswana vs cameroon,2000,100,1779693000,1779706800,[17],"[""botswana vs cameroon""]",2026-05-26T06:36:23.010439+00:00
IN:सकटर,IN,स्कूटर,सकटर,1000,300,1779703200,1779759600,"[1, 16]","[""स्कूटर""]",2026-05-26T06:36:23.010439+00:00
IN:जनता पारटी,IN,जनता पार्टी,जनता पारटी,1000,200,1779702600,1779714000,[11],"[""जनता पार्टी""]",2026-05-26T06:36:23.010439+00:00
IN:मारति सजकी,IN,मारुति सुज़ुकी,मारति सजकी,1000,100,1779702600,1779717000,"[1, 3]","[""मारुति सुज़ुकी""]",2026-05-26T06:36:23.010439+00:00
IN:সটক,IN,স্টক,সটক,1000,75,1779718200,1779732600,[3],"[""স্টক""]",2026-05-26T06:36:23.010439+00:00
IN:રાશિ,IN,રાશિ,રાશિ,1000,100,1779712800,1779721800,[11],"[""રાશિ""]",2026-05-26T06:36:23.010439+00:00
IN:is us market closed today,IN,is us market closed today,is us market closed today,1000,100,1779715800,1779726000,[3],"[""is us market closed today"", ""today us holiday""]",2026-05-26T06:36:23.010439+00:00
IN:ಶಾಸಕ,IN,ಶಾಸಕ,ಶಾಸಕ,2000,500,1779709800,1779715800,[11],"[""ಶಾಸಕ""]",2026-05-26T06:36:23.010439+00:00
IN:nate jacobs,IN,nate jacobs,nate jacobs,500,50,1779744000,1779769200,[4],"[""nate jacobs"", ""euphoria season 3""]",2026-05-26T06:36:23.010439+00:00
IN:dangal,IN,dangal,dangal,1000,75,1779720600,1779733200,[4],"[""dangal""]",2026-05-26T06:36:23.010439+00:00
IN:moon,IN,moon,moon,1000,50,1779719400,1779748800,[11],"[""moon""]",2026-05-26T06:36:23.010439+00:00
IN:રાષટરપતિ,IN,રાષ્ટ્રપતિ,રાષટરપતિ,1000,50,1779698400,1779715200,"[14, 10]","[""રાષ્ટ્રપતિ""]",2026-05-26T06:36:23.010439+00:00
IN:surya kant,IN,surya kant,surya kant,1000,100,1779699600,1779709800,[14],"[""surya kant""]",2026-05-26T06:36:23.010439+00:00
IN:harmanpreet kaur,IN,harmanpreet kaur,harmanpreet kaur,200,50,1779727800,1779771000,[17],"[""harmanpreet kaur""]",2026-05-26T06:36:23.010439+00:00
IN:casper ruud,IN,casper ruud,casper ruud,1000,100,1779732600,1779738000,[17],"[""casper ruud"", ""roman safiullin""]",2026-05-26T06:36:23.010439+00:00
IN:wipro share,IN,wipro share,wipro share,200,50,1779769200,1779771000,[3],"[""wipro share""]",2026-05-26T06:36:23.010439+00:00
IN:jaisalmer,IN,jaisalmer,jaisalmer,1000,100,1779699600,1779712200,[11],"[""jaisalmer""]",2026-05-26T06:36:23.010439+00:00
IN:दही,IN,दही,दही,200,75,1779728400,1779759000,[5],"[""दही""]",2026-05-26T06:36:23.010439+00:00
IN:coritiba vs bahia,IN,coritiba vs bahia,coritiba vs bahia,200,75,1779757200,1779763200,[17],"[""coritiba vs bahia""]",2026-05-26T06:36:23.010439+00:00
IN:എ.കെ. ശശീനദരന,IN,എ.കെ. ശശീന്ദ്രന്,എ.കെ. ശശീനദരന,500,50,1779721200,1779757800,[14],"[""എ.കെ. ശശീന്ദ്രന്""]",2026-05-26T06:36:23.010439+00:00
IN:khushbu sundar meets cm vijay,IN,khushbu sundar meets cm vijay,khushbu sundar meets cm vijay,500,50,1779726000,1779759000,"[14, 4]","[""khushbu sundar meets cm vijay""]",2026-05-26T06:36:23.010439+00:00
IN:કરિકટ,IN,ક્રિકેટ,કરિકટ,1000,50,1779696600,1779723000,[11],"[""ક્રિકેટ""]",2026-05-26T06:36:23.010439+00:00
IN:முமபை இநதியனஸ,IN,மும்பை இந்தியன்ஸ்,முமபை இநதியனஸ,1000,50,1779696000,1779718200,[17],"[""மும்பை இந்தியன்ஸ்""]",2026-05-26T06:36:23.010439+00:00
IN:ನಮಮ ಮಟರೂ,IN,ನಮ್ಮ ಮೆಟ್ರೊ,ನಮಮ ಮಟರೂ,500,75,1779724200,1779760800,[11],"[""ನಮ್ಮ ಮೆಟ್ರೊ""]",2026-05-26T06:36:23.010439+00:00
IN:सवरण काता शरमा,IN,स्वर्ण कांता शर्मा,सवरण काता शरमा,2000,400,1779712800,1779716400,[10],"[""स्वर्ण कांता शर्मा""]",2026-05-26T06:36:23.010439+00:00
IN:ipl match schedule,IN,ipl match schedule,ipl match schedule,2000,75,1779717000,1779721800,[17],"[""ipl match schedule""]",2026-05-26T06:36:23.010439+00:00
IN:राशिद अलवी,IN,राशिद अल्वी,राशिद अलवी,1000,100,1779715200,1779722400,[11],"[""राशिद अल्वी"", ""दिल्ली जिमखाना क्लब""]",2026-05-26T06:36:23.010439+00:00
IN:royals vs yankees,IN,royals vs yankees,royals vs yankees,200,50,1779751800,1779760200,[17],"[""royals vs yankees""]",2026-05-26T06:36:23.010439+00:00
IN:आज किसका मच ह,IN,आज किसका मैच है,आज किसका मच ह,500,75,1779717000,1779726000,[17],"[""आज किसका मैच है""]",2026-05-26T06:36:23.010439+00:00
IN:employees' provident fund organisation,IN,employees' provident fund organisation,employees' provident fund organisation,1000,200,1779707400,1779713400,[3],"[""employees' provident fund organisation"", ""pf withdrawal""]",2026-05-26T06:36:23.010439+00:00
IN:परीकषा,IN,परीक्षा,परीकषा,1000,200,1779723000,1779727800,[9],"[""परीक्षा""]",2026-05-26T06:36:23.010439+00:00
IN:दवदर फडणवीस,IN,देवेंद्र फडणवीस,दवदर फडणवीस,1000,500,1779719400,1779723600,"[14, 10]","[""देवेंद्र फडणवीस""]",2026-05-26T06:36:23.010439+00:00
IN:captain (cricket),IN,captain (cricket),captain (cricket),500,75,1779726000,1779755400,[17],"[""captain (cricket)""]",2026-05-26T06:36:23.010439+00:00
IN:lottery sambad night,IN,lottery sambad night,lottery sambad night,2000,50,1779721800,1779725400,[6],"[""lottery sambad night"", ""lottery sambad old"", ""lottery sambad result"", ""nagaland state lottery result""]",2026-05-26T06:36:23.010439+00:00
IN:மகரம,IN,மகரம்,மகரம,1000,50,1779696000,1779710400,[11],"[""மகரம்""]",2026-05-26T06:36:23.010439+00:00
IN:car game,IN,car game,car game,200,75,1779766800,1779768600,[17],"[""car game""]",2026-05-26T06:36:23.010439+00:00
IN:ముంబ ఇండయనస,IN,ముంబై ఇండియన్స్,ముంబ ఇండయనస,100,50,1779755400,1779761400,[17],"[""ముంబై ఇండియన్స్""]",2026-05-26T06:36:23.010439+00:00
IN:santy news ratlam news,IN,santy news ratlam news,santy news ratlam news,1000,200,1779696000,1779701400,[4],"[""santy news ratlam news""]",2026-05-26T06:36:23.010439+00:00
IN:പാകിസഥാന,IN,പാകിസ്ഥാന്,പാകിസഥാന,500,100,1779708600,1779715800,[11],"[""പാകിസ്ഥാന്""]",2026-05-26T06:36:23.010439+00:00
IN:ஸகூடடர,IN,ஸ்கூட்டர்,ஸகூடடர,1000,100,1779698400,1779706800,[11],"[""ஸ்கூட்டர்""]",2026-05-26T06:36:23.010439+00:00
IN:shami first ball wickets,IN,shami first ball wickets,shami first ball wickets,1000,100,1779708000,1779714000,[17],"[""shami first ball wickets""]",2026-05-26T06:36:23.010439+00:00
IN:neet ug · 2026,IN,neet ug · 2026,neet ug · 2026,500,75,1779708600,1779717000,[11],"[""neet ug · 2026""]",2026-05-26T06:36:23.010439+00:00
IN:కరయదరశ,IN,కార్యదర్శి,కరయదరశ,500,50,1779714000,1779723600,[10],"[""కార్యదర్శి""]",2026-05-26T06:36:23.010439+00:00
IN:shah rukh khan,IN,shah rukh khan,shah rukh khan,200,50,1779737400,1779753000,[4],"[""shah rukh khan""]",2026-05-26T06:36:23.010439+00:00
IN:dharmendra pradhan,IN,dharmendra pradhan,dharmendra pradhan,1000,100,1779697200,1779703800,[11],"[""dharmendra pradhan""]",2026-05-26T06:36:23.010439+00:00
IN:സഞജ സാംസണ,IN,സഞ്ജു സാംസണ്,സഞജ സാംസണ,500,100,1779715800,1779724800,[17],"[""സഞ്ജു സാംസണ്""]",2026-05-26T06:36:23.010439+00:00
IN:பேருநது,IN,பேருந்து,பேருநது,1000,200,1779691800,1779697200,[19],"[""பேருந்து""]",2026-05-26T06:36:23.010439+00:00
IN:thunderstorm,IN,thunderstorm,thunderstorm,200,50,1779730800,1779754200,[11],"[""thunderstorm""]",2026-05-26T06:36:23.010439+00:00
IN:कोटदवार,IN,कोटद्वार,कोटदवार,100,100,1779759000,1779762600,[11],"[""कोटद्वार""]",2026-05-26T06:36:23.010439+00:00
IN:nasdaq futures,IN,nasdaq futures,nasdaq futures,100,50,1779754800,1779760800,[3],"[""nasdaq futures""]",2026-05-26T06:36:23.010439+00:00
IN:us market today,IN,us market today,us market today,500,75,1779716400,1779722400,[3],"[""us market today"", ""asian markets today""]",2026-05-26T06:36:23.010439+00:00
IN:ekadashi may 2026 date and time,IN,ekadashi may 2026 date and time,ekadashi may 2026 date and time,100,50,1779761400,1779764400,[11],"[""ekadashi may 2026 date and time""]",2026-05-26T06:36:23.010439+00:00
IN:aishwarya rai bachchan cannes 2026,IN,aishwarya rai bachchan cannes 2026,aishwarya rai bachchan cannes 2026,500,75,1779700200,1779708000,[4],"[""aishwarya rai bachchan cannes 2026""]",2026-05-26T06:36:23.010439+00:00
IN:weather ahmedabad,IN,weather ahmedabad,weather ahmedabad,100,100,1779762000,1779763800,[20],"[""weather ahmedabad""]",2026-05-26T06:36:23.010439+00:00
IN:court,IN,court,court,500,75,1779699000,1779706200,[11],"[""court""]",2026-05-26T06:36:23.010439+00:00
IN:निवडणक,IN,निवडणूक,निवडणक,500,100,1779697200,1779703800,[11],"[""निवडणूक""]",2026-05-26T06:36:23.010439+00:00
IN:बागलादश,IN,बांगलादेश,बागलादश,500,75,1779704400,1779710400,[10],"[""बांगलादेश""]",2026-05-26T06:36:23.010439+00:00
IN:lnmu,IN,lnmu,lnmu,1000,100,1779709200,1779718200,[9],"[""lnmu""]",2026-05-26T06:36:23.010439+00:00
IN:2028,IN,2028,2028,500,200,1779717000,1779720600,[14],"[""2028""]",2026-05-26T06:36:23.010439+00:00
IN:night result,IN,night result,night result,100,100,1779754200,1779757800,"[17, 4]","[""night result""]",2026-05-26T06:36:23.010439+00:00
IN:మకరసఫట,IN,మైక్రోసాఫ్ట్,మకరసఫట,500,75,1779696600,1779702600,[3],"[""మైక్రోసాఫ్ట్""]",2026-05-26T06:36:23.010439+00:00
IN:loan waiver,IN,loan waiver,loan waiver,200,100,1779717000,1779720600,[10],"[""loan waiver""]",2026-05-26T06:36:23.010439+00:00
IN:शिवराज सिह चौहान,IN,शिवराज सिंह चौहान,शिवराज सिह चौहान,500,50,1779691200,1779698400,"[14, 10]","[""शिवराज सिंह चौहान""]",2026-05-26T06:36:23.010439+00:00
IN:xiaomi 17 max,IN,xiaomi 17 max,xiaomi 17 max,200,50,1779739200,1779758400,[18],"[""xiaomi 17 max""]",2026-05-26T06:36:23.010439+00:00
IN:n,IN,n,n,200,50,1779744600,1779748200,[11],"[""n"", ""kiro""]",2026-05-26T06:36:23.010439+00:00
IN:start,IN,start,start,100,50,1779756000,1779758400,[3],"[""start""]",2026-05-26T06:36:23.010439+00:00
IN:srk,IN,srk,srk,100,75,1779744600,1779750600,[4],"[""srk""]",2026-05-26T06:36:23.010439+00:00
IN:শিকষাবততি,IN,শিক্ষাবৃত্তি,শিকষাবততি,100,50,1779765000,1779766200,[9],"[""শিক্ষাবৃত্তি""]",2026-05-26T06:36:23.010439+00:00
IN:નરનદર મોદી,IN,નરેન્દ્ર મોદી,નરનદર મોદી,500,50,1779693600,1779699600,[11],"[""નરેન્દ્ર મોદી""]",2026-05-26T06:36:23.010439+00:00
IN:union bank,IN,union bank,union bank,1000,50,1779706200,1779709200,[3],"[""union bank""]",2026-05-26T06:36:23.010439+00:00
IN:suzlon energy q4 results 2026,IN,suzlon energy q4 results 2026,suzlon energy q4 results 2026,500,50,1779702000,1779706800,[3],"[""suzlon energy q4 results 2026""]",2026-05-26T06:36:23.010439+00:00
IN:tabinda sanpal,IN,tabinda sanpal,tabinda sanpal,100,50,1779739800,1779744600,[4],"[""tabinda sanpal""]",2026-05-26T06:36:23.010439+00:00
IN:breaking bad,IN,breaking bad,breaking bad,100,100,1779743400,1779747600,[4],"[""breaking bad""]",2026-05-26T06:36:23.010439+00:00
IN:rajesh khanna,IN,rajesh khanna,rajesh khanna,500,100,1779696000,1779700200,[4],"[""rajesh khanna""]",2026-05-26T06:36:23.010439+00:00
IN:global market today,IN,global market today,global market today,100,50,1779758400,1779762000,"[18, 3, 15]","[""global market today""]",2026-05-26T06:36:23.010439+00:00
IN:नयायालय,IN,न्यायालय,नयायालय,200,100,1779699600,1779703800,"[10, 9]","[""न्यायालय""]",2026-05-26T06:36:23.010439+00:00
IN:air india flight 171,IN,air india flight 171,air india flight 171,200,50,1779725400,1779729000,[11],"[""air india flight 171""]",2026-05-26T06:36:23.010439+00:00
IN:sex and the city,IN,sex and the city,sex and the city,100,50,1779746400,1779749400,[4],"[""sex and the city""]",2026-05-26T06:36:23.010439+00:00
IN:drdo ceptam,IN,drdo ceptam,drdo ceptam,200,100,1779732600,1779735000,[9],"[""drdo ceptam""]",2026-05-26T06:36:23.010439+00:00
IN:alycia parks,IN,alycia parks,alycia parks,200,100,1779738600,1779741000,[17],"[""alycia parks"", ""leylah fernandez""]",2026-05-26T06:36:23.010439+00:00
IN:mg university,IN,mg university,mg university,200,50,1779718800,1779722400,[11],"[""mg university""]",2026-05-26T06:36:23.010439+00:00
IN:maragatham kumaravel,IN,maragatham kumaravel,maragatham kumaravel,200,75,1779703200,1779707400,[14],"[""maragatham kumaravel""]",2026-05-26T06:36:23.010439+00:00
IN:shahid kapoor,IN,shahid kapoor,shahid kapoor,100,50,1779736800,1779745200,[4],"[""shahid kapoor""]",2026-05-26T06:36:23.010439+00:00
IN:titanic,IN,titanic,titanic,200,50,1779733800,1779736800,[4],"[""titanic""]",2026-05-26T06:36:23.010439+00:00
IN:aadhaar card,IN,aadhaar card,aadhaar card,200,75,1779717000,1779720000,[10],"[""aadhaar card""]",2026-05-26T06:36:23.010439+00:00
IN:weather hyderabad,IN,weather hyderabad,weather hyderabad,500,75,1779708600,1779711000,[11],"[""weather hyderabad""]",2026-05-26T06:36:23.010439+00:00
IN:nimcet,IN,nimcet,nimcet,200,50,1779718200,1779721800,[9],"[""nimcet""]",2026-05-26T06:36:23.010439+00:00
IN:bengaluru,IN,bengaluru,bengaluru,200,75,1779724800,1779726600,[11],"[""bengaluru""]",2026-05-26T06:36:23.010439+00:00
IN:tiantsoa sarah rakotomanga rajaonah,IN,tiantsoa sarah rakotomanga rajaonah,tiantsoa sarah rakotomanga rajaonah,200,50,1779723000,1779726000,[17],"[""tiantsoa sarah rakotomanga rajaonah""]",2026-05-26T06:36:23.010439+00:00
IN:dearness allowance,IN,dearness allowance,dearness allowance,200,100,1779718200,1779720000,[10],"[""dearness allowance""]",2026-05-26T06:36:23.010439+00:00
IN:ajmal kasab,IN,ajmal kasab,ajmal kasab,200,50,1779695400,1779699600,[10],"[""ajmal kasab""]",2026-05-26T06:36:23.010439+00:00
IN:eamcet results 2026 ap,IN,eamcet results 2026 ap,eamcet results 2026 ap,200,50,1779693000,1779697200,[9],"[""eamcet results 2026 ap""]",2026-05-26T06:36:23.010439+00:00
IN:jiri lehecka,IN,jiri lehecka,jiri lehecka,200,50,1779705600,1779709200,[17],"[""jiri lehecka""]",2026-05-26T06:36:23.010439+00:00
IN:വിരാട കോഹലി,IN,വിരാട് കോഹ്ലി,വിരാട കോഹലി,200,50,1779702000,1779705600,[17],"[""വിരാട് കോഹ്ലി""]",2026-05-26T06:36:23.010439+00:00
IN:బండల గణష,IN,బండ్ల గణేష్,బండల గణష,200,50,1779709200,1779712200,[4],"[""బండ్ల గణేష్""]",2026-05-26T06:36:23.010439+00:00
IN:flight,IN,flight,flight,200,50,1779730800,1779732600,[11],"[""flight""]",2026-05-26T06:36:23.010439+00:00
IN:andrey rublev,IN,andrey rublev,andrey rublev,200,50,1779721200,1779723000,"[17, 6]","[""andrey rublev""]",2026-05-26T06:36:23.010439+00:00
IN:elena rybakina,IN,elena rybakina,elena rybakina,200,100,1779711600,1779712800,[17],"[""elena rybakina""]",2026-05-26T06:36:23.010439+00:00
IN:ಮೕಕದಾಟು,IN,ಮೇಕೆದಾಟು,ಮೕಕದಾಟು,200,50,1779723600,1779725400,[11],"[""ಮೇಕೆದಾಟು""]",2026-05-26T06:36:23.010439+00:00
IN:રોકાણ,IN,રોકાણ,રોકાણ,200,50,1779715800,1779717600,[11],"[""રોકાણ""]",2026-05-26T06:36:23.010439+00:00
IN:ben shelton,IN,ben shelton,ben shelton,200,50,1779729600,1779730800,[17],"[""ben shelton""]",2026-05-26T06:36:23.010439+00:00
IN:wednesday,IN,wednesday,wednesday,100,50,1779739800,1779741000,[20],"[""wednesday""]",2026-05-26T06:36:23.010439+00:00
IT:risultati elezioni,IT,risultati elezioni,risultati elezioni,100000,1000,1779715200,,[14],"[""risultati elezioni"", ""risultati elezioni comunali"", ""exit poll comunali 2026"", ""risultati elezioni comunali 2026"", ""elezioni risultati in tempo reale"", ""amministrative 2026"", ""elezioni venezia 2026"", ""elezioni reggio calabria"", ""comunali 2026"", ""elezioni amministrative"", ""elezioni comunali 2026 risultati"", ""elezioni vigevano"", ""ballottaggio elezioni comunali"", ""elezioni sindaco venezia 2026"", ""spoglio elezioni comunali 2026"", ""elezioni comunali reggio calabria"", ""chi ha vinto le elezioni"", ""elezioni comunali avellino 2026"", ""elezioni reggio calabria 2026"", ""risultati elezioni venezia"", ""elezioni exit poll"", ""elezioni 2026"", ""elezioni oggi"", ""comunali venezia"", ""exit poll salerno"", ""proiezioni elezioni comunali"", ""elezioni san benedetto del tronto 2026"", ""elezioni risultati"", ""chi ha vinto le elezioni a salerno?"", ""elezioni comunali risultati"", ""comunali"", ""risultati elettorali"", ""elezioni a venezia"", ""elezione"", ""spoglio elezioni"", ""proiezioni elezioni comunali 2026"", ""chi ha vinto le elezioni a venezia"", ""fino a che ora si vota oggi"", ""reggio calabria elezioni"", ""destra"", ""exit poll avellino 2026"", ""exit poll reggio calabria"", ""spoglio elezioni comunali"", ""risultati elezioni amministrative"", ""amministrative"", ""risultati comunali 2026"", ""chi ha vinto a venezia"", ""elezioni comunali 2026 affluenza"", ""spoglio elettorale"", ""exit poll venezia 2026""]",2026-05-26T06:37:10.398025+00:00
IT:roberta bruzzone,IT,roberta bruzzone,roberta bruzzone,20000,1000,1779704400,,[11],"[""roberta bruzzone""]",2026-05-26T06:37:10.398025+00:00
IT:igor protti,IT,igor protti,igor protti,20000,1000,1779716400,,[11],"[""igor protti""]",2026-05-26T06:37:10.398025+00:00
IT:vincenzo de luca,IT,vincenzo de luca,vincenzo de luca,20000,900,1779714600,,[14],"[""vincenzo de luca"", ""de luca"", ""elezioni salerno"", ""elezioni salerno 2026"", ""salerno"", ""de luca salerno"", ""elezioni comunali salerno"", ""salerno notizie"", ""salerno elezioni"", ""sindaco salerno"", ""elezioni comunali avellino"", ""elezioni afragola"", ""de luca vincenzo""]",2026-05-26T06:37:10.398025+00:00
IT:venezia elezioni,IT,venezia elezioni,venezia elezioni,50000,1000,1779714600,,[14],"[""venezia elezioni"", ""simone venturini"", ""sindaco venezia"", ""venezia"", ""venturini venezia"", ""venturini"", ""exit poll venezia"", ""elezioni comunali venezia"", ""elezioni comunali venezia 2026"", ""andrea martella"", ""comune di venezia"", ""venezia elezioni comunali"", ""venturini venezia partito"", ""comunali venezia 2026"", ""sindaco di venezia"", ""simone venturini partito politico"", ""venezia exit poll"", ""nuovo sindaco di venezia"", ""venezia today""]",2026-05-26T06:37:10.398025+00:00
IT:eligendo comunali,IT,eligendo comunali,eligendo comunali,20000,1000,1779714600,,[14],"[""eligendo comunali"", ""reggio calabria"", ""consiglieri comunali reggio calabria"", ""exit poll"", ""eligendo amministrative 2026"", ""francesco cannizzaro"", ""cannizzaro reggio calabria"", ""preferenze elezioni comunali"", ""cannizzaro"", ""scrutini comunali 2026""]",2026-05-26T06:37:10.398025+00:00
IT:erri de luca,IT,erri de luca,erri de luca,10000,1000,1779703800,,[11],"[""erri de luca"", ""erri de luca sionista""]",2026-05-26T06:37:10.398025+00:00
IT:istituto europeo di oncologia,IT,istituto europeo di oncologia,istituto europeo di oncologia,20000,1000,1779712200,,[7],"[""istituto europeo di oncologia""]",2026-05-26T06:37:10.398025+00:00
IT:ebola milano,IT,ebola milano,ebola milano,20000,1000,1779716400,,"[10, 7]","[""ebola milano"", ""uganda"", ""ebola sintomi"", ""ebola a milano"", ""ebola italia"", ""ebola comasco"", ""ebola come si trasmette"", ""ebola"", ""ebola como"", ""ebola lurate caccivio""]",2026-05-26T06:37:10.398025+00:00
IT:gattuso,IT,gattuso,gattuso,10000,1000,1779715800,,[17],"[""gattuso"", ""gattuso lazio"", ""gennaro gattuso""]",2026-05-26T06:37:10.398025+00:00
IT:magnifica humanitas,IT,magnifica humanitas,magnifica humanitas,10000,500,1779694200,,[11],"[""magnifica humanitas"", ""enciclica papa leone"", ""enciclica"", ""magnifica humanitas pdf"", ""enciclica papa leone xiv""]",2026-05-26T06:37:10.398025+00:00
IT:riccardo trevisani,IT,riccardo trevisani,riccardo trevisani,10000,1000,1779699000,,[17],"[""riccardo trevisani""]",2026-05-26T06:37:10.398025+00:00
IT:previsione meteorologica,IT,previsione meteorologica,previsione meteorologica,5000,1000,1779765000,,[20],"[""previsione meteorologica"", ""caldo anomalo"", ""meteo giugno 2026""]",2026-05-26T06:37:10.398025+00:00
IT:evelina sgarbi,IT,evelina sgarbi,evelina sgarbi,5000,900,1779714600,,[11],"[""evelina sgarbi""]",2026-05-26T06:37:10.398025+00:00
IT:andoni iraola,IT,andoni iraola,andoni iraola,20000,800,1779719400,,[17],"[""andoni iraola"", ""iraola allenatore"", ""iraola milan"", ""allenatore milan"", ""xavi"", ""massimiliano allegri"", ""conte milan"", ""nuovo allenatore milan"", ""allenatore"", ""gerry cardinale"", ""esonero allegri"", ""furlani"", ""moncada"", ""casa milan"", ""moncada milan"", ""giorgio furlani"", ""allegri esonerato"", ""comunicato milan"", ""furlani milan"", ""geoffrey moncada"", ""cardinale"", ""esonerato allegri""]",2026-05-26T06:37:10.398025+00:00
IT:insetti,IT,insetti,insetti,5000,700,1779724200,,[11],"[""insetti""]",2026-05-26T06:37:10.398025+00:00
IT:gasolio,IT,gasolio,gasolio,10000,1000,1779706800,,[3],"[""gasolio""]",2026-05-26T06:37:10.398025+00:00
IT:bianca balti,IT,bianca balti,bianca balti,2000,900,1779736800,,[4],"[""bianca balti""]",2026-05-26T06:37:10.398025+00:00
IT:belen,IT,belen,belen,5000,600,1779730200,,[11],"[""belen"", ""belen incidente"", ""leggo""]",2026-05-26T06:37:10.398025+00:00
IT:emendamento,IT,emendamento,emendamento,5000,900,1779697200,,[10],"[""emendamento""]",2026-05-26T06:37:10.398025+00:00
IT:ferrari luce prezzo,IT,ferrari luce prezzo,ferrari luce prezzo,2000,600,1779741000,,[1],"[""ferrari luce prezzo"", ""ferrari luce presentazione"", ""prezzo ferrari luce"", ""ferrari elettrica"", ""presentazione ferrari luce""]",2026-05-26T06:37:10.398025+00:00
IT:francesca chillemi,IT,francesca chillemi,francesca chillemi,2000,700,1779740400,,[4],"[""francesca chillemi""]",2026-05-26T06:37:10.398025+00:00
IT:elezioni lecco,IT,elezioni lecco,elezioni lecco,10000,800,1779715200,,[14],"[""elezioni lecco"", ""lecco"", ""lecco elezioni"", ""elezioni lecco 2026"", ""lecco notizie"", ""elezioni comunali lecco""]",2026-05-26T06:37:10.398025+00:00
IT:sofia bombardini,IT,sofia bombardini,sofia bombardini,10000,1000,1779709800,,[4],"[""sofia bombardini"", ""giorgia palmas""]",2026-05-26T06:37:10.398025+00:00
IT:agrigento notizie,IT,agrigento notizie,agrigento notizie,5000,300,1779715800,,[14],"[""agrigento notizie"", ""elezioni agrigento"", ""elezioni agrigento 2026"", ""agrigento elezioni"", ""agrigento oggi"", ""agrigento""]",2026-05-26T06:37:10.398025+00:00
IT:patrimonio,IT,patrimonio,patrimonio,2000,600,1779717000,,[3],"[""patrimonio""]",2026-05-26T06:37:10.398025+00:00
IT:kylie minogue,IT,kylie minogue,kylie minogue,2000,600,1779727200,,[4],"[""kylie minogue""]",2026-05-26T06:37:10.398025+00:00
IT:cavaliers - knicks,IT,cavaliers - knicks,cavaliers - knicks,5000,1000,1779756600,,[17],"[""cavaliers - knicks"", ""cavaliers vs knicks""]",2026-05-26T06:37:10.398025+00:00
IT:spalletti juve,IT,spalletti juve,spalletti juve,5000,600,1779706200,,[17],"[""spalletti juve"", ""randal kolo muani""]",2026-05-26T06:37:10.398025+00:00
IT:gael monfils,IT,gaël monfils,gael monfils,5000,900,1779733800,,[17],"[""gaël monfils"", ""monfils"", ""gael monfils""]",2026-05-26T06:37:10.398025+00:00
IT:alberta,IT,alberta,alberta,2000,500,1779714000,,[11],"[""alberta""]",2026-05-26T06:37:10.398025+00:00
IT:sonny rollins,IT,sonny rollins,sonny rollins,1000,1000,1779769800,,[4],"[""sonny rollins""]",2026-05-26T06:37:10.398025+00:00
IT:arma dei carabinieri,IT,arma dei carabinieri,arma dei carabinieri,5000,700,1779702600,,[10],"[""arma dei carabinieri""]",2026-05-26T06:37:10.398025+00:00
IT:paolo maldini,IT,paolo maldini,paolo maldini,2000,1000,1779769200,,[17],"[""paolo maldini"", ""maldini""]",2026-05-26T06:37:10.398025+00:00
IT:vannacci sondaggi,IT,vannacci sondaggi,vannacci sondaggi,5000,1000,1779772800,,[14],"[""vannacci sondaggi"", ""fratelli d'italia"", ""sondaggi"", ""la7"", ""la 7""]",2026-05-26T06:37:10.398025+00:00
IT:elezioni messina,IT,elezioni messina,elezioni messina,5000,400,1779716400,,[14],"[""elezioni messina"", ""elezioni messina 2026"", ""elezioni comunali messina 2026"", ""tempostretto"", ""messina elezioni"", ""exit pool"", ""elezioni enna"", ""messina""]",2026-05-26T06:37:10.398025+00:00
IT:san filippo neri,IT,san filippo neri,san filippo neri,1000,900,1779766800,,[11],"[""san filippo neri""]",2026-05-26T06:37:10.398025+00:00
IT:matteo salvini,IT,matteo salvini,matteo salvini,1000,1000,1779772200,,[10],"[""matteo salvini""]",2026-05-26T06:37:10.398025+00:00
IT:2 giugno,IT,2 giugno,2 giugno,5000,700,1779718200,,[20],"[""2 giugno""]",2026-05-26T06:37:10.398025+00:00
IT:wolfsburg,IT,wolfsburg,wolfsburg,5000,500,1779736800,,[17],"[""wolfsburg"", ""paderborn 07 - wolfsburg"", ""sc paderborn – wolfsburg"", ""paderborn wolfsburg"", ""paderborn"", ""relegation bundesliga""]",2026-05-26T06:37:10.398025+00:00
IT:26 maggio,IT,26 maggio,26 maggio,2000,300,1779691200,,[11],"[""26 maggio""]",2026-05-26T06:37:10.398025+00:00
IT:iran,IT,iran,iran,2000,100,1779769800,,"[14, 10]","[""iran""]",2026-05-26T06:37:10.398025+00:00
IT:cobolli pellegrino,IT,cobolli pellegrino,cobolli pellegrino,20000,600,1779720000,,"[17, 4]","[""cobolli pellegrino"", ""flavio cobolli"", ""pellegrino andrea""]",2026-05-26T06:37:10.398025+00:00
IT:raimondo todaro,IT,raimondo todaro,raimondo todaro,20000,1000,1779711600,1779775800,[4],"[""raimondo todaro""]",2026-05-26T06:37:10.398025+00:00
IT:elezioni viareggio,IT,elezioni viareggio,elezioni viareggio,5000,600,1779715800,,[14],"[""elezioni viareggio"", ""elezioni viareggio 2026"", ""viareggio elezioni""]",2026-05-26T06:37:10.398025+00:00
IT:paola caputo,IT,paola caputo,paola caputo,2000,300,1779736800,,[11],"[""paola caputo"", ""soter mule""]",2026-05-26T06:37:10.398025+00:00
IT:vigevano,IT,vigevano,vigevano,1000,300,1779730800,,"[14, 10]","[""vigevano""]",2026-05-26T06:37:10.398025+00:00
IT:vigevano elezioni,IT,vigevano elezioni,vigevano elezioni,2000,500,1779727200,,[14],"[""vigevano elezioni"", ""elezioni mantova""]",2026-05-26T06:37:10.398025+00:00
IT:elezioni chieti,IT,elezioni chieti,elezioni chieti,5000,300,1779716400,,[14],"[""elezioni chieti"", ""votazioni"", ""elezioni chieti 2026"", ""rete8"", ""chieti elezioni""]",2026-05-26T06:37:10.398025+00:00
IT:donald trump,IT,donald trump,donald trump,1000,500,1779771600,,[14],"[""donald trump""]",2026-05-26T06:37:10.398025+00:00
IT:simone moro,IT,simone moro,simone moro,2000,400,1779723000,,[11],"[""simone moro""]",2026-05-26T06:37:10.398025+00:00
IT:nate jacobs,IT,nate jacobs,nate jacobs,2000,300,1779733200,,[4],"[""nate jacobs"", ""jacob elordi"", ""euphoria""]",2026-05-26T06:37:10.398025+00:00
IT:vladimiro crisafulli,IT,vladimiro crisafulli,vladimiro crisafulli,500,500,1779768600,,[14],"[""vladimiro crisafulli""]",2026-05-26T06:37:10.398025+00:00
IT:elezioni macerata,IT,elezioni macerata,elezioni macerata,5000,400,1779717000,,[14],"[""elezioni macerata"", ""cronache maceratesi"", ""elezioni macerata 2026"", ""corriere adriatico"", ""exit poll macerata""]",2026-05-26T06:37:10.398025+00:00
IT:lecceprima,IT,lecceprima,lecceprima,5000,100,1779767400,,[10],"[""lecceprima"", ""lecce prima"", ""carabinieri"", ""corriere salentino""]",2026-05-26T06:37:10.398025+00:00
IT:referendum,IT,referendum,referendum,2000,1000,1779726000,,[14],"[""referendum""]",2026-05-26T06:37:10.398025+00:00
IT:knicks,IT,knicks,knicks,500,200,1779754800,,"[17, 4]","[""knicks""]",2026-05-26T06:37:10.398025+00:00
IT:alisson,IT,alisson,alisson,1000,300,1779737400,,[17],"[""alisson""]",2026-05-26T06:37:10.398025+00:00
IT:cina,IT,cina,cina,5000,300,1779710400,1779774600,[14],"[""cina"", ""usa iran"", ""israeliano""]",2026-05-26T06:37:10.398025+00:00
IT:stefania constantini,IT,stefania constantini,stefania constantini,1000,400,1779733200,,[17],"[""stefania constantini""]",2026-05-26T06:37:10.398025+00:00
IT:assegno di inclusione,IT,assegno di inclusione,assegno di inclusione,2000,300,1779703800,,[10],"[""assegno di inclusione"", ""pagamento""]",2026-05-26T06:37:10.398025+00:00
IT:robertson,IT,robertson,robertson,1000,500,1779739800,,[17],"[""robertson"", ""andrew robertson""]",2026-05-26T06:37:10.398025+00:00
IT:convocazioni italia,IT,convocazioni italia,convocazioni italia,5000,300,1779738600,,[17],"[""convocazioni italia"", ""convocati italia"", ""convocati italia baldini"", ""faticanti"", ""italia calcio"", ""baldini"", ""daffara"", ""favasuli"", ""samuele inacio"", ""camarda"", ""dagasso""]",2026-05-26T06:37:10.398025+00:00
IT:bikini,IT,bikini,bikini,1000,200,1779734400,,"[17, 4]","[""bikini""]",2026-05-26T06:37:10.398025+00:00
IT:leopardo delle nevi,IT,leopardo delle nevi,leopardo delle nevi,500,200,1779738000,,"[8, 13]","[""leopardo delle nevi""]",2026-05-26T06:37:10.398025+00:00
IT:mf milano finanza,IT,mf milano finanza,mf milano finanza,200,600,1779771000,,[3],"[""mf milano finanza""]",2026-05-26T06:37:10.398025+00:00
IT:voti consiglieri comunali,IT,voti consiglieri comunali,voti consiglieri comunali,1000,300,1779769200,,"[14, 10]","[""voti consiglieri comunali"", ""elezioni crotone"", ""crotone"", ""exit poll crotone""]",2026-05-26T06:37:10.398025+00:00
IT:buongiorno martedi 26 maggio,IT,buongiorno martedi 26 maggio,buongiorno martedi 26 maggio,200,500,1779774000,,[11],"[""buongiorno martedi 26 maggio"", ""buongiorno 26 maggio 2026""]",2026-05-26T06:37:10.398025+00:00
IT:gazzetta del sud,IT,gazzetta del sud,gazzetta del sud,2000,100,1779717600,,[14],"[""gazzetta del sud"", ""elezioni barcellona pozzo di gotto""]",2026-05-26T06:37:10.398025+00:00
IT:michael douglas,IT,michael douglas,michael douglas,500,300,1779738600,,[4],"[""michael douglas""]",2026-05-26T06:37:10.398025+00:00
IT:ilaria salis,IT,ilaria salis,ilaria salis,500,300,1779742200,,[14],"[""ilaria salis""]",2026-05-26T06:37:10.398025+00:00
IT:xiaomi,IT,xiaomi,xiaomi,1000,100,1779729600,,[18],"[""xiaomi""]",2026-05-26T06:37:10.398025+00:00
IT:cavalcavia,IT,cavalcavia,cavalcavia,500,200,1779739800,,[3],"[""cavalcavia""]",2026-05-26T06:37:10.398025+00:00
IT:maria scicolone,IT,maria scicolone,maria scicolone,500,400,1779775800,,[4],"[""maria scicolone""]",2026-05-26T06:37:10.398025+00:00
IT:elezioni vigevano 2026,IT,elezioni vigevano 2026,elezioni vigevano 2026,1000,300,1779720600,,"[14, 10]","[""elezioni vigevano 2026"", ""elezioni voghera""]",2026-05-26T06:37:10.398025+00:00
IT:liguria,IT,liguria,liguria,100,400,1779774000,,"[14, 10]","[""liguria""]",2026-05-26T06:37:10.398025+00:00
IT:nato,IT,nato,nato,5000,400,1779705600,1779775800,"[14, 10]","[""nato""]",2026-05-26T06:37:10.398025+00:00
IT:concorso,IT,concorso,concorso,10000,1000,1779712800,1779751200,"[10, 9]","[""concorso""]",2026-05-26T06:37:10.398025+00:00
IT:milanotoday,IT,milanotoday,milanotoday,5000,200,1779720000,1779773400,[4],"[""milanotoday"", ""belen isola dei famosi""]",2026-05-26T06:37:10.398025+00:00
IT:jasmine paolini,IT,jasmine paolini,jasmine paolini,20000,1000,1779700200,1779720000,[17],"[""jasmine paolini"", ""paolini"", ""paolini oggi"", ""yastremska""]",2026-05-26T06:37:10.398025+00:00
IT:new york knicks,IT,new york knicks,new york knicks,200,200,1779772200,,[17],"[""new york knicks""]",2026-05-26T06:37:10.398025+00:00
IT:elezioni arezzo,IT,elezioni arezzo,elezioni arezzo,10000,500,1779715800,1779777000,[14],"[""elezioni arezzo"", ""elezioni pistoia"", ""arezzo notizie"", ""elezioni arezzo 2026"", ""pistoia elezioni"", ""arezzo"", ""exit poll pistoia"", ""elezioni sesto fiorentino"", ""elezioni comunali arezzo"", ""exit poll arezzo"", ""arezzo elezioni"", ""exit poll prato""]",2026-05-26T06:37:10.398025+00:00
IT:elezioni avellino,IT,elezioni avellino,elezioni avellino,5000,700,1779715200,1779777000,[14],"[""elezioni avellino"", ""elezioni avellino 2026"", ""avellino elezioni"", ""nello pizza"", ""amministrative avellino"", ""sindaco avellino"", ""exit poll avellino"", ""irpinia news""]",2026-05-26T06:37:10.398025+00:00
IT:berrettini oggi,IT,berrettini oggi,berrettini oggi,20000,700,1779700800,1779738600,"[17, 4]","[""berrettini oggi"", ""matteo berrettini"", ""márton fucsovics"", ""berrettini"", ""fucsovics""]",2026-05-26T06:37:10.398025+00:00
IT:allegri napoli,IT,allegri napoli,allegri napoli,2000,400,1779710400,1779777000,[17],"[""allegri napoli"", ""nuovo allenatore napoli"", ""max allegri""]",2026-05-26T06:37:10.398025+00:00
IT:paolo zampolli,IT,paolo zampolli,paolo zampolli,2000,500,1779711000,1779762600,[11],"[""paolo zampolli""]",2026-05-26T06:37:10.398025+00:00
IT:elena pietrini,IT,elena pietrini,elena pietrini,2000,700,1779717000,1779775200,[17],"[""elena pietrini""]",2026-05-26T06:37:10.398025+00:00
IT:sciopero 29 maggio,IT,sciopero 29 maggio,sciopero 29 maggio,500,200,1779775200,,[11],"[""sciopero 29 maggio""]",2026-05-26T06:37:10.398025+00:00
IT:3bmeteo,IT,3bmeteo,3bmeteo,1000,100,1779767400,1779772800,[20],"[""3bmeteo""]",2026-05-26T06:37:10.398025+00:00
IT:hugo gaston,IT,hugo gaston,hugo gaston,2000,600,1779733800,1779775800,"[17, 4]","[""hugo gaston""]",2026-05-26T06:37:10.398025+00:00
IT:convocati spagna mondiali 2026,IT,convocati spagna mondiali 2026,convocati spagna mondiali 2026,2000,400,1779709800,1779776400,[17],"[""convocati spagna mondiali 2026""]",2026-05-26T06:37:10.398025+00:00
IT:atac,IT,atac,atac,2000,400,1779731400,1779777000,[11],"[""atac"", ""multa""]",2026-05-26T06:37:10.398025+00:00
IT:coratolive,IT,coratolive,coratolive,2000,300,1779715200,1779774600,[14],"[""coratolive"", ""corato live""]",2026-05-26T06:37:10.398025+00:00
IT:greenwood,IT,greenwood,greenwood,200,300,1779742200,,[17],"[""greenwood""]",2026-05-26T06:37:10.398025+00:00
IT:verona - fortitudo bologna,IT,verona - fortitudo bologna,verona - fortitudo bologna,2000,1000,1779733800,1779772800,[17],"[""verona - fortitudo bologna"", ""fortitudo"", ""verona fortitudo"", ""fortitudo bologna""]",2026-05-26T06:37:10.398025+00:00
IT:finale di uefa champions league,IT,finale di uefa champions league,finale di uefa champions league,2000,600,1779701400,1779742200,[17],"[""finale di uefa champions league""]",2026-05-26T06:37:10.398025+00:00
IT:ultras,IT,ultras,ultras,1000,200,1779727200,1779775800,[17],"[""ultras"", ""marco leonardo basoccu""]",2026-05-26T06:37:10.398025+00:00
IT:bologna,IT,bologna,bologna,200,200,1779770400,1779777000,[19],"[""bologna""]",2026-05-26T06:37:10.398025+00:00
IT:jesper de jong,IT,jesper de jong,jesper de jong,2000,400,1779711000,1779774000,[17],"[""jesper de jong""]",2026-05-26T06:37:10.398025+00:00
IT:memorial day 2026,IT,memorial day 2026,memorial day 2026,2000,200,1779691200,1779744600,[11],"[""memorial day 2026""]",2026-05-26T06:37:10.398025+00:00
IT:ministero dell'interno,IT,ministero dell'interno,ministero dell'interno,2000,300,1779714600,1779746400,[10],"[""ministero dell'interno""]",2026-05-26T06:37:10.398025+00:00
IT:palladino,IT,palladino,palladino,2000,300,1779717600,1779752400,[17],"[""palladino""]",2026-05-26T06:37:10.398025+00:00
IT:elezioni prato,IT,elezioni prato,elezioni prato,2000,600,1779714600,1779739800,[14],"[""elezioni prato"", ""elezioni sindaco prato 2026"", ""notizie di prato"", ""elezioni comunali prato""]",2026-05-26T06:37:10.398025+00:00
IT:wawrinka,IT,wawrinka,wawrinka,2000,300,1779714000,1779775800,[17],"[""wawrinka"", ""stan wawrinka""]",2026-05-26T06:37:10.398025+00:00
IT:elezioni legnano,IT,elezioni legnano,elezioni legnano,2000,300,1779718200,1779775200,"[14, 10]","[""elezioni legnano"", ""legnano news""]",2026-05-26T06:37:10.398025+00:00
IT:corropoli,IT,corropoli,corropoli,5000,1000,1779734400,1779739800,[4],"[""corropoli""]",2026-05-26T06:37:10.398025+00:00
IT:grandangolo agrigento,IT,grandangolo agrigento,grandangolo agrigento,2000,400,1779718800,1779745200,"[10, 14]","[""grandangolo agrigento""]",2026-05-26T06:37:10.398025+00:00
IT:brescia - trieste,IT,brescia - trieste,brescia - trieste,2000,1000,1779732000,1779742800,[17],"[""brescia - trieste"", ""germani brescia"", ""brescia trieste basket"", ""brescia trieste"", ""brescia basket""]",2026-05-26T06:37:10.398025+00:00
IT:elezioni comunali ariano irpino 2026,IT,elezioni comunali ariano irpino 2026,elezioni comunali ariano irpino 2026,1000,400,1779731400,1779776400,[14],"[""elezioni comunali ariano irpino 2026"", ""ottopagine""]",2026-05-26T06:37:10.398025+00:00
IT:ministero interno elezioni,IT,ministero interno elezioni,ministero interno elezioni,2000,400,1779716400,1779746400,[14],"[""ministero interno elezioni"", ""elezioni san giovanni la punta 2026""]",2026-05-26T06:37:10.398025+00:00
IT:marc marquez,IT,marc marquez,marc marquez,1000,300,1779739200,1779774600,[17],"[""marc marquez"", ""marc márquez""]",2026-05-26T06:37:10.398025+00:00
IT:cesaroni,IT,cesaroni,cesaroni,500,100,1779774000,1779777000,[4],"[""cesaroni"", ""cesaroni il ritorno""]",2026-05-26T06:37:10.398025+00:00
IT:vivere senigallia,IT,vivere senigallia,vivere senigallia,2000,300,1779714600,1779738600,"[14, 10]","[""vivere senigallia"", ""elezioni senigallia""]",2026-05-26T06:37:10.398025+00:00
IT:lucio dalla,IT,lucio dalla,lucio dalla,1000,300,1779703200,1779777000,[4],"[""lucio dalla""]",2026-05-26T06:37:10.398025+00:00
IT:terremoto,IT,terremoto,terremoto,5000,1000,1779736800,1779741000,[20],"[""terremoto""]",2026-05-26T06:37:10.398025+00:00
IT:margherita ii di danimarca,IT,margherita ii di danimarca,margherita ii di danimarca,2000,400,1779699000,1779729600,[7],"[""margherita ii di danimarca""]",2026-05-26T06:37:10.398025+00:00
IT:ballerina,IT,ballerina,ballerina,2000,400,1779704400,1779739200,[4],"[""ballerina""]",2026-05-26T06:37:10.398025+00:00
IT:sarri atalanta,IT,sarri atalanta,sarri atalanta,1000,200,1779718200,1779774600,[17],"[""sarri atalanta""]",2026-05-26T06:37:10.398025+00:00
IT:tp24,IT,tp24,tp24,2000,200,1779715200,1779739200,[14],"[""tp24"", ""elezioni marsala""]",2026-05-26T06:37:10.398025+00:00
IT:elezioni fermo,IT,elezioni fermo,elezioni fermo,2000,400,1779720600,1779739200,"[14, 10]","[""elezioni fermo"", ""elezioni fermo 2026"", ""cronache fermane"", ""elezioni comunali fermo""]",2026-05-26T06:37:10.398025+00:00
IT:elezioni castelfranco veneto,IT,elezioni castelfranco veneto,elezioni castelfranco veneto,1000,300,1779718800,1779775200,[14],"[""elezioni castelfranco veneto""]",2026-05-26T06:37:10.398025+00:00
IT:frederic vasseur,IT,frederic vasseur,frederic vasseur,1000,300,1779704400,1779738000,[17],"[""frederic vasseur""]",2026-05-26T06:37:10.398025+00:00
IT:ferrari,IT,ferrari,ferrari,2000,500,1779741000,1779748200,[1],"[""ferrari""]",2026-05-26T06:37:10.398025+00:00
IT:quando gioca sinner?,IT,quando gioca sinner?,quando gioca sinner?,2000,800,1779718200,1779733200,"[17, 4]","[""quando gioca sinner?"", ""parigi""]",2026-05-26T06:37:10.398025+00:00
IT:impugnazione,IT,impugnazione,impugnazione,1000,400,1779705600,1779733800,[10],"[""impugnazione""]",2026-05-26T06:37:10.398025+00:00
IT:jiri lehecka,IT,jiří lehečka,jiri lehecka,2000,700,1779701400,1779719400,[17],"[""jiří lehečka"", ""pablo carreño busta""]",2026-05-26T06:37:10.398025+00:00
IT:shayda,IT,shayda,shayda,1000,500,1779733800,1779748200,[4],"[""shayda"", ""shayda film""]",2026-05-26T06:37:10.398025+00:00
IT:the boroughs,IT,the boroughs,the boroughs,1000,200,1779738000,1779749400,[4],"[""the boroughs""]",2026-05-26T06:37:10.398025+00:00
IT:gallipoli,IT,gallipoli,gallipoli,500,200,1779736800,1779775200,"[14, 10]","[""gallipoli""]",2026-05-26T06:37:10.398025+00:00
IT:the unknown fino all'ultimo bivio,IT,the unknown fino all'ultimo bivio,the unknown fino all'ultimo bivio,1000,600,1779738000,1779749400,[4],"[""the unknown fino all'ultimo bivio""]",2026-05-26T06:37:10.398025+00:00
IT:parma u-20 - cesena u-20,IT,parma u-20 - cesena u-20,parma u-20 - cesena u-20,1000,400,1779734400,1779747600,[17],"[""parma u-20 - cesena u-20"", ""primavera 1""]",2026-05-26T06:37:10.398025+00:00
IT:elezioni angri,IT,elezioni angri,elezioni angri,200,200,1779735000,1779775800,[14],"[""elezioni angri""]",2026-05-26T06:37:10.398025+00:00
IT:coca,IT,coca,coca,1000,500,1779714600,1779732000,[17],"[""coca""]",2026-05-26T06:37:10.398025+00:00
IT:luciano spalletti,IT,luciano spalletti,luciano spalletti,2000,1000,1779704400,1779713400,[17],"[""luciano spalletti""]",2026-05-26T06:37:10.398025+00:00
IT:ebola virus,IT,ebola virus,ebola virus,1000,300,1779718200,1779737400,"[10, 7]","[""ebola virus""]",2026-05-26T06:37:10.398025+00:00
IT:ben shelton,IT,ben shelton,ben shelton,1000,1000,1779729000,1779736800,[17],"[""ben shelton""]",2026-05-26T06:37:10.398025+00:00
IT:elezioni imola,IT,elezioni imola,elezioni imola,1000,300,1779719400,1779739800,[14],"[""elezioni imola""]",2026-05-26T06:37:10.398025+00:00
IT:hakan safi,IT,hakan safi,hakan safi,500,400,1779732600,1779747600,[17],"[""hakan safi""]",2026-05-26T06:37:10.398025+00:00
IT:liga portugal,IT,liga portugal,liga portugal,1000,300,1779722400,1779740400,[17],"[""liga portugal""]",2026-05-26T06:37:10.398025+00:00
IT:molfettaviva,IT,molfettaviva,molfettaviva,1000,300,1779718200,1779737400,[14],"[""molfettaviva"", ""molfetta viva""]",2026-05-26T06:37:10.398025+00:00
IT:voucher scuola,IT,voucher scuola,voucher scuola,500,200,1779722400,1779772800,[10],"[""voucher scuola""]",2026-05-26T06:37:10.398025+00:00
IT:diego abatantuono,IT,diego abatantuono,diego abatantuono,1000,500,1779715200,1779729000,[4],"[""diego abatantuono""]",2026-05-26T06:37:10.398025+00:00
IT:patto di stabilita e crescita,IT,patto di stabilità e crescita,patto di stabilita e crescita,1000,600,1779694200,1779712800,[3],"[""patto di stabilità e crescita""]",2026-05-26T06:37:10.398025+00:00
IT:teo mammucari,IT,teo mammucari,teo mammucari,1000,200,1779707400,1779773400,[4],"[""teo mammucari""]",2026-05-26T06:37:10.398025+00:00
IT:memorial day,IT,memorial day,memorial day,1000,200,1779693000,1779727200,[10],"[""memorial day""]",2026-05-26T06:37:10.398025+00:00
IT:rieti,IT,rieti,rieti,1000,400,1779702000,1779720000,[10],"[""rieti""]",2026-05-26T06:37:10.398025+00:00
IT:ignazio moser,IT,ignazio moser,ignazio moser,1000,1000,1779735000,1779741600,[4],"[""ignazio moser"", ""cecilia rodriguez""]",2026-05-26T06:37:10.398025+00:00
IT:stintino,IT,stintino,stintino,1000,400,1779710400,1779735000,[11],"[""stintino""]",2026-05-26T06:37:10.398025+00:00
IT:aleksandar kovacevic,IT,aleksandar kovacevic,aleksandar kovacevic,1000,700,1779708600,1779720600,[17],"[""aleksandar kovacevic""]",2026-05-26T06:37:10.398025+00:00
IT:alberto angela,IT,alberto angela,alberto angela,2000,50,1779739800,1779747600,[4],"[""alberto angela"", ""ulisse il piacere della scoperta"", ""tv stasera"", ""ulisse – il piacere della scoperta parigi nascosta""]",2026-05-26T06:37:10.398025+00:00
IT:osaka,IT,osaka,osaka,500,900,1779739200,1779746400,[17],"[""osaka""]",2026-05-26T06:37:10.398025+00:00
IT:montecchio maggiore,IT,montecchio maggiore,montecchio maggiore,1000,300,1779715800,1779732600,[6],"[""montecchio maggiore""]",2026-05-26T06:37:10.398025+00:00
IT:elezioni pistoia 2026,IT,elezioni pistoia 2026,elezioni pistoia 2026,1000,300,1779717600,1779733800,[14],"[""elezioni pistoia 2026"", ""pistoia""]",2026-05-26T06:37:10.398025+00:00
IT:elezioni pompei,IT,elezioni pompei,elezioni pompei,500,200,1779731400,1779772800,[14],"[""elezioni pompei""]",2026-05-26T06:37:10.398025+00:00
IT:luca nardi,IT,luca nardi,luca nardi,1000,700,1779715200,1779726000,[17],"[""luca nardi""]",2026-05-26T06:37:10.398025+00:00
IT:debito pubblico,IT,debito pubblico,debito pubblico,1000,400,1779697200,1779715800,[10],"[""debito pubblico""]",2026-05-26T06:37:10.398025+00:00
IT:gazzetta di mantova,IT,gazzetta di mantova,gazzetta di mantova,1000,100,1779715800,1779770400,[11],"[""gazzetta di mantova""]",2026-05-26T06:37:10.398025+00:00
IT:elezioni portici,IT,elezioni portici,elezioni portici,500,200,1779724800,1779747600,[11],"[""elezioni portici""]",2026-05-26T06:37:10.398025+00:00
IT:grado,IT,grado,grado,1000,1000,1779730200,1779738000,[10],"[""grado""]",2026-05-26T06:37:10.398025+00:00
IT:west ham united football club,IT,west ham united football club,west ham united football club,500,300,1779726600,1779743400,[17],"[""west ham united football club""]",2026-05-26T06:37:10.398025+00:00
IT:acmilan,IT,acmilan,acmilan,1000,600,1779726000,1779735000,[17],"[""acmilan""]",2026-05-26T06:37:10.398025+00:00
IT:roman safiullin,IT,roman safiullin,roman safiullin,500,800,1779731400,1779739200,"[17, 4]","[""roman safiullin""]",2026-05-26T06:37:10.398025+00:00
IT:florentino perez,IT,florentino pérez,florentino perez,500,400,1779739200,1779770400,[17],"[""florentino pérez""]",2026-05-26T06:37:10.398025+00:00
IT:claudia pandolfi,IT,claudia pandolfi,claudia pandolfi,500,500,1779738600,1779746400,[4],"[""claudia pandolfi""]",2026-05-26T06:37:10.398025+00:00
IT:gian piero gasperini,IT,gian piero gasperini,gian piero gasperini,200,200,1779741600,1779775800,[17],"[""gian piero gasperini""]",2026-05-26T06:37:10.398025+00:00
IT:bergamo news,IT,bergamo news,bergamo news,200,50,1779769800,1779773400,[11],"[""bergamo news"", ""ferito""]",2026-05-26T06:37:10.398025+00:00
IT:la sicilia,IT,la sicilia,la sicilia,200,100,1779716400,1779772800,[14],"[""la sicilia""]",2026-05-26T06:37:10.398025+00:00
IT:nicosia,IT,nicosia,nicosia,1000,1000,1779726000,1779731400,[14],"[""nicosia""]",2026-05-26T06:37:10.398025+00:00
IT:francesca jones,IT,francesca jones,francesca jones,500,200,1779709200,1779738600,[17],"[""francesca jones""]",2026-05-26T06:37:10.398025+00:00
IT:oddenino,IT,oddenino,oddenino,500,300,1779701400,1779715800,[11],"[""oddenino""]",2026-05-26T06:37:10.398025+00:00
IT:plan de corones,IT,plan de corones,plan de corones,500,400,1779736200,1779743400,[3],"[""plan de corones""]",2026-05-26T06:37:10.398025+00:00
IT:edoardo leo,IT,edoardo leo,edoardo leo,200,300,1779738600,1779746400,[4],"[""edoardo leo""]",2026-05-26T06:37:10.398025+00:00
IT:centotrentuno,IT,centotrentuno,centotrentuno,1000,300,1779706800,1779734400,[17],"[""centotrentuno"", ""coppa italia 2026 27""]",2026-05-26T06:37:10.398025+00:00
IT:longevita,IT,longevità,longevita,500,300,1779704400,1779716400,[11],"[""longevità""]",2026-05-26T06:37:10.398025+00:00
IT:wu yibing,IT,wu yibing,wu yibing,500,200,1779735600,1779744000,[17],"[""wu yibing""]",2026-05-26T06:37:10.398025+00:00
IT:cosenza channel,IT,cosenza channel,cosenza channel,500,300,1779719400,1779729000,"[14, 10]","[""cosenza channel""]",2026-05-26T06:37:10.398025+00:00
IT:elezioni albano laziale 2026,IT,elezioni albano laziale 2026,elezioni albano laziale 2026,500,300,1779725400,1779738600,[14],"[""elezioni albano laziale 2026""]",2026-05-26T06:37:10.398025+00:00
IT:marco ferdico,IT,marco ferdico,marco ferdico,200,200,1779730800,1779752400,[10],"[""marco ferdico""]",2026-05-26T06:37:10.398025+00:00
IT:bianco,IT,bianco,bianco,500,300,1779714000,1779723000,[14],"[""bianco""]",2026-05-26T06:37:10.398025+00:00
IT:rapid bucuresti - universitatea craiova,IT,rapid bucureşti - universitatea craiova,rapid bucuresti - universitatea craiova,500,400,1779729000,1779736800,[17],"[""rapid bucureşti - universitatea craiova""]",2026-05-26T06:37:10.398025+00:00
IT:euphoria 3,IT,euphoria 3,euphoria 3,200,50,1779745200,1779753000,[4],"[""euphoria 3""]",2026-05-26T06:37:10.398025+00:00
IT:alain prost,IT,alain prost,alain prost,200,300,1779743400,1779753000,[11],"[""alain prost""]",2026-05-26T06:37:10.398025+00:00
IT:ladies first film,IT,ladies first film,ladies first film,200,200,1779738000,1779745200,[4],"[""ladies first film""]",2026-05-26T06:37:10.398025+00:00
IT:loredana lecciso,IT,loredana lecciso,loredana lecciso,500,1000,1779726000,1779730800,[4],"[""loredana lecciso"", ""lecciso""]",2026-05-26T06:37:10.398025+00:00
IT:tresoldi,IT,tresoldi,tresoldi,500,300,1779730800,1779747600,[17],"[""tresoldi""]",2026-05-26T06:37:10.398025+00:00
IT:nairobi,IT,nairobi,nairobi,200,400,1779741600,1779746400,"[19, 4]","[""nairobi""]",2026-05-26T06:37:10.398025+00:00
IT:ignacio buse,IT,ignacio buse,ignacio buse,1000,400,1779721800,1779734400,[17],"[""ignacio buse""]",2026-05-26T06:37:10.398025+00:00
IT:bastogi roma,IT,bastogi roma,bastogi roma,200,1000,1779743400,1779747600,[11],"[""bastogi roma""]",2026-05-26T06:37:10.398025+00:00
IT:daredevil,IT,daredevil,daredevil,200,300,1779748200,1779754200,[4],"[""daredevil""]",2026-05-26T06:37:10.398025+00:00
IT:naomi campbell,IT,naomi campbell,naomi campbell,200,900,1779744000,1779748200,"[2, 4]","[""naomi campbell""]",2026-05-26T06:37:10.398025+00:00
IT:elezioni faenza,IT,elezioni faenza,elezioni faenza,500,200,1779718200,1779728400,[14],"[""elezioni faenza""]",2026-05-26T06:37:10.398025+00:00
IT:luciano garofano,IT,luciano garofano,luciano garofano,500,400,1779734400,1779739200,[11],"[""luciano garofano""]",2026-05-26T06:37:10.398025+00:00
IT:alex de minaur,IT,alex de minaur,alex de minaur,1000,1000,1779702600,1779709200,[17],"[""alex de minaur""]",2026-05-26T06:37:10.398025+00:00
IT:concorso carabinieri 2026,IT,concorso carabinieri 2026,concorso carabinieri 2026,500,200,1779724800,1779733200,"[10, 9]","[""concorso carabinieri 2026""]",2026-05-26T06:37:10.398025+00:00
IT:prime pagine sportive,IT,prime pagine sportive,prime pagine sportive,100,50,1779766800,1779773400,[17],"[""prime pagine sportive""]",2026-05-26T06:37:10.398025+00:00
IT:palantir,IT,palantir,palantir,200,300,1779740400,1779745200,[3],"[""palantir""]",2026-05-26T06:37:10.398025+00:00
IT:toni matarrelli,IT,toni matarrelli,toni matarrelli,200,300,1779734400,1779744000,[11],"[""toni matarrelli""]",2026-05-26T06:37:10.398025+00:00
IT:carabinieri concorsi,IT,carabinieri concorsi,carabinieri concorsi,200,300,1779724200,1779732000,[10],"[""carabinieri concorsi""]",2026-05-26T06:37:10.398025+00:00
IT:investimento,IT,investimento,investimento,500,700,1779709200,1779714600,[3],"[""investimento""]",2026-05-26T06:37:10.398025+00:00
IT:elezioni milazzo,IT,elezioni milazzo,elezioni milazzo,500,200,1779719400,1779735600,[14],"[""elezioni milazzo""]",2026-05-26T06:37:10.398025+00:00
IT:umberto galimberti,IT,umberto galimberti,umberto galimberti,200,700,1779741000,1779745200,[11],"[""umberto galimberti""]",2026-05-26T06:37:10.398025+00:00
IT:taverna byron,IT,taverna byron,taverna byron,500,200,1779713400,1779721800,[5],"[""taverna byron""]",2026-05-26T06:37:10.398025+00:00
IT:elezioni san benedetto del tronto,IT,elezioni san benedetto del tronto,elezioni san benedetto del tronto,500,200,1779723000,1779729000,[14],"[""elezioni san benedetto del tronto"", ""riviera oggi""]",2026-05-26T06:37:10.398025+00:00
IT:s.p.a.l.,IT,s.p.a.l.,s.p.a.l.,200,200,1779726000,1779733800,[17],"[""s.p.a.l.""]",2026-05-26T06:37:10.398025+00:00
IT:panama,IT,panama,panama,500,500,1779727200,1779732600,"[14, 10]","[""panama""]",2026-05-26T06:37:10.398025+00:00
IT:serie a 2025-2026,IT,serie a 2025-2026,serie a 2025-2026,200,300,1779734400,1779739800,[17],"[""serie a 2025-2026""]",2026-05-26T06:37:10.398025+00:00
IT:paratici,IT,paratici,paratici,200,200,1779736200,1779741600,[17],"[""paratici""]",2026-05-26T06:37:10.398025+00:00
IT:sergi dominguez,IT,sergi dominguez,sergi dominguez,500,300,1779696000,1779705000,[17],"[""sergi dominguez""]",2026-05-26T06:37:10.398025+00:00
IT:alain delon,IT,alain delon,alain delon,200,500,1779741600,1779745800,[4],"[""alain delon""]",2026-05-26T06:37:10.398025+00:00
IT:olivia rodrigo,IT,olivia rodrigo,olivia rodrigo,200,600,1779733800,1779738000,[4],"[""olivia rodrigo""]",2026-05-26T06:37:10.398025+00:00
IT:dax,IT,dax,dax,200,200,1779736800,1779741600,[3],"[""dax""]",2026-05-26T06:37:10.398025+00:00
IT:giornale di brescia,IT,giornale di brescia,giornale di brescia,100,50,1779766800,1779770400,[11],"[""giornale di brescia""]",2026-05-26T06:37:10.398025+00:00
IT:gaston tennis,IT,gaston tennis,gaston tennis,200,200,1779741600,1779747600,"[17, 4]","[""gaston tennis""]",2026-05-26T06:37:10.398025+00:00
IT:elezioni trentola ducenta,IT,elezioni trentola ducenta,elezioni trentola ducenta,200,300,1779732000,1779737400,"[14, 10]","[""elezioni trentola ducenta""]",2026-05-26T06:37:10.398025+00:00
IT:urbano cairo,IT,urbano cairo,urbano cairo,500,300,1779691800,1779712800,[17],"[""urbano cairo""]",2026-05-26T06:37:10.398025+00:00
IT:shigeru miyamoto,IT,shigeru miyamoto,shigeru miyamoto,200,200,1779726600,1779733200,"[6, 18]","[""shigeru miyamoto""]",2026-05-26T06:37:10.398025+00:00
IT:paola cortellesi,IT,paola cortellesi,paola cortellesi,100,400,1779747600,1779751800,[4],"[""paola cortellesi""]",2026-05-26T06:37:10.398025+00:00
IT:incendio catania,IT,incendio catania,incendio catania,200,300,1779724200,1779729000,[11],"[""incendio catania""]",2026-05-26T06:37:10.398025+00:00
IT:catherine deneuve,IT,catherine deneuve,catherine deneuve,200,500,1779742200,1779745800,[4],"[""catherine deneuve""]",2026-05-26T06:37:10.398025+00:00
IT:emanuele michieletti,IT,emanuele michieletti,emanuele michieletti,500,300,1779695400,1779715200,[10],"[""emanuele michieletti""]",2026-05-26T06:37:10.398025+00:00
IT:elezioni avezzano,IT,elezioni avezzano,elezioni avezzano,200,200,1779729600,1779736200,"[14, 10]","[""elezioni avezzano""]",2026-05-26T06:37:10.398025+00:00
IT:dodo fiorentina,IT,dodo fiorentina,dodo fiorentina,200,200,1779733800,1779738600,[17],"[""dodo fiorentina""]",2026-05-26T06:37:10.398025+00:00
IT:bilbao,IT,bilbao,bilbao,200,200,1779738600,1779742200,[20],"[""bilbao""]",2026-05-26T06:37:10.398025+00:00
IT:cronaca,IT,cronaca,cronaca,200,700,1779732000,1779735600,[11],"[""cronaca"", ""prime pagine""]",2026-05-26T06:37:10.398025+00:00
IT:shakira,IT,shakira,shakira,500,900,1779706200,1779710400,[4],"[""shakira""]",2026-05-26T06:37:10.398025+00:00
IT:terni,IT,terni,terni,200,500,1779741000,1779744600,[11],"[""terni""]",2026-05-26T06:37:10.398025+00:00
IT:casertanews,IT,casertanews,casertanews,200,300,1779719400,1779725400,[11],"[""casertanews""]",2026-05-26T06:37:10.398025+00:00
IT:la nuova venezia,IT,la nuova venezia,la nuova venezia,500,200,1779716400,1779721200,[11],"[""la nuova venezia""]",2026-05-26T06:37:10.398025+00:00
IT:solana sierra,IT,solana sierra,solana sierra,200,300,1779708600,1779714600,[17],"[""solana sierra""]",2026-05-26T06:37:10.398025+00:00
IT:fabio maresca,IT,fabio maresca,fabio maresca,200,300,1779697800,1779712800,[17],"[""fabio maresca""]",2026-05-26T06:37:10.398025+00:00
IT:raffaele di placido,IT,raffaele di placido,raffaele di placido,200,500,1779733800,1779737400,[4],"[""raffaele di placido""]",2026-05-26T06:37:10.398025+00:00
IT:che tempo che fa,IT,che tempo che fa,che tempo che fa,200,300,1779709200,1779714600,[4],"[""che tempo che fa""]",2026-05-26T06:37:10.398025+00:00
IT:elezioni santa marinella 2026,IT,elezioni santa marinella 2026,elezioni santa marinella 2026,200,200,1779732600,1779739800,[14],"[""elezioni santa marinella 2026""]",2026-05-26T06:37:10.398025+00:00
IT:biarritz,IT,biarritz,biarritz,500,1000,1779706800,1779711000,[4],"[""biarritz""]",2026-05-26T06:37:10.398025+00:00
IT:zheng qinwen,IT,zheng qinwen,zheng qinwen,200,300,1779705600,1779711600,[17],"[""zheng qinwen""]",2026-05-26T06:37:10.398025+00:00
IT:elezioni san bonifacio 2026,IT,elezioni san bonifacio 2026,elezioni san bonifacio 2026,200,200,1779731400,1779736200,"[14, 10]","[""elezioni san bonifacio 2026""]",2026-05-26T06:37:10.398025+00:00
IT:versailles,IT,versailles,versailles,200,400,1779739200,1779742200,[11],"[""versailles""]",2026-05-26T06:37:10.398025+00:00
IT:irpinia tv,IT,irpinia tv,irpinia tv,200,200,1779720000,1779724800,[17],"[""irpinia tv""]",2026-05-26T06:37:10.398025+00:00
IT:thanasi kokkinakis,IT,thanasi kokkinakis,thanasi kokkinakis,500,300,1779723600,1779727800,[17],"[""thanasi kokkinakis"", ""térence atmane""]",2026-05-26T06:37:10.398025+00:00
IT:enhanced games,IT,enhanced games,enhanced games,500,100,1779692400,1779746400,[17],"[""enhanced games""]",2026-05-26T06:37:10.398025+00:00
IT:specchio dei tempi,IT,specchio dei tempi,specchio dei tempi,200,200,1779706800,1779712800,[11],"[""specchio dei tempi""]",2026-05-26T06:37:10.398025+00:00
IT:europa league 2026 27,IT,europa league 2026 27,europa league 2026 27,200,300,1779708000,1779713400,[17],"[""europa league 2026 27""]",2026-05-26T06:37:10.398025+00:00
IT:cesc fabregas,IT,cesc fàbregas,cesc fabregas,200,400,1779729600,1779733200,[17],"[""cesc fàbregas""]",2026-05-26T06:37:10.398025+00:00
IT:paolo benanti,IT,paolo benanti,paolo benanti,200,300,1779739200,1779742200,[11],"[""paolo benanti""]",2026-05-26T06:37:10.398025+00:00
IT:sardegna,IT,sardegna,sardegna,200,200,1779714000,1779718200,[11],"[""sardegna""]",2026-05-26T06:37:10.398025+00:00
IT:basic,IT,basic,basic,200,300,1779700800,1779706200,[17],"[""basic""]",2026-05-26T06:37:10.398025+00:00
IT:festa,IT,festa,festa,100,200,1779735600,1779739800,"[4, 8]","[""festa""]",2026-05-26T06:37:10.398025+00:00
IT:alessia marcuzzi,IT,alessia marcuzzi,alessia marcuzzi,200,400,1779715800,1779720000,"[2, 16]","[""alessia marcuzzi""]",2026-05-26T06:37:10.398025+00:00
IT:lunigiana,IT,lunigiana,lunigiana,200,300,1779708000,1779712800,[10],"[""lunigiana""]",2026-05-26T06:37:10.398025+00:00
IT:alfa romeo,IT,alfa romeo,alfa romeo,200,200,1779708000,1779712200,[1],"[""alfa romeo""]",2026-05-26T06:37:10.398025+00:00
IT:megan gale,IT,megan gale,megan gale,500,100,1779744000,1779745200,[11],"[""megan gale""]",2026-05-26T06:37:10.398025+00:00
IT:alba parietti,IT,alba parietti,alba parietti,200,400,1779712800,1779717000,[4],"[""alba parietti""]",2026-05-26T06:37:10.398025+00:00
IT:elezioni casalnuovo di napoli,IT,elezioni casalnuovo di napoli,elezioni casalnuovo di napoli,100,300,1779734400,1779738000,[14],"[""elezioni casalnuovo di napoli""]",2026-05-26T06:37:10.398025+00:00
IT:arthur rinderknech,IT,arthur rinderknech,arthur rinderknech,200,400,1779714000,1779718200,[17],"[""arthur rinderknech""]",2026-05-26T06:37:10.398025+00:00
IT:sat 1 live,IT,sat 1 live,sat 1 live,100,200,1779741000,1779744000,[17],"[""sat 1 live""]",2026-05-26T06:37:10.398025+00:00
IT:elezioni frattamaggiore 2026,IT,elezioni frattamaggiore 2026,elezioni frattamaggiore 2026,100,300,1779731400,1779735000,[14],"[""elezioni frattamaggiore 2026""]",2026-05-26T06:37:10.398025+00:00
IT:hubert hurkacz,IT,hubert hurkacz,hubert hurkacz,200,300,1779718200,1779729600,[17],"[""hubert hurkacz""]",2026-05-26T06:37:10.398025+00:00
IT:beautiful anticipazioni,IT,beautiful anticipazioni,beautiful anticipazioni,500,100,1779711000,1779714600,[4],"[""beautiful anticipazioni"", ""anticipazioni beautiful""]",2026-05-26T06:37:10.398025+00:00
IT:rimini wellness,IT,rimini wellness,rimini wellness,100,100,1779743400,1779747000,[11],"[""rimini wellness""]",2026-05-26T06:37:10.398025+00:00
IT:gazzettino,IT,gazzettino,gazzettino,200,100,1779717000,1779720000,[11],"[""gazzettino""]",2026-05-26T06:37:10.398025+00:00
IT:miley cyrus,IT,miley cyrus,miley cyrus,200,300,1779709800,1779714000,[4],"[""miley cyrus""]",2026-05-26T06:37:10.398025+00:00
IT:andria,IT,andria,andria,100,300,1779733200,1779736200,"[14, 10]","[""andria""]",2026-05-26T06:37:10.398025+00:00
IT:mina,IT,mina,mina,200,400,1779705000,1779709200,[11],"[""mina""]",2026-05-26T06:37:10.398025+00:00
IT:vivienna,IT,vivienna,vivienna,100,200,1779719400,1779723600,"[14, 10]","[""vivienna""]",2026-05-26T06:37:10.398025+00:00
IT:geena davis,IT,geena davis,geena davis,200,200,1779741000,1779742800,[4],"[""geena davis""]",2026-05-26T06:37:10.398025+00:00
IT:sporting clube de portugal,IT,sporting clube de portugal,sporting clube de portugal,200,300,1779711600,1779715200,[17],"[""sporting clube de portugal""]",2026-05-26T06:37:10.398025+00:00
IT:andrea iannone,IT,andrea iannone,andrea iannone,100,300,1779709800,1779714000,"[17, 1]","[""andrea iannone""]",2026-05-26T06:37:10.398025+00:00
IT:volleyball nations league di pallavolo femminile,IT,volleyball nations league di pallavolo femminile,volleyball nations league di pallavolo femminile,200,300,1779711600,1779715800,[17],"[""volleyball nations league di pallavolo femminile""]",2026-05-26T06:37:10.398025+00:00
IT:ter stegen,IT,ter stegen,ter stegen,200,300,1779724800,1779727200,[17],"[""ter stegen""]",2026-05-26T06:37:10.398025+00:00
IT:jaume munar,IT,jaume munar,jaume munar,200,300,1779726600,1779729000,[17],"[""jaume munar""]",2026-05-26T06:37:10.398025+00:00
IT:bournemouth,IT,bournemouth,bournemouth,200,300,1779734400,1779736800,[17],"[""bournemouth""]",2026-05-26T06:37:10.398025+00:00
IT:ediliziacrobatica,IT,ediliziacrobatica,ediliziacrobatica,200,300,1779717600,1779720600,[3],"[""ediliziacrobatica""]",2026-05-26T06:37:10.398025+00:00
IT:jaqueline cristian,IT,jaqueline cristian,jaqueline cristian,200,400,1779726600,1779728400,"[17, 4]","[""jaqueline cristian""]",2026-05-26T06:37:10.398025+00:00
IT:la nazione,IT,la nazione,la nazione,200,100,1779720000,1779721800,"[3, 10]","[""la nazione""]",2026-05-26T06:37:10.398025+00:00
IT:elezioni albano laziale,IT,elezioni albano laziale,elezioni albano laziale,100,200,1779733800,1779735600,[14],"[""elezioni albano laziale""]",2026-05-26T06:37:10.398025+00:00
IT:milan ac,IT,milan ac,milan ac,100,200,1779728400,1779730200,[17],"[""milan ac""]",2026-05-26T06:37:10.398025+00:00
IT:mark van bommel,IT,mark van bommel,mark van bommel,100,200,1779747600,1779748800,[17],"[""mark van bommel""]",2026-05-26T06:37:10.398025+00:00
IT:avio azioni,IT,avio azioni,avio azioni,200,75,1779694200,1779697200,[3],"[""avio azioni""]",2026-05-26T06:37:10.398025+00:00
IT:elezioni moncalieri,IT,elezioni moncalieri,elezioni moncalieri,100,200,1779732600,1779735000,[14],"[""elezioni moncalieri""]",2026-05-26T06:37:10.398025+00:00
IT:euro stoxx 50,IT,euro stoxx 50,euro stoxx 50,100,300,1779739200,1779740400,[3],"[""euro stoxx 50""]",2026-05-26T06:37:10.398025+00:00
IT:teramo,IT,teramo,teramo,100,200,1779736200,1779737400,[11],"[""teramo""]",2026-05-26T06:37:10.398025+00:00
IT:sky tg24,IT,sky tg24,sky tg24,200,100,1779720000,1779721200,[11],"[""sky tg24""]",2026-05-26T06:37:10.398025+00:00
IT:dirigente scolastico,IT,dirigente scolastico,dirigente scolastico,100,200,1779731400,1779732600,[11],"[""dirigente scolastico""]",2026-05-26T06:37:10.398025+00:00
IT:suzuki,IT,suzuki,suzuki,200,200,1779711000,1779712200,"[3, 5]","[""suzuki""]",2026-05-26T06:37:10.398025+00:00
JP:阿部慎之助,JP,阿部慎之助,阿部慎之助,1000000,1000,1779715800,,[10],"[""阿部慎之助"", ""阿部慎之助 娘"", ""阿部監督"", ""橋上秀樹"", ""巨人 監督"", ""巨人 阿部監督"", ""阿部慎之助 妻"", ""阿部監督 逮捕"", ""阿部"", ""阿部監督 娘"", ""巨人"", ""阿部 慎之 助監督 逮捕"", ""阿部 監督 長女 手紙"", ""阿部 監督 逮捕"", ""巨人 監督 阿部 逮捕"", ""児童相談所"", ""阿部慎之助娘インスタ"", ""阿部 慎之 助 娘"", ""あべしんのすけ"", ""巨人監督"", ""阿部慎之介"", ""阿部慎之助 長女"", ""阿部 監督 の 娘"", ""阿部慎之助娘"", ""橋上コーチ"", ""ジャイアンツ"", ""阿部慎之助 自宅"", ""阿部 慎之 助 妻"", ""阿部慎之助 子供"", ""阿部慎之助 家族"", ""巨人 監督代行"", ""巨人 阿部"", ""橋上"", ""阿部慎之助 辞任"", ""阿部慎之助 監督"", ""巨人 ヘッドコーチ"", ""阿部慎之助 娘 手紙"", ""阿部慎之助娘写真"", ""阿部 娘"", ""橋上 監督 代行"", ""高橋由伸"", ""阿部慎之助妻"", ""児童相談所 通報"", ""阿部慎之助監督"", ""阿部監督 妻"", ""阿部 慎之 助"", ""巨人 コーチ"", ""巨人 二軍監督"", ""阿部監督 辞任"", ""読売巨人軍"", ""阿部監督 娘 手紙"", ""ジャイアンツ 監督"", ""阿部 慎之 助 の息子"", ""阿部 娘 手紙"", ""阿部 慎之 助 会見"", ""阿部 監督 暴行"", ""巨人 次期監督"", ""安倍監督"", ""阿部慎之助 娘 学校"", ""監督 逮捕"", ""阿部慎之助逮捕"", ""阿部慎之助 かわいそう"", ""巨人監督交代"", ""阿部 逮捕"", ""阿部 慎之 助 逮捕"", ""阿部慎之助娘やばい"", ""阿部慎之助娘顔"", ""阿部 辞任"", ""辞任"", ""阿部監督逮捕"", ""巨人阿部監督"", ""阿部慎之助 引退セレモニー"", ""阿部監督辞任"", ""巨人 監督 代行"", ""阿部逮捕"", ""児相"", ""巨人監督逮捕"", ""阿部慎之助 チャットgpt"", ""ヤフーニュース"", ""橋上秀樹 巨人"", ""阿部慎之助 長女 手紙"", ""巨人 監督 逮捕"", ""阿部慎之助の娘"", ""巨人 阿部 監督 逮捕"", ""阿部辞任"", ""阿部 長女"", ""あべ"", ""阿部慎之助娘学校"", ""古田敦也"", ""阿部慎之助容疑者"", ""阿部しんのすけ"", ""巨人 橋上"", ""阿部慎之助 暴行"", ""阿部慎之助 釈放"", ""阿部慎之助子供"", ""阿部慎之助 子ども"", ""あべ しんのすけ 逮捕"", ""巨人軍"", ""巨人二軍監督"", ""巨人阿部"", ""阿部監督娘"", ""阿部慎之助 自宅 渋谷"", ""阿部慎之助家族"", ""阿部 慎之 助 妻 画像"", ""巨人 阿部監督 逮捕"", ""阿部慎之助 長女 学校"", ""阿部 会見"", ""阿部監督 暴行"", ""巨人 2軍監督"", ""阿部 慎之 助 子供 写真"", ""巨人ヘッドコーチ"", ""阿部慎之介 娘"", ""阿部 監督 娘"", ""巨人 歴代監督"", ""阿部 巨人"", ""橋上 秀樹"", ""釈放"", ""巨人監督 次"", ""阿部慎之助 暴力"", ""橋上 巨人"", ""阿部慎之助 娘 コメント"", ""阿部 監督"", ""阿部慎之助 娘手紙"", ""阿部進之介"", ""阿部慎之助 娘 声明"", ""阿部 慎之助"", ""阿部慎之助釈放"", ""阿部監督 娘 写真"", ""阿部 慎之 助 子供"", ""ニュース速報"", ""巨人監督代行"", ""阿部慎之助 娘 インスタ"", ""巨人コーチ"", ""安倍監督逮捕"", ""巨人 阿部監督 娘"", ""巨人 橋上コーチ"", ""あべかんとく"", ""阿部慎之介 逮捕"", ""監督"", ""巨人阿部監督逮捕"", ""巨人阿部監督の娘"", ""巨人 監督 どうなる"", ""阿部慎之助 娘 顔"", ""阿部慎之助暴行"", ""阿部娘"", ""阿部監督 家族"", ""巨人の監督"", ""巨人 阿部慎之助"", ""現行犯逮捕とは"", ""阿部慎之助 chatgpt"", ""巨人 阿部 逮捕"", ""阿部慎之介逮捕"", ""阿部慎之"", ""巨人 逮捕"", ""阿部監督コメント"", ""スポーツ報知"", ""巨人監督 逮捕"", ""yahooニュース"", ""巨人次期監督"", ""あべしんのすけ 逮捕"", ""現行犯逮捕"", ""日刊スポーツ"", ""阿部 暴行"", ""18歳 児童相談所"", ""阿部慎之助の妻"", ""進退"", ""巨人 代行 監督"", ""巨人阿部逮捕"", ""阿部慎之助 年齢"", ""現役監督 逮捕"", ""巨人 阿部 慎之 助 逮捕"", ""ジャイアンツ コーチ"", ""阿部 慎之 助 監督 逮捕"", ""巨人阿部監督 逮捕"", ""阿部慎之助奥さん"", ""阿部 慎之 助 娘 名前"", ""ジャイアンツ 阿部監督"", ""阿部慎之助 妻 画像"", ""巨人戦"", ""読売巨人"", ""阿部慎之助 パワハラ"", ""阿部容疑者"", ""阿部慎之助 逮捕 なぜ"", ""プロ野球 監督 逮捕"", ""監督代行"", ""チャット gpt"", ""阿部慎之助たいほ"", ""巨人監督の阿部慎之助容疑者 逮捕"", ""阿部監督暴行"", ""読売"", ""巨人歴代監督"", ""npb"", ""阿部慎之助 たいほ"", ""阿部監督 子供"", ""巨人 阿部 監督"", ""巨人 試合"", ""阿部慎之助 暴行事件"", ""阿部慎之助 監督逮捕"", ""ジャイアンツ監督"", ""阿部慎之助 監督 逮捕"", ""阿部監督家族"", ""阿部慎之助 ニュース"", ""ジャイアンツ阿部慎之助"", ""ヘッドコーチ 巨人"", ""あべ 逮捕"", ""安倍監督 逮捕"", ""阿部慎之助 現行犯逮捕"", ""ジャイアンツ監督逮捕"", ""監督逮捕"", ""阿部慎之助 事件"", ""阿部監督コメント今日"", ""渋谷署"", ""阿部慎之助暴力"", ""の"", ""ライブドアニュース"", ""阿部監督 奥さん"", ""阿部慎之助 速報"", ""安倍慎之助"", ""巨人逮捕"", ""阿部 釈放"", ""阿部 慎之助 娘"", ""巨人 選手"", ""阿部巨人"", ""動画""]",2026-05-26T06:37:54.809113+00:00
JP:トシャース 対 ロッキース,JP,ドジャース 対 ロッキーズ,トシャース 対 ロッキース,100000,1000,1779754800,,[17],"[""ドジャース 対 ロッキーズ"", ""りくりゅう 始球式"", ""始球式"", ""りく りゅう 始球 式"", ""ドジャース 対 ロッキーズ 試合 選手データ"", ""カイル・ハート"", ""山下大輔"", ""りく りゅう ドジャース 始球 式"", ""ペア"", ""ドジャー・スタジアム""]",2026-05-26T06:37:54.809113+00:00
JP:長濱ねる,JP,長濱ねる,長濱ねる,20000,1000,1779734400,,[4],"[""長濱ねる""]",2026-05-26T06:37:54.809113+00:00
JP:フルーシェイス 対 マーリンス,JP,ブルージェイズ 対 マーリンズ,フルーシェイス 対 マーリンス,20000,1000,1779749400,,[17],"[""ブルージェイズ 対 マーリンズ""]",2026-05-26T06:37:54.809113+00:00
JP:新東名高速道路,JP,新東名高速道路,新東名高速道路,10000,1000,1779714000,,[11],"[""新東名高速道路""]",2026-05-26T06:37:54.809113+00:00
JP:九州,JP,九州,九州,10000,900,1779713400,,[20],"[""九州"", ""福岡市天気""]",2026-05-26T06:37:54.809113+00:00
JP:宝塚駅,JP,宝塚駅,宝塚駅,5000,800,1779736200,,"[3, 19]","[""宝塚駅""]",2026-05-26T06:37:54.809113+00:00
JP:ろふまお,JP,ろふまお,ろふまお,5000,1000,1779768600,,[4],"[""ろふまお"", ""rof-mao"", ""剣持刀也"", ""ろふまお 剣持"", ""剣持"", ""剣持 ろふまお"", ""にじさんじ""]",2026-05-26T06:37:54.809113+00:00
JP:ホワイトソックス 対 ツインス,JP,ホワイトソックス 対 ツインズ,ホワイトソックス 対 ツインス,20000,1000,1779732000,,[17],"[""ホワイトソックス 対 ツインズ"", ""ホワイトソックス 西田"", ""ホワイトソックス"", ""村上宗隆"", ""西田 ホワイトソックス"", ""西田陸浮内野手"", ""西田陸"", ""アンソニー・ケイ"", ""西田"", ""ホワイトソックス西田""]",2026-05-26T06:37:54.809113+00:00
JP:フルテンシャル,JP,プルデンシャル,フルテンシャル,20000,700,1779718800,,[3],"[""プルデンシャル"", ""プルデンシャル生命"", ""プルデンシャル生命保険""]",2026-05-26T06:37:54.809113+00:00
JP:レンシャース 対 アストロス,JP,レンジャーズ 対 アストロズ,レンシャース 対 アストロス,10000,1000,1779749400,,[17],"[""レンジャーズ 対 アストロズ"", ""今井達也"", ""アストロズ""]",2026-05-26T06:37:54.809113+00:00
JP:ロイヤルス 対 ヤンキース,JP,ロイヤルズ 対 ヤンキース,ロイヤルス 対 ヤンキース,20000,1000,1779737400,,[17],"[""ロイヤルズ 対 ヤンキース"", ""ガーディアンズ 対 ナショナルズ"", ""メッツ 対 レッズ"", ""ヤンキース""]",2026-05-26T06:37:54.809113+00:00
JP:大井競馬場,JP,大井競馬場,大井競馬場,10000,1000,1779703200,,"[6, 17, 8]","[""大井競馬場""]",2026-05-26T06:37:54.809113+00:00
JP:教員,JP,教員,教員,5000,1000,1779762600,,[9],"[""教員""]",2026-05-26T06:37:54.809113+00:00
JP:シャイアンツ 対 dハックス,JP,ジャイアンツ 対 dバックス,シャイアンツ 対 dハックス,10000,1000,1779742200,,[17],"[""ジャイアンツ 対 dバックス""]",2026-05-26T06:37:54.809113+00:00
JP:花田虎上,JP,花田虎上,花田虎上,10000,400,1779694800,,[17],"[""花田虎上"", ""若 隆景 優勝 家族"", ""花田 虎上""]",2026-05-26T06:37:54.809113+00:00
JP:障害,JP,障害,障害,5000,1000,1779764400,,"[10, 3]","[""障害""]",2026-05-26T06:37:54.809113+00:00
JP:エンリケ・ヘルナンテス,JP,エンリケ・ヘルナンデス,エンリケ・ヘルナンテス,5000,1000,1779757800,,[17],"[""エンリケ・ヘルナンデス"", ""エンリケヘルナンデス"", ""キケヘルナンデス""]",2026-05-26T06:37:54.809113+00:00
JP:味の素,JP,味の素,味の素,2000,700,1779759000,,[3],"[""味の素""]",2026-05-26T06:37:54.809113+00:00
JP:映画.com,JP,映画.com,映画.com,5000,700,1779737400,,[4],"[""映画.com"", ""ジェイソン・ステイサム"", ""ジェイソン ステイサム""]",2026-05-26T06:37:54.809113+00:00
JP:代役,JP,代役,代役,5000,800,1779719400,,[4],"[""代役""]",2026-05-26T06:37:54.809113+00:00
JP:賀来千香子,JP,賀来千香子,賀来千香子,50000,1000,1779710400,,[4],"[""賀来千香子"", ""今日から俺は"", ""賀来賢人"", ""賀来千香子 賀来賢人"", ""賀来賢人 榮倉奈々"", ""しゃべくり007"", ""賀来賢人 ドラマ"", ""今日から俺は!!"", ""賀来賢人 賀来千香子 共演""]",2026-05-26T06:37:54.809113+00:00
JP:住友生命,JP,住友生命,住友生命,5000,300,1779699000,,[3],"[""住友生命""]",2026-05-26T06:37:54.809113+00:00
JP:テーフ カット,JP,テープ カット,テーフ カット,5000,300,1779702600,,[10],"[""テープ カット"", ""テープカット""]",2026-05-26T06:37:54.809113+00:00
JP:jリーク 日程,JP,jリーグ 日程,jリーク 日程,10000,300,1779701400,,[17],"[""jリーグ 日程"", ""日本プロサッカーリーグ"", ""j2リーグ""]",2026-05-26T06:37:54.809113+00:00
JP:小田和正,JP,小田和正,小田和正,2000,1000,1779772800,,[4],"[""小田和正""]",2026-05-26T06:37:54.809113+00:00
JP:天空シリース,JP,天空シリーズ,天空シリース,1000,700,1779772800,,[6],"[""天空シリーズ"", ""ドラクエ""]",2026-05-26T06:37:54.809113+00:00
JP:京王 線 運転 見合わせ,JP,京王 線 運転 見合わせ,京王 線 運転 見合わせ,10000,300,1779760800,,[3],"[""京王 線 運転 見合わせ"", ""京王線"", ""京王線 人身事故"", ""飛田給駅"", ""武蔵野台駅"", ""武蔵野台"", ""京王線人身事故"", ""京王""]",2026-05-26T06:37:54.809113+00:00
JP:橋本 帆 乃香,JP,橋本 帆 乃香,橋本 帆 乃香,2000,600,1779766800,,"[17, 6]","[""橋本 帆 乃香""]",2026-05-26T06:37:54.809113+00:00
JP:狩野 英孝,JP,狩野 英孝,狩野 英孝,2000,400,1779760800,,[17],"[""狩野 英孝""]",2026-05-26T06:37:54.809113+00:00
JP:ロト6当選番号,JP,ロト6当選番号,ロト6当選番号,5000,600,1779704400,,[6],"[""ロト6当選番号""]",2026-05-26T06:37:54.809113+00:00
JP:藤田ニコル,JP,藤田ニコル,藤田ニコル,2000,700,1779772800,,[4],"[""藤田ニコル"", ""みちょぱ"", ""みちょぱ妊娠""]",2026-05-26T06:37:54.809113+00:00
JP:アレン様,JP,アレン様,アレン様,10000,800,1779703200,,[4],"[""アレン様"", ""アレン様 年齢""]",2026-05-26T06:37:54.809113+00:00
JP:台風,JP,台風,台風,2000,200,1779768600,,[20],"[""台風"", ""カロリン諸島""]",2026-05-26T06:37:54.809113+00:00
JP:ヘヒ,JP,ヘビ,ヘヒ,5000,500,1779743400,,[11],"[""ヘビ""]",2026-05-26T06:37:54.809113+00:00
JP:冨安 健洋,JP,冨安 健洋,冨安 健洋,2000,500,1779768000,,[17],"[""冨安 健洋"", ""冨安""]",2026-05-26T06:37:54.809113+00:00
JP:フリトニースヒアース,JP,ブリトニースピアーズ,フリトニースヒアース,1000,800,1779775800,,[4],"[""ブリトニースピアーズ"", ""ブリトニー""]",2026-05-26T06:37:54.809113+00:00
JP:gta6,JP,gta6,gta6,2000,200,1779750600,,[11],"[""gta6""]",2026-05-26T06:37:54.809113+00:00
JP:ケンタッキー カーネル,JP,ケンタッキー カーネル,ケンタッキー カーネル,1000,400,1779772800,,[5],"[""ケンタッキー カーネル"", ""ケンタッキー・カーネル""]",2026-05-26T06:37:54.809113+00:00
JP:桑田真澄,JP,桑田真澄,桑田真澄,2000,200,1779717000,,[17],"[""桑田真澄""]",2026-05-26T06:37:54.809113+00:00
JP:田口真彩,JP,田口真彩,田口真彩,2000,200,1779713400,,[17],"[""田口真彩""]",2026-05-26T06:37:54.809113+00:00
JP:olive infinite,JP,olive infinite,olive infinite,1000,300,1779763200,,[3],"[""olive infinite""]",2026-05-26T06:37:54.809113+00:00
JP:出場停止,JP,出場停止,出場停止,2000,300,1779747600,,[17],"[""出場停止""]",2026-05-26T06:37:54.809113+00:00
JP:ナフサ 不足,JP,ナフサ 不足,ナフサ 不足,5000,500,1779774000,,[11],"[""ナフサ 不足"", ""中東"", ""オイル交換""]",2026-05-26T06:37:54.809113+00:00
JP:チリ,JP,チリ,チリ,1000,100,1779759000,,[20],"[""チリ""]",2026-05-26T06:37:54.809113+00:00
JP:派閥,JP,派閥,派閥,1000,200,1779758400,,"[14, 10]","[""派閥""]",2026-05-26T06:37:54.809113+00:00
JP:ソニーロリンス,JP,ソニーロリンズ,ソニーロリンス,1000,300,1779764400,,[4],"[""ソニーロリンズ"", ""ソニー・ロリンズ""]",2026-05-26T06:37:54.809113+00:00
JP:宝塚歌劇団,JP,宝塚歌劇団,宝塚歌劇団,1000,300,1779772200,,[4],"[""宝塚歌劇団""]",2026-05-26T06:37:54.809113+00:00
JP:リホヒタン ちい かわ,JP,リポビタン ちい かわ,リホヒタン ちい かわ,500,600,1779775200,,[11],"[""リポビタン ちい かわ""]",2026-05-26T06:37:54.809113+00:00
JP:ファーストクライ,JP,ファーストクライ,ファーストクライ,2000,100,1779755400,,[4],"[""ファーストクライ"", ""比嘉 愛未"", ""比嘉愛未""]",2026-05-26T06:37:54.809113+00:00
JP:北川景子,JP,北川景子,北川景子,500,900,1779774000,,[4],"[""北川景子""]",2026-05-26T06:37:54.809113+00:00
JP:藤ヶ谷 太輔,JP,藤ヶ谷 太輔,藤ヶ谷 太輔,2000,300,1779713400,,"[4, 16, 2]","[""藤ヶ谷 太輔""]",2026-05-26T06:37:54.809113+00:00
JP:bts ama,JP,bts ama,bts ama,2000,200,1779771000,,[4],"[""bts ama"", ""アメリカン・ミュージック・アワード"", ""アメリカン ミュージック アワード"", ""bts"", ""アメリカンミュージックアワード 2026""]",2026-05-26T06:37:54.809113+00:00
JP:タ・ウィンチ,JP,ダ・ヴィンチ,タ・ウィンチ,2000,300,1779760800,,[4],"[""ダ・ヴィンチ"", ""ダヴィンチ"", ""スポニチ""]",2026-05-26T06:37:54.809113+00:00
JP:長崎県,JP,長崎県,長崎県,1000,100,1779741600,,[19],"[""長崎県""]",2026-05-26T06:37:54.809113+00:00
JP:鈴木 彩 艶,JP,鈴木 彩 艶,鈴木 彩 艶,2000,100,1779745800,,[17],"[""鈴木 彩 艶"", ""鈴木彩艶""]",2026-05-26T06:37:54.809113+00:00
JP:フェラーリ,JP,フェラーリ,フェラーリ,2000,200,1779754800,,[1],"[""フェラーリ"", ""フェラーリ ルーチェ"", ""電気自動車""]",2026-05-26T06:37:54.809113+00:00
JP:jr東海,JP,jr東海,jr東海,500,500,1779773400,,[11],"[""jr東海""]",2026-05-26T06:37:54.809113+00:00
JP:野口旭,JP,野口旭,野口旭,2000,300,1779742200,,[3],"[""野口旭""]",2026-05-26T06:37:54.809113+00:00
JP:エリサヘート,JP,エリザベート,エリサヘート,500,200,1779768600,,[4],"[""エリザベート""]",2026-05-26T06:37:54.809113+00:00
JP:ホートレース浜名湖,JP,ボートレース浜名湖,ホートレース浜名湖,2000,100,1779745800,,[17],"[""ボートレース浜名湖"", ""藤原碧生"", ""實森 美祐"", ""藤原 碧 生""]",2026-05-26T06:37:54.809113+00:00
JP:巨人 順位,JP,巨人 順位,巨人 順位,2000,200,1779717000,,[17],"[""巨人 順位""]",2026-05-26T06:37:54.809113+00:00
JP:セメント,JP,セメント,セメント,1000,300,1779774000,,[11],"[""セメント"", ""朝日新聞"", ""速報""]",2026-05-26T06:37:54.809113+00:00
JP:剣道,JP,剣道,剣道,200,300,1779773400,,[17],"[""剣道""]",2026-05-26T06:37:54.809113+00:00
JP:フルワース 対 カーシナルス,JP,ブルワーズ 対 カージナルス,フルワース 対 カーシナルス,10000,1000,1779732600,1779777000,[17],"[""ブルワーズ 対 カージナルス""]",2026-05-26T06:37:54.809113+00:00
JP:中国のテレヒトラマ,JP,中国のテレビドラマ,中国のテレヒトラマ,1000,100,1779759000,,[4],"[""中国のテレビドラマ""]",2026-05-26T06:37:54.809113+00:00
JP:フェルナント・アロンソ,JP,フェルナンド・アロンソ,フェルナント・アロンソ,500,300,1779773400,,[17],"[""フェルナンド・アロンソ""]",2026-05-26T06:37:54.809113+00:00
JP:木下優樹菜 娘,JP,木下優樹菜 娘,木下優樹菜 娘,1000,200,1779766800,,[4],"[""木下優樹菜 娘"", ""木下優樹菜""]",2026-05-26T06:37:54.809113+00:00
JP:武田真一,JP,武田真一,武田真一,200,200,1779774600,,[10],"[""武田真一""]",2026-05-26T06:37:54.809113+00:00
JP:ハイレーツ 対 カフス,JP,パイレーツ 対 カブス,ハイレーツ 対 カフス,10000,1000,1779730200,1779776400,[17],"[""パイレーツ 対 カブス"", ""鈴木誠也""]",2026-05-26T06:37:54.809113+00:00
JP:髙地優吾,JP,髙地優吾,髙地優吾,200,300,1779773400,,[4],"[""髙地優吾""]",2026-05-26T06:37:54.809113+00:00
JP:金子恵美,JP,金子恵美,金子恵美,200,300,1779774000,,[4],"[""金子恵美""]",2026-05-26T06:37:54.809113+00:00
JP:ロヒア社長,JP,ロピア社長,ロヒア社長,10000,1000,1779691800,1779775800,"[5, 3]","[""ロピア社長""]",2026-05-26T06:37:54.809113+00:00
JP:キャハリアース 対 ニックス,JP,キャバリアーズ 対 ニックス,キャハリアース 対 ニックス,5000,1000,1779753000,1779771600,[17],"[""キャバリアーズ 対 ニックス"", ""ニックス""]",2026-05-26T06:37:54.809113+00:00
JP:岩城滉一,JP,岩城滉一,岩城滉一,200,200,1779773400,,[4],"[""岩城滉一""]",2026-05-26T06:37:54.809113+00:00
JP:キャフテン翼,JP,キャプテン翼,キャフテン翼,1000,100,1779747000,,[4],"[""キャプテン翼""]",2026-05-26T06:37:54.809113+00:00
JP:オリオールス 対 レイス,JP,オリオールズ 対 レイズ,オリオールス 対 レイス,5000,600,1779731400,1779777000,[17],"[""オリオールズ 対 レイズ""]",2026-05-26T06:37:54.809113+00:00
JP:中村獅童,JP,中村獅童,中村獅童,2000,1000,1779768000,1779774000,[4],"[""中村獅童"", ""萬屋錦之介""]",2026-05-26T06:37:54.809113+00:00
JP:井戸田 潤,JP,井戸田 潤,井戸田 潤,5000,100,1779692400,,[4],"[""井戸田 潤"", ""安達祐実"", ""安達祐実 母""]",2026-05-26T06:37:54.809113+00:00
JP:坪井智也,JP,坪井智也,坪井智也,500,100,1779765000,,[17],"[""坪井智也""]",2026-05-26T06:37:54.809113+00:00
JP:東急ハンス,JP,東急ハンズ,東急ハンス,10000,200,1779696600,1779770400,[11],"[""東急ハンズ"", ""ハンズ"", ""ハンズ渋谷"", ""渋谷 ハンズ"", ""渋谷ハンズ"", ""東急ハンズ 渋谷"", ""ハンズ 渋谷""]",2026-05-26T06:37:54.809113+00:00
JP:伊東純也,JP,伊東純也,伊東純也,200,300,1779776400,,[17],"[""伊東純也""]",2026-05-26T06:37:54.809113+00:00
JP:和菓子,JP,和菓子,和菓子,200,200,1779775800,,"[5, 4]","[""和菓子""]",2026-05-26T06:37:54.809113+00:00
JP:金閣寺,JP,金閣寺,金閣寺,200,100,1779775200,,[17],"[""金閣寺""]",2026-05-26T06:37:54.809113+00:00
JP:くるまのニュース,JP,くるまのニュース,くるまのニュース,1000,100,1779714000,,[1],"[""くるまのニュース""]",2026-05-26T06:37:54.809113+00:00
JP:相撲,JP,相撲,相撲,5000,700,1779739800,1779770400,[17],"[""相撲"", ""休場""]",2026-05-26T06:37:54.809113+00:00
JP:ヘッカム,JP,ベッカム,ヘッカム,200,100,1779776400,,"[17, 4]","[""ベッカム""]",2026-05-26T06:37:54.809113+00:00
JP:ハチンコ,JP,パチンコ,ハチンコ,5000,400,1779701400,1779751800,[6],"[""パチンコ""]",2026-05-26T06:37:54.809113+00:00
JP:アメリカ イラン,JP,アメリカ イラン,アメリカ イラン,200,100,1779775800,,[10],"[""アメリカ イラン""]",2026-05-26T06:37:54.809113+00:00
JP:サフウェイ,JP,サブウェイ,サフウェイ,5000,300,1779702600,1779755400,[3],"[""サブウェイ""]",2026-05-26T06:37:54.809113+00:00
JP:神奈川県,JP,神奈川県,神奈川県,2000,200,1779760200,1779777000,[20],"[""神奈川県""]",2026-05-26T06:37:54.809113+00:00
JP:スヘイン代表メンハー,JP,スペイン代表メンバー,スヘイン代表メンハー,5000,300,1779706800,1779770400,[17],"[""スペイン代表メンバー"", ""スペイン代表"", ""スペイン"", ""サッカースペイン代表""]",2026-05-26T06:37:54.809113+00:00
JP:川口侑斗,JP,川口侑斗,川口侑斗,5000,100,1779715800,,[10],"[""川口侑斗"", ""滝沢海裕"", ""江別大学生殺人事件"", ""川村葉音被告"", ""滝沢海裕被告""]",2026-05-26T06:37:54.809113+00:00
JP:hkt48,JP,hkt48,hkt48,5000,300,1779696000,1779768000,[4],"[""hkt48""]",2026-05-26T06:37:54.809113+00:00
JP:加藤清史郎,JP,加藤清史郎,加藤清史郎,1000,400,1779764400,1779775200,[4],"[""加藤清史郎""]",2026-05-26T06:37:54.809113+00:00
JP:ittf 世界 ランキンク,JP,ittf 世界 ランキング,ittf 世界 ランキンク,2000,500,1779714600,1779765000,"[17, 6]","[""ittf 世界 ランキング""]",2026-05-26T06:37:54.809113+00:00
JP:髙 橋 大輔,JP,髙 橋 大輔,髙 橋 大輔,2000,400,1779710400,1779761400,[17],"[""髙 橋 大輔""]",2026-05-26T06:37:54.809113+00:00
JP:ロケット,JP,ロケット,ロケット,200,100,1779773400,,[3],"[""ロケット""]",2026-05-26T06:37:54.809113+00:00
JP:三浦 知良,JP,三浦 知良,三浦 知良,5000,300,1779699000,1779758400,[17],"[""三浦 知良"", ""岡田武史""]",2026-05-26T06:37:54.809113+00:00
JP:弘電社,JP,弘電社,弘電社,2000,100,1779699000,1779776400,[3],"[""弘電社"", ""きんでん""]",2026-05-26T06:37:54.809113+00:00
JP:末澤誠也,JP,末澤誠也,末澤誠也,1000,300,1779765000,1779774600,[4],"[""末澤誠也"", ""末澤"", ""小島健"", ""おそ松さん 映画"", ""西村拓哉""]",2026-05-26T06:37:54.809113+00:00
JP:予測,JP,予測,予測,100,75,1779774600,,[3],"[""予測""]",2026-05-26T06:37:54.809113+00:00
JP:瀬戸朝香,JP,瀬戸朝香,瀬戸朝香,2000,800,1779765600,1779771000,[4],"[""瀬戸朝香"", ""佐藤栞里""]",2026-05-26T06:37:54.809113+00:00
JP:ハターホルン 対 ウォルフスフルク,JP,パダーボルン 対 ヴォルフスブルク,ハターホルン 対 ウォルフスフルク,2000,600,1779733200,1779762600,[17],"[""パダーボルン 対 ヴォルフスブルク"", ""ヴォルフスブルク""]",2026-05-26T06:37:54.809113+00:00
JP:トハイチョコレート,JP,ドバイチョコレート,トハイチョコレート,500,100,1779713400,,[5],"[""ドバイチョコレート""]",2026-05-26T06:37:54.809113+00:00
JP:山口寿一,JP,山口寿一,山口寿一,1000,200,1779763800,1779776400,[17],"[""山口寿一""]",2026-05-26T06:37:54.809113+00:00
JP:ワールトカッフ 放送,JP,ワールドカップ 放送,ワールトカッフ 放送,100,75,1779775800,,[17],"[""ワールドカップ 放送""]",2026-05-26T06:37:54.809113+00:00
JP:スカイマーク,JP,スカイマーク,スカイマーク,10000,100,1779700800,1779750600,[3],"[""スカイマーク"", ""羽田空港"", ""緊急着陸""]",2026-05-26T06:37:54.809113+00:00
JP:北窓絢音,JP,北窓絢音,北窓絢音,100,75,1779774000,,[17],"[""北窓絢音""]",2026-05-26T06:37:54.809113+00:00
JP:医療,JP,医療,医療,100,75,1779776400,,[7],"[""医療""]",2026-05-26T06:37:54.809113+00:00
JP:十勝毎日新聞,JP,十勝毎日新聞,十勝毎日新聞,2000,300,1779711600,1779757800,[3],"[""十勝毎日新聞""]",2026-05-26T06:37:54.809113+00:00
JP:宮舘涼太,JP,宮舘涼太,宮舘涼太,5000,300,1779702000,1779751800,[4],"[""宮舘涼太"", ""吉高由里子""]",2026-05-26T06:37:54.809113+00:00
JP:オールスター,JP,オールスター,オールスター,20000,300,1779691800,1779720000,[17],"[""オールスター"", ""オールスター投票"", ""オールスター 中間 発表"", ""オールスター 2026"", ""オールスター ファン 投票 2026"", ""オールスターファン投票"", ""セリーグ"", ""プロ 野球 オールスター 2026 ファン 投票"", ""オールスター 中間発表"", ""オールスター中間発表""]",2026-05-26T06:37:54.809113+00:00
JP:受信料,JP,受信料,受信料,2000,200,1779705600,1779760800,[11],"[""受信料"", ""nhk 受信料""]",2026-05-26T06:37:54.809113+00:00
JP:東原亜希,JP,東原亜希,東原亜希,500,800,1779770400,1779774600,[4],"[""東原亜希""]",2026-05-26T06:37:54.809113+00:00
JP:不登校,JP,不登校,不登校,5000,300,1779693000,1779757200,[4],"[""不登校""]",2026-05-26T06:37:54.809113+00:00
JP:東京モノレール,JP,東京モノレール,東京モノレール,2000,1000,1779742800,1779757800,"[3, 19]","[""東京モノレール"", ""モノレール""]",2026-05-26T06:37:54.809113+00:00
JP:hana,JP,hana,hana,5000,100,1779700800,1779754200,[4],"[""hana""]",2026-05-26T06:37:54.809113+00:00
JP:映画,JP,映画,映画,5000,100,1779724200,1779751200,"[4, 8]","[""映画""]",2026-05-26T06:37:54.809113+00:00
JP:米騒動,JP,米騒動,米騒動,2000,400,1779700200,1779753600,[3],"[""米騒動""]",2026-05-26T06:37:54.809113+00:00
JP:ロッキース,JP,ロッキーズ,ロッキース,2000,100,1779758400,1779770400,[17],"[""ロッキーズ"", ""大谷翔平 ドジャース"", ""ロサンゼルス ドジャース"", ""コロラド・ロッキーズ"", ""観戦 場所 ドジャース 対 ロッキーズ"", ""大リーグ速報"", ""mlb 速報"", ""mlb 結果""]",2026-05-26T06:37:54.809113+00:00
JP:沖縄県,JP,沖縄県,沖縄県,1000,100,1779756000,1779775800,[10],"[""沖縄県""]",2026-05-26T06:37:54.809113+00:00
JP:社債,JP,社債,社債,5000,300,1779697200,1779749400,[3],"[""社債"", ""ソフトバンク 社債""]",2026-05-26T06:37:54.809113+00:00
JP:竹内まりや,JP,竹内まりや,竹内まりや,2000,500,1779740400,1779767400,[4],"[""竹内まりや""]",2026-05-26T06:37:54.809113+00:00
JP:大東駿介,JP,大東駿介,大東駿介,200,400,1779771000,1779775200,[5],"[""大東駿介""]",2026-05-26T06:37:54.809113+00:00
JP:猫背椿,JP,猫背椿,猫背椿,2000,200,1779748800,1779775800,[4],"[""猫背椿"", ""じろう"", ""風薫る キャスト"", ""シソンヌじろう""]",2026-05-26T06:37:54.809113+00:00
JP:亀田興毅,JP,亀田興毅,亀田興毅,10000,1000,1779701400,1779716400,[17],"[""亀田興毅"", ""株式会社lush"", ""亀田 興 毅"", ""lush社""]",2026-05-26T06:37:54.809113+00:00
JP:genda,JP,genda,genda,100,50,1779774600,,[3],"[""genda""]",2026-05-26T06:37:54.809113+00:00
JP:エメット・シーハン,JP,エメット・シーハン,エメット・シーハン,1000,300,1779760200,1779769800,[17],"[""エメット・シーハン""]",2026-05-26T06:37:54.809113+00:00
JP:和久田 麻由子,JP,和久田 麻由子,和久田 麻由子,5000,300,1779691800,1779747600,[4],"[""和久田 麻由子""]",2026-05-26T06:37:54.809113+00:00
JP:目黒 記念,JP,目黒 記念,目黒 記念,2000,100,1779705000,1779754200,"[17, 6, 8]","[""目黒 記念"", ""目黒記念""]",2026-05-26T06:37:54.809113+00:00
JP:吉田麻也 日本代表,JP,吉田麻也 日本代表,吉田麻也 日本代表,2000,100,1779706800,1779753600,[17],"[""吉田麻也 日本代表"", ""森保一"", ""吉田麻也"", ""アイスランド戦""]",2026-05-26T06:37:54.809113+00:00
JP:エイトリアン ニューウェイ,JP,エイドリアン ニューウェイ,エイトリアン ニューウェイ,2000,700,1779745800,1779757800,[11],"[""エイドリアン ニューウェイ"", ""エイドリアン・ニューウェイ""]",2026-05-26T06:37:54.809113+00:00
JP:タチョウ倶楽部,JP,ダチョウ倶楽部,タチョウ倶楽部,2000,100,1779715800,1779762000,[4],"[""ダチョウ倶楽部"", ""ダチョウ倶楽部 ライブ"", ""鶴瓶"", ""笑福亭鶴瓶""]",2026-05-26T06:37:54.809113+00:00
JP:東京商工リサーチ,JP,東京商工リサーチ,東京商工リサーチ,200,100,1779774000,1779777000,[3],"[""東京商工リサーチ""]",2026-05-26T06:37:54.809113+00:00
JP:国債,JP,国債,国債,2000,300,1779738600,1779753600,[11],"[""国債""]",2026-05-26T06:37:54.809113+00:00
JP:ナイル ワークス,JP,ナイル ワークス,ナイル ワークス,2000,200,1779693000,1779755400,[3],"[""ナイル ワークス""]",2026-05-26T06:37:54.809113+00:00
JP:ama,JP,ama,ama,1000,100,1779747600,1779772800,[4],"[""ama""]",2026-05-26T06:37:54.809113+00:00
JP:長野誠史,JP,長野誠史,長野誠史,1000,100,1779717600,1779768000,[17],"[""長野誠史""]",2026-05-26T06:37:54.809113+00:00
JP:cavaliers vs knicks,JP,cavaliers vs knicks,cavaliers vs knicks,1000,100,1779755400,1779768600,[17],"[""cavaliers vs knicks"", ""0"", ""yahoo!""]",2026-05-26T06:37:54.809113+00:00
JP:富士電機,JP,富士電機,富士電機,1000,100,1779745800,1779765000,[3],"[""富士電機"", ""富士電機 株価""]",2026-05-26T06:37:54.809113+00:00
JP:メルコスル,JP,メルコスル,メルコスル,200,200,1779772200,1779776400,"[3, 14, 10]","[""メルコスル""]",2026-05-26T06:37:54.809113+00:00
JP:タナー・コートン,JP,タナー・ゴードン,タナー・コートン,500,200,1779758400,1779768000,[17],"[""タナー・ゴードン""]",2026-05-26T06:37:54.809113+00:00
JP:安愚楽牧場,JP,安愚楽牧場,安愚楽牧場,500,100,1779761400,1779771600,[3],"[""安愚楽牧場""]",2026-05-26T06:37:54.809113+00:00
JP:かつや,JP,かつや,かつや,1000,400,1779766800,1779769800,[5],"[""かつや""]",2026-05-26T06:37:54.809113+00:00
JP:相鉄線,JP,相鉄線,相鉄線,2000,1000,1779750000,1779757800,"[3, 19]","[""相鉄線""]",2026-05-26T06:37:54.809113+00:00
JP:仲 里依紗,JP,仲 里依紗,仲 里依紗,2000,300,1779700200,1779750000,[4],"[""仲 里依紗""]",2026-05-26T06:37:54.809113+00:00
JP:knicks,JP,knicks,knicks,500,100,1779757200,1779768600,"[17, 4]","[""knicks""]",2026-05-26T06:37:54.809113+00:00
JP:ハリーホッター,JP,ハリーポッター,ハリーホッター,2000,1000,1779755400,1779759600,[4],"[""ハリーポッター""]",2026-05-26T06:37:54.809113+00:00
JP:とんねるす 石橋,JP,とんねるず 石橋,とんねるす 石橋,1000,100,1779712800,1779752400,[4],"[""とんねるず 石橋""]",2026-05-26T06:37:54.809113+00:00
JP:ニッコロ マチー,JP,ニッコロ マチー,ニッコロ マチー,2000,200,1779696000,1779747600,[17],"[""ニッコロ マチー""]",2026-05-26T06:37:54.809113+00:00
JP:三菱電機,JP,三菱電機,三菱電機,1000,400,1779740400,1779754200,"[15, 3]","[""三菱電機""]",2026-05-26T06:37:54.809113+00:00
JP:藤沢市,JP,藤沢市,藤沢市,1000,500,1779739800,1779754200,[11],"[""藤沢市""]",2026-05-26T06:37:54.809113+00:00
JP:くわはたりえ,JP,くわばたりえ,くわはたりえ,500,100,1779765600,1779771600,[4],"[""くわばたりえ""]",2026-05-26T06:37:54.809113+00:00
JP:ヒエール中野,JP,ピエール中野,ヒエール中野,2000,200,1779693600,1779745800,[4],"[""ピエール中野""]",2026-05-26T06:37:54.809113+00:00
JP:リクルート,JP,リクルート,リクルート,500,200,1779760800,1779767400,[3],"[""リクルート""]",2026-05-26T06:37:54.809113+00:00
JP:地球温暖化,JP,地球温暖化,地球温暖化,200,50,1779773400,1779776400,[11],"[""地球温暖化""]",2026-05-26T06:37:54.809113+00:00
JP:トンキ ちいかわ,JP,ドンキ ちいかわ,トンキ ちいかわ,100,75,1779774600,1779777000,[11],"[""ドンキ ちいかわ""]",2026-05-26T06:37:54.809113+00:00
JP:萬田 緑 平,JP,萬田 緑 平,萬田 緑 平,1000,100,1779705000,1779750600,[7],"[""萬田 緑 平""]",2026-05-26T06:37:54.809113+00:00
JP:jr東西線・学研都市線,JP,jr東西線・学研都市線,jr東西線・学研都市線,500,100,1779740400,1779759600,[3],"[""jr東西線・学研都市線""]",2026-05-26T06:37:54.809113+00:00
JP:近藤真彦,JP,近藤真彦,近藤真彦,5000,1000,1779703800,1779713400,[4],"[""近藤真彦""]",2026-05-26T06:37:54.809113+00:00
JP:眼鏡市場,JP,眼鏡市場,眼鏡市場,1000,100,1779753600,1779760200,[11],"[""眼鏡市場"", ""zoff""]",2026-05-26T06:37:54.809113+00:00
JP:松のや クーホン,JP,松のや クーポン,松のや クーホン,1000,200,1779705000,1779754200,[5],"[""松のや クーポン""]",2026-05-26T06:37:54.809113+00:00
JP:キタニタツヤ,JP,キタニタツヤ,キタニタツヤ,1000,200,1779734400,1779769200,[4],"[""キタニタツヤ""]",2026-05-26T06:37:54.809113+00:00
JP:ferrari luce,JP,ferrari luce,ferrari luce,500,100,1779750000,1779776400,[1],"[""ferrari luce""]",2026-05-26T06:37:54.809113+00:00
JP:勾留,JP,勾留,勾留,1000,300,1779717600,1779753600,[10],"[""勾留""]",2026-05-26T06:37:54.809113+00:00
JP:松下由樹,JP,松下由樹,松下由樹,500,400,1779769200,1779771600,[4],"[""松下由樹""]",2026-05-26T06:37:54.809113+00:00
JP:太陽誘電 株価,JP,太陽誘電 株価,太陽誘電 株価,500,100,1779755400,1779769800,[3],"[""太陽誘電 株価""]",2026-05-26T06:37:54.809113+00:00
JP:jr九州,JP,jr九州,jr九州,1000,100,1779708600,1779751200,"[19, 3]","[""jr九州""]",2026-05-26T06:37:54.809113+00:00
JP:前田 愛,JP,前田 愛,前田 愛,1000,100,1779704400,1779754800,[4],"[""前田 愛""]",2026-05-26T06:37:54.809113+00:00
JP:真矢,JP,真矢,真矢,1000,600,1779738000,1779750000,[4],"[""真矢"", ""luna sea""]",2026-05-26T06:37:54.809113+00:00
JP:ふるさと納税,JP,ふるさと納税,ふるさと納税,2000,100,1779754800,1779759600,[10],"[""ふるさと納税""]",2026-05-26T06:37:54.809113+00:00
JP:スンスン,JP,スンスン,スンスン,500,100,1779766200,1779770400,[11],"[""スンスン""]",2026-05-26T06:37:54.809113+00:00
JP:原辰徳,JP,原辰徳,原辰徳,2000,800,1779718200,1779770400,[17],"[""原辰徳""]",2026-05-26T06:37:54.809113+00:00
JP:篠宮暁,JP,篠宮暁,篠宮暁,5000,1000,1779707400,1779714600,[4],"[""篠宮暁"", ""ジェシー"", ""篠宮"", ""有吉ゼミ""]",2026-05-26T06:37:54.809113+00:00
JP:羽月隆太郎,JP,羽月隆太郎,羽月隆太郎,5000,1000,1779694800,1779704400,[11],"[""羽月隆太郎""]",2026-05-26T06:37:54.809113+00:00
JP:大沢樹生,JP,大沢樹生,大沢樹生,5000,1000,1779703800,1779711000,[4],"[""大沢樹生"", ""アレン"", ""原田泰造"", ""ネプリーグ""]",2026-05-26T06:37:54.809113+00:00
JP:田久保眞紀,JP,田久保眞紀,田久保眞紀,1000,900,1779739800,1779748200,"[10, 14]","[""田久保眞紀""]",2026-05-26T06:37:54.809113+00:00
JP:クレイシーシャーニー,JP,クレイジージャーニー,クレイシーシャーニー,2000,100,1779710400,1779727200,[4],"[""クレイジージャーニー"", ""丸山ゴンザレス""]",2026-05-26T06:37:54.809113+00:00
JP:コールハーマー,JP,コールパーマー,コールハーマー,1000,200,1779710400,1779745200,[17],"[""コールパーマー""]",2026-05-26T06:37:54.809113+00:00
JP:ハロフロ,JP,ハロプロ,ハロフロ,2000,100,1779711600,1779772200,[4],"[""ハロプロ"", ""ハロー!プロジェクト"", ""ハロー プロジェクト""]",2026-05-26T06:37:54.809113+00:00
JP:石垣市,JP,石垣市,石垣市,1000,100,1779697800,1779757800,[10],"[""石垣市"", ""石垣島 殺人事件""]",2026-05-26T06:37:54.809113+00:00
JP:阿部慎之助長女,JP,阿部慎之助長女,阿部慎之助長女,1000,100,1779717000,1779770400,[11],"[""阿部慎之助長女"", ""阿部慎之助 家""]",2026-05-26T06:37:54.809113+00:00
JP:一蘭,JP,一蘭,一蘭,2000,200,1779695400,1779711600,[11],"[""一蘭""]",2026-05-26T06:37:54.809113+00:00
JP:ana 国内線,JP,ana 国内線,ana 国内線,1000,100,1779716400,1779754800,"[19, 3, 16]","[""ana 国内線""]",2026-05-26T06:37:54.809113+00:00
JP:近鉄京都線,JP,近鉄京都線,近鉄京都線,200,100,1779763200,1779768600,[3],"[""近鉄京都線""]",2026-05-26T06:37:54.809113+00:00
JP:公安調査庁,JP,公安調査庁,公安調査庁,500,200,1779747600,1779763200,[10],"[""公安調査庁""]",2026-05-26T06:37:54.809113+00:00
JP:国家情報局設置法案,JP,国家情報局設置法案,国家情報局設置法案,1000,75,1779711600,1779775200,"[14, 10]","[""国家情報局設置法案""]",2026-05-26T06:37:54.809113+00:00
JP:宇多田ヒカル,JP,宇多田ヒカル,宇多田ヒカル,1000,600,1779754200,1779758400,[4],"[""宇多田ヒカル""]",2026-05-26T06:37:54.809113+00:00
JP:alfee,JP,alfee,alfee,1000,75,1779699000,1779750600,[4],"[""alfee""]",2026-05-26T06:37:54.809113+00:00
JP:海津市,JP,海津市,海津市,500,100,1779756000,1779766800,[3],"[""海津市""]",2026-05-26T06:37:54.809113+00:00
JP:ヒロイン,JP,ヒロイン,ヒロイン,200,100,1779764400,1779769200,[4],"[""ヒロイン""]",2026-05-26T06:37:54.809113+00:00
JP:有村架純,JP,有村架純,有村架純,1000,300,1779745200,1779753000,[4],"[""有村架純"", ""有村 架純""]",2026-05-26T06:37:54.809113+00:00
JP:川栄李奈,JP,川栄李奈,川栄李奈,2000,300,1779745200,1779763200,[4],"[""川栄李奈"", ""好きすぎて滅"", ""川栄李奈 離婚""]",2026-05-26T06:37:54.809113+00:00
JP:山手線,JP,山手線,山手線,5000,1000,1779705000,1779709800,"[19, 3]","[""山手線""]",2026-05-26T06:37:54.809113+00:00
JP:仲田歩夢,JP,仲田歩夢,仲田歩夢,500,100,1779718200,1779754200,[17],"[""仲田歩夢""]",2026-05-26T06:37:54.809113+00:00
JP:鈴木伸之,JP,鈴木伸之,鈴木伸之,2000,1000,1779711000,1779717600,[4],"[""鈴木伸之""]",2026-05-26T06:37:54.809113+00:00
JP:コカコーラ,JP,コカコーラ,コカコーラ,2000,50,1779702600,1779753000,[5],"[""コカコーラ"", ""コカコーラ 値上げ"", ""コカ・コーラ""]",2026-05-26T06:37:54.809113+00:00
JP:淡路島,JP,淡路島,淡路島,200,100,1779765600,1779769800,[5],"[""淡路島""]",2026-05-26T06:37:54.809113+00:00
JP:梅毒,JP,梅毒,梅毒,1000,75,1779708000,1779745800,[7],"[""梅毒""]",2026-05-26T06:37:54.809113+00:00
JP:アレックス・ヘシア,JP,アレックス・ベシア,アレックス・ヘシア,200,200,1779768000,1779771000,[17],"[""アレックス・ベシア""]",2026-05-26T06:37:54.809113+00:00
JP:宮中 晩餐 会,JP,宮中 晩餐 会,宮中 晩餐 会,1000,75,1779705000,1779756000,"[10, 14]","[""宮中 晩餐 会""]",2026-05-26T06:37:54.809113+00:00
JP:木戸大聖,JP,木戸大聖,木戸大聖,2000,200,1779705000,1779749400,[4],"[""木戸大聖"", ""草川 拓弥"", ""モブ子の恋"", ""桜田ひより""]",2026-05-26T06:37:54.809113+00:00
JP:小池徹平,JP,小池徹平,小池徹平,1000,1000,1779759000,1779760800,[4],"[""小池徹平""]",2026-05-26T06:37:54.809113+00:00
JP:5803,JP,5803,5803,2000,400,1779692400,1779704400,[3],"[""5803""]",2026-05-26T06:37:54.809113+00:00
JP:千代田化工建設,JP,千代田化工建設,千代田化工建設,500,100,1779743400,1779758400,[3],"[""千代田化工建設""]",2026-05-26T06:37:54.809113+00:00
JP:セハ交流戦,JP,セパ交流戦,セハ交流戦,500,100,1779716400,1779769200,[17],"[""セパ交流戦""]",2026-05-26T06:37:54.809113+00:00
JP:長嶋茂雄,JP,長嶋茂雄,長嶋茂雄,500,100,1779717600,1779770400,"[17, 4]","[""長嶋茂雄""]",2026-05-26T06:37:54.809113+00:00
JP:たつの市,JP,たつの市,たつの市,2000,500,1779706800,1779712800,[10],"[""たつの市"", ""兵庫県たつの市""]",2026-05-26T06:37:54.809113+00:00
JP:希土類 元素,JP,希土類 元素,希土類 元素,200,50,1779765600,1779770400,[11],"[""希土類 元素""]",2026-05-26T06:37:54.809113+00:00
JP:カール=アンソニー・タウンス,JP,カール=アンソニー・タウンズ,カール=アンソニー・タウンス,500,100,1779759600,1779766800,[17],"[""カール=アンソニー・タウンズ"", ""ジェイレン・ブランソン""]",2026-05-26T06:37:54.809113+00:00
JP:テーフ ロハーツ,JP,デーブ ロバーツ,テーフ ロハーツ,500,200,1779739200,1779751200,[17],"[""デーブ ロバーツ""]",2026-05-26T06:37:54.809113+00:00
JP:長崎天気,JP,長崎天気,長崎天気,500,100,1779742200,1779753600,[20],"[""長崎天気"", ""長崎 天気""]",2026-05-26T06:37:54.809113+00:00
JP:論文,JP,論文,論文,500,75,1779717600,1779757800,[7],"[""論文""]",2026-05-26T06:37:54.809113+00:00
JP:ハナショウフ,JP,ハナショウブ,ハナショウフ,500,100,1779746400,1779756600,[11],"[""ハナショウブ""]",2026-05-26T06:37:54.809113+00:00
JP:gohands,JP,gohands,gohands,1000,75,1779706800,1779747600,[4],"[""gohands""]",2026-05-26T06:37:54.809113+00:00
JP:鈴木京香,JP,鈴木京香,鈴木京香,500,300,1779745200,1779755400,[4],"[""鈴木京香""]",2026-05-26T06:37:54.809113+00:00
JP:ヤフー,JP,ヤフー,ヤフー,5000,50,1779718800,1779744000,[11],"[""ヤフー""]",2026-05-26T06:37:54.809113+00:00
JP:世界遺産,JP,世界遺産,世界遺産,200,75,1779756000,1779776400,[19],"[""世界遺産""]",2026-05-26T06:37:54.809113+00:00
JP:フラックハンサー,JP,ブラックパンサー,フラックハンサー,2000,1000,1779715200,1779721800,[16],"[""ブラックパンサー""]",2026-05-26T06:37:54.809113+00:00
JP:松井秀喜,JP,松井秀喜,松井秀喜,1000,300,1779717600,1779771000,[17],"[""松井秀喜""]",2026-05-26T06:37:54.809113+00:00
JP:ロラン・ティリ,JP,ロラン・ティリ,ロラン・ティリ,100,50,1779749400,,[17],"[""ロラン・ティリ""]",2026-05-26T06:37:54.809113+00:00
JP:日高屋,JP,日高屋,日高屋,500,100,1779728400,1779750000,[3],"[""日高屋""]",2026-05-26T06:37:54.809113+00:00
JP:クランクリーン大阪,JP,グラングリーン大阪,クランクリーン大阪,1000,100,1779696600,1779755400,[11],"[""グラングリーン大阪""]",2026-05-26T06:37:54.809113+00:00
JP:ゆうちゃみ,JP,ゆうちゃみ,ゆうちゃみ,2000,1000,1779706200,1779712200,"[17, 6]","[""ゆうちゃみ"", ""伊坂幸太郎 重力ピエロ""]",2026-05-26T06:37:54.809113+00:00
JP:produce 101 japan,JP,produce 101 japan,produce 101 japan,1000,200,1779705600,1779727800,[4],"[""produce 101 japan"", ""キナリ 辞退""]",2026-05-26T06:37:54.809113+00:00
JP:今森茉耶,JP,今森茉耶,今森茉耶,500,300,1779745200,1779751800,[4],"[""今森茉耶"", ""今森まや""]",2026-05-26T06:37:54.809113+00:00
JP:ハハラッチ,JP,パパラッチ,ハハラッチ,500,100,1779729000,1779755400,[4],"[""パパラッチ""]",2026-05-26T06:37:54.809113+00:00
JP:七尾市,JP,七尾市,七尾市,500,100,1779736800,1779753600,[10],"[""七尾市""]",2026-05-26T06:37:54.809113+00:00
JP:住友化学,JP,住友化学,住友化学,500,75,1779739800,1779756000,[3],"[""住友化学""]",2026-05-26T06:37:54.809113+00:00
JP:中外製薬,JP,中外製薬,中外製薬,200,75,1779748800,1779772800,[3],"[""中外製薬""]",2026-05-26T06:37:54.809113+00:00
JP:帝国ホテル,JP,帝国ホテル,帝国ホテル,1000,100,1779699600,1779744000,[4],"[""帝国ホテル""]",2026-05-26T06:37:54.809113+00:00
JP:8267,JP,8267,8267,2000,300,1779693600,1779703800,[3],"[""8267"", ""4755""]",2026-05-26T06:37:54.809113+00:00
JP:榮倉奈々,JP,榮倉奈々,榮倉奈々,2000,1000,1779711000,1779717600,[4],"[""榮倉奈々""]",2026-05-26T06:37:54.809113+00:00
JP:下久保タム,JP,下久保ダム,下久保タム,100,100,1779766800,1779771000,[3],"[""下久保ダム""]",2026-05-26T06:37:54.809113+00:00
JP:松島輝空,JP,松島輝空,松島輝空,200,100,1779746400,1779756600,"[17, 6]","[""松島輝空""]",2026-05-26T06:37:54.809113+00:00
JP:トリントル玲奈,JP,トリンドル玲奈,トリントル玲奈,2000,1000,1779706800,1779714000,[4],"[""トリンドル玲奈""]",2026-05-26T06:37:54.809113+00:00
JP:仲野太賀,JP,仲野太賀,仲野太賀,2000,1000,1779711000,1779716400,[4],"[""仲野太賀""]",2026-05-26T06:37:54.809113+00:00
JP:吉沢亮,JP,吉沢亮,吉沢亮,200,200,1779741600,1779753000,[4],"[""吉沢亮""]",2026-05-26T06:37:54.809113+00:00
JP:韓国 スタハ,JP,韓国 スタバ,韓国 スタハ,200,75,1779772200,1779774600,[11],"[""韓国 スタバ"", ""スタバ タンブラー""]",2026-05-26T06:37:54.809113+00:00
JP:劇団ひとり,JP,劇団ひとり,劇団ひとり,2000,1000,1779706800,1779713400,[4],"[""劇団ひとり""]",2026-05-26T06:37:54.809113+00:00
JP:ntt,JP,ntt,ntt,1000,200,1779693600,1779747600,"[3, 18]","[""ntt""]",2026-05-26T06:37:54.809113+00:00
JP:銀魂,JP,銀魂,銀魂,1000,75,1779696600,1779745200,[4],"[""銀魂""]",2026-05-26T06:37:54.809113+00:00
JP:ホクマタネムイヨ,JP,ボクマダネムイヨ,ホクマタネムイヨ,1000,100,1779708600,1779728400,"[17, 6]","[""ボクマダネムイヨ""]",2026-05-26T06:37:54.809113+00:00
JP:大吾,JP,大吾,大吾,500,400,1779747600,1779753000,[4],"[""大吾""]",2026-05-26T06:37:54.809113+00:00
JP:高橋成美,JP,高橋成美,高橋成美,500,600,1779739800,1779747000,[4],"[""高橋成美""]",2026-05-26T06:37:54.809113+00:00
JP:dodgers vs rockies,JP,dodgers vs rockies,dodgers vs rockies,200,75,1779760800,1779770400,[17],"[""dodgers vs rockies""]",2026-05-26T06:37:54.809113+00:00
JP:fig 株価,JP,fig 株価,fig 株価,500,100,1779754200,1779759000,[3],"[""fig 株価""]",2026-05-26T06:37:54.809113+00:00
JP:川相昌弘,JP,川相昌弘,川相昌弘,1000,500,1779717600,1779727800,[17],"[""川相昌弘""]",2026-05-26T06:37:54.809113+00:00
JP:谷川 萌々子,JP,谷川 萌々子,谷川 萌々子,200,200,1779745200,1779754200,[17],"[""谷川 萌々子""]",2026-05-26T06:37:54.809113+00:00
JP:米国市場休場,JP,米国市場休場,米国市場休場,500,200,1779714600,1779745800,[3],"[""米国市場休場""]",2026-05-26T06:37:54.809113+00:00
JP:交流戦日程,JP,交流戦日程,交流戦日程,500,75,1779717600,1779770400,[17],"[""交流戦日程""]",2026-05-26T06:37:54.809113+00:00
JP:藤波辰爾,JP,藤波辰爾,藤波辰爾,500,1000,1779748800,1779753000,[17],"[""藤波辰爾""]",2026-05-26T06:37:54.809113+00:00
JP:アステラス製薬,JP,アステラス製薬,アステラス製薬,200,100,1779747000,1779770400,[3],"[""アステラス製薬""]",2026-05-26T06:37:54.809113+00:00
JP:浅田真央,JP,浅田真央,浅田真央,500,100,1779720000,1779749400,[17],"[""浅田真央""]",2026-05-26T06:37:54.809113+00:00
JP:リフート,JP,リブート,リフート,500,100,1779702600,1779748800,[4],"[""リブート""]",2026-05-26T06:37:54.809113+00:00
JP:蒲郡競艇,JP,蒲郡競艇,蒲郡競艇,1000,100,1779699600,1779712800,[17],"[""蒲郡競艇""]",2026-05-26T06:37:54.809113+00:00
JP:マミーマート,JP,マミーマート,マミーマート,2000,1000,1779700800,1779706200,"[3, 5]","[""マミーマート""]",2026-05-26T06:37:54.809113+00:00
JP:早稲田アカテミー,JP,早稲田アカデミー,早稲田アカテミー,200,50,1779745200,1779775800,[9],"[""早稲田アカデミー""]",2026-05-26T06:37:54.809113+00:00
JP:福田雄一,JP,福田雄一,福田雄一,2000,800,1779711600,1779716400,[4],"[""福田雄一"", ""福田監督""]",2026-05-26T06:37:54.809113+00:00
JP:中島歩,JP,中島歩,中島歩,200,200,1779736200,1779748200,[4],"[""中島歩""]",2026-05-26T06:37:54.809113+00:00
JP:ソフトハンククルーフ,JP,ソフトバンクグループ,ソフトハンククルーフ,1000,300,1779694800,1779747600,[3],"[""ソフトバンクグループ""]",2026-05-26T06:37:54.809113+00:00
JP:sonny rollins,JP,sonny rollins,sonny rollins,100,50,1779774000,1779775200,[4],"[""sonny rollins""]",2026-05-26T06:37:54.809113+00:00
JP:チームみらい,JP,チームみらい,チームみらい,200,100,1779740400,1779753600,[11],"[""チームみらい""]",2026-05-26T06:37:54.809113+00:00
JP:水晶玉子,JP,水晶玉子,水晶玉子,500,75,1779703200,1779752400,[11],"[""水晶玉子"", ""かに座""]",2026-05-26T06:37:54.809113+00:00
JP:フルーインハルス,JP,ブルーインパルス,フルーインハルス,200,100,1779739800,1779749400,[11],"[""ブルーインパルス""]",2026-05-26T06:37:54.809113+00:00
JP:auralee new balance,JP,auralee new balance,auralee new balance,500,75,1779706800,1779750000,[16],"[""auralee new balance""]",2026-05-26T06:37:54.809113+00:00
JP:財津 和夫,JP,財津 和夫,財津 和夫,200,75,1779747600,1779757200,[4],"[""財津 和夫""]",2026-05-26T06:37:54.809113+00:00
JP:ホンホントロッフシール ホッフアッフ,JP,ボンボンドロップシール ポップアップ,ホンホントロッフシール ホッフアッフ,200,100,1779767400,1779769800,[11],"[""ボンボンドロップシール ポップアップ""]",2026-05-26T06:37:54.809113+00:00
JP:浦和競馬,JP,浦和競馬,浦和競馬,100,75,1779765600,1779769800,"[17, 8, 6]","[""浦和競馬""]",2026-05-26T06:37:54.809113+00:00
JP:森友学園,JP,森友学園,森友学園,2000,700,1779705000,1779711000,[10],"[""森友学園"", ""森友学園問題"", ""赤木俊夫"", ""赤木雅子""]",2026-05-26T06:37:54.809113+00:00
JP:寺田心,JP,寺田心,寺田心,2000,700,1779706800,1779712800,[4],"[""寺田心"", ""真剣遊戯 theバトルshow"", ""真剣遊戯""]",2026-05-26T06:37:54.809113+00:00
JP:八嶋智人,JP,八嶋智人,八嶋智人,200,100,1779769200,1779771000,[4],"[""八嶋智人""]",2026-05-26T06:37:54.809113+00:00
JP:rikaco,JP,rikaco,rikaco,200,100,1779732000,1779750000,[4],"[""rikaco""]",2026-05-26T06:37:54.809113+00:00
JP:専修大学,JP,専修大学,専修大学,200,100,1779723600,1779751200,[9],"[""専修大学""]",2026-05-26T06:37:54.809113+00:00
JP:き ほう,JP,き ぼう,き ほう,500,100,1779702000,1779748800,[11],"[""き ぼう""]",2026-05-26T06:37:54.809113+00:00
JP:テロイト トーマツ,JP,デロイト トーマツ,テロイト トーマツ,200,75,1779765000,1779768600,[3],"[""デロイト トーマツ"", ""デロイトトーマツ""]",2026-05-26T06:37:54.809113+00:00
JP:押切もえ,JP,押切もえ,押切もえ,2000,900,1779703800,1779709200,"[4, 2]","[""押切もえ""]",2026-05-26T06:37:54.809113+00:00
JP:タンカー,JP,タンカー,タンカー,500,500,1779744000,1779749400,[11],"[""タンカー""]",2026-05-26T06:37:54.809113+00:00
JP:ケロロ軍曹,JP,ケロロ軍曹,ケロロ軍曹,500,100,1779723600,1779768600,[4],"[""ケロロ軍曹""]",2026-05-26T06:37:54.809113+00:00
JP:渡邊圭祐,JP,渡邊圭祐,渡邊圭祐,1000,100,1779715800,1779729000,[4],"[""渡邊圭祐"", ""銀河の一票 キャスト"", ""望月歩""]",2026-05-26T06:37:54.809113+00:00
JP:徳川家,JP,徳川家,徳川家,200,300,1779754800,1779759000,[4],"[""徳川家""]",2026-05-26T06:37:54.809113+00:00
JP:山形県,JP,山形県,山形県,1000,300,1779706200,1779712800,[11],"[""山形県"", ""山形""]",2026-05-26T06:37:54.809113+00:00
JP:285a,JP,285a,285a,1000,300,1779692400,1779702000,[3],"[""285a""]",2026-05-26T06:37:54.809113+00:00
JP:クラケ,JP,クラゲ,クラケ,100,50,1779756000,1779777000,[8],"[""クラゲ""]",2026-05-26T06:37:54.809113+00:00
JP:瓜田純士,JP,瓜田純士,瓜田純士,200,100,1779740400,1779753000,[4],"[""瓜田純士""]",2026-05-26T06:37:54.809113+00:00
JP:王鵬,JP,王鵬,王鵬,1000,1000,1779706200,1779711000,[11],"[""王鵬""]",2026-05-26T06:37:54.809113+00:00
JP:トウテュース,JP,ドウデュース,トウテュース,1000,50,1779700200,1779718200,"[17, 6, 8]","[""ドウデュース"", ""リアライズシリウス"", ""ゴーイントゥスカイ""]",2026-05-26T06:37:54.809113+00:00
JP:本田圭佑,JP,本田圭佑,本田圭佑,1000,1000,1779713400,1779717600,[17],"[""本田圭佑""]",2026-05-26T06:37:54.809113+00:00
JP:スーハーマーケット,JP,スーパーマーケット,スーハーマーケット,500,50,1779698400,1779745800,[3],"[""スーパーマーケット""]",2026-05-26T06:37:54.809113+00:00
JP:伊達政宗,JP,伊達政宗,伊達政宗,2000,1000,1779703800,1779708000,"[10, 4]","[""伊達政宗""]",2026-05-26T06:37:54.809113+00:00
JP:シウォン,JP,ジウォン,シウォン,500,100,1779691200,1779750000,[4],"[""ジウォン""]",2026-05-26T06:37:54.809113+00:00
JP:篠原涼子,JP,篠原涼子,篠原涼子,500,900,1779724200,1779729600,[4],"[""篠原涼子""]",2026-05-26T06:37:54.809113+00:00
JP:あさイチ,JP,あさイチ,あさイチ,500,75,1779751800,1779755400,[4],"[""あさイチ""]",2026-05-26T06:37:54.809113+00:00
JP:寛一郎,JP,寛一郎,寛一郎,200,400,1779748800,1779753000,[4],"[""寛一郎"", ""鳴海唯""]",2026-05-26T06:37:54.809113+00:00
JP:カフス,JP,カブス,カフス,200,100,1779739200,1779747000,[17],"[""カブス""]",2026-05-26T06:37:54.809113+00:00
JP:全米 オーフン,JP,全米 オープン,全米 オーフン,500,100,1779696600,1779709800,[17],"[""全米 オープン""]",2026-05-26T06:37:54.809113+00:00
JP:トーヒンク,JP,ドーピング,トーヒンク,500,75,1779692400,1779709200,[11],"[""ドーピング""]",2026-05-26T06:37:54.809113+00:00
JP:ウィーラー,JP,ウィーラー,ウィーラー,500,300,1779717600,1779725400,[17],"[""ウィーラー"", ""ウィーラー 巨人""]",2026-05-26T06:37:54.809113+00:00
JP:大林組,JP,大林組,大林組,200,100,1779743400,1779751200,[3],"[""大林組""]",2026-05-26T06:37:54.809113+00:00
JP:megumi,JP,megumi,megumi,200,300,1779742800,1779747600,[4],"[""megumi""]",2026-05-26T06:37:54.809113+00:00
JP:japan,JP,japan,japan,200,50,1779747600,1779755400,[10],"[""japan"", ""tokyo""]",2026-05-26T06:37:54.809113+00:00
JP:シソンヌ,JP,シソンヌ,シソンヌ,200,200,1779750600,1779754800,[4],"[""シソンヌ"", ""ヒコロヒー""]",2026-05-26T06:37:54.809113+00:00
JP:ハワイ,JP,ハワイ,ハワイ,500,100,1779710400,1779759000,[19],"[""ハワイ""]",2026-05-26T06:37:54.809113+00:00
JP:ロマンスカー,JP,ロマンスカー,ロマンスカー,200,300,1779748800,1779753000,[3],"[""ロマンスカー""]",2026-05-26T06:37:54.809113+00:00
JP:ホンタ・アコート,JP,ホンダ・アコード,ホンタ・アコート,200,100,1779750600,1779755400,[1],"[""ホンダ・アコード""]",2026-05-26T06:37:54.809113+00:00
JP:宮本恒靖,JP,宮本恒靖,宮本恒靖,500,300,1779714000,1779720000,"[4, 17]","[""宮本恒靖""]",2026-05-26T06:37:54.809113+00:00
JP:ハロー,JP,バロー,ハロー,1000,700,1779700800,1779705000,[3],"[""バロー"", ""スーパーバロー"", ""スーパー バロー""]",2026-05-26T06:37:54.809113+00:00
JP:横田真悠,JP,横田真悠,横田真悠,200,500,1779744000,1779748200,"[2, 4]","[""横田真悠""]",2026-05-26T06:37:54.809113+00:00
JP:小泉 孝太郎,JP,小泉 孝太郎,小泉 孝太郎,200,100,1779735600,1779746400,[4],"[""小泉 孝太郎""]",2026-05-26T06:37:54.809113+00:00
JP:宮崎市天気,JP,宮崎市天気,宮崎市天気,200,100,1779742200,1779750000,[20],"[""宮崎市天気""]",2026-05-26T06:37:54.809113+00:00
JP:ミイヒ,JP,ミイヒ,ミイヒ,200,75,1779728400,1779750000,[17],"[""ミイヒ""]",2026-05-26T06:37:54.809113+00:00
JP:おそ松さん,JP,おそ松さん,おそ松さん,200,100,1779745800,1779751800,[4],"[""おそ松さん""]",2026-05-26T06:37:54.809113+00:00
JP:岩田絵里奈,JP,岩田絵里奈,岩田絵里奈,200,300,1779756600,1779758400,[4],"[""岩田絵里奈""]",2026-05-26T06:37:54.809113+00:00
JP:アンシェリーナショリー,JP,アンジェリーナジョリー,アンシェリーナショリー,500,75,1779704400,1779715800,[4],"[""アンジェリーナジョリー"", ""アンジェリーナ・ジョリー""]",2026-05-26T06:37:54.809113+00:00
JP:niat puasa arafah,JP,niat puasa arafah,niat puasa arafah,200,400,1779730200,1779738000,[8],"[""niat puasa arafah""]",2026-05-26T06:37:54.809113+00:00
JP:ティマ,JP,ティマ,ティマ,500,75,1779706200,1779721800,[17],"[""ティマ"", ""長野久義""]",2026-05-26T06:37:54.809113+00:00
JP:j x 金属,JP,j x 金属,j x 金属,200,300,1779743400,1779747600,[3],"[""j x 金属""]",2026-05-26T06:37:54.809113+00:00
JP:立命館大学,JP,立命館大学,立命館大学,500,200,1779708000,1779715800,[11],"[""立命館大学""]",2026-05-26T06:37:54.809113+00:00
JP:シントン 痩せ た,JP,シンドン 痩せ た,シントン 痩せ た,200,50,1779713400,1779748200,[4],"[""シンドン 痩せ た""]",2026-05-26T06:37:54.809113+00:00
JP:埼玉西武ライオンス,JP,埼玉西武ライオンズ,埼玉西武ライオンス,200,200,1779742200,1779747600,[17],"[""埼玉西武ライオンズ""]",2026-05-26T06:37:54.809113+00:00
JP:地震速報 沖縄,JP,地震速報 沖縄,地震速報 沖縄,200,300,1779745800,1779750000,[20],"[""地震速報 沖縄""]",2026-05-26T06:37:54.809113+00:00
JP:イヒテン,JP,イビデン,イヒテン,200,100,1779745800,1779752400,[3],"[""イビデン""]",2026-05-26T06:37:54.809113+00:00
JP:相鉄,JP,相鉄,相鉄,200,200,1779752400,1779755400,[3],"[""相鉄""]",2026-05-26T06:37:54.809113+00:00
JP:菓匠三全,JP,菓匠三全,菓匠三全,500,75,1779693600,1779710400,"[4, 5]","[""菓匠三全""]",2026-05-26T06:37:54.809113+00:00
JP:シェミニー,JP,ジェミニー,シェミニー,500,50,1779755400,1779757800,[18],"[""ジェミニー""]",2026-05-26T06:37:54.809113+00:00
JP:上杉謙信,JP,上杉謙信,上杉謙信,500,800,1779722400,1779726600,[10],"[""上杉謙信""]",2026-05-26T06:37:54.809113+00:00
JP:リアルタイム,JP,リアルタイム,リアルタイム,500,50,1779718800,1779741600,[1],"[""リアルタイム""]",2026-05-26T06:37:54.809113+00:00
JP:菜々緒,JP,菜々緒,菜々緒,200,75,1779709800,1779747600,[4],"[""菜々緒""]",2026-05-26T06:37:54.809113+00:00
JP:安川電機,JP,安川電機,安川電機,200,50,1779753000,1779759000,[3],"[""安川電機""]",2026-05-26T06:37:54.809113+00:00
JP:興行収入,JP,興行収入,興行収入,500,100,1779702000,1779712800,[4],"[""興行収入""]",2026-05-26T06:37:54.809113+00:00
JP:箱の中の羊,JP,箱の中の羊,箱の中の羊,500,200,1779748800,1779750600,[4],"[""箱の中の羊""]",2026-05-26T06:37:54.809113+00:00
JP:蓮見翔,JP,蓮見翔,蓮見翔,1000,900,1779704400,1779708600,[4],"[""蓮見翔""]",2026-05-26T06:37:54.809113+00:00
JP:チェス,JP,チェス,チェス,100,50,1779770400,1779771600,[11],"[""チェス""]",2026-05-26T06:37:54.809113+00:00
JP:橋本環奈,JP,橋本環奈,橋本環奈,500,400,1779712200,1779716400,[4],"[""橋本環奈""]",2026-05-26T06:37:54.809113+00:00
JP:多すきる恋と殺人,JP,多すぎる恋と殺人,多すきる恋と殺人,1000,100,1779724200,1779728400,[4],"[""多すぎる恋と殺人"", ""森カンナ""]",2026-05-26T06:37:54.809113+00:00
JP:喧嘩,JP,喧嘩,喧嘩,500,100,1779696600,1779708000,"[17, 4]","[""喧嘩""]",2026-05-26T06:37:54.809113+00:00
JP:オレシュニク,JP,オレシュニク,オレシュニク,200,75,1779739800,1779751800,[10],"[""オレシュニク""]",2026-05-26T06:37:54.809113+00:00
JP:炎鵬,JP,炎鵬,炎鵬,1000,500,1779694200,1779698400,[17],"[""炎鵬""]",2026-05-26T06:37:54.809113+00:00
JP:佐藤琢磨,JP,佐藤琢磨,佐藤琢磨,200,100,1779726000,1779736200,[17],"[""佐藤琢磨""]",2026-05-26T06:37:54.809113+00:00
JP:羽鳥慎一,JP,羽鳥慎一,羽鳥慎一,500,100,1779711600,1779717000,[4],"[""羽鳥慎一"", ""モーニングショー""]",2026-05-26T06:37:54.809113+00:00
JP:松田元太,JP,松田元太,松田元太,500,400,1779718800,1779723000,[4],"[""松田元太""]",2026-05-26T06:37:54.809113+00:00
JP:ラヒタス,JP,ラピダス,ラヒタス,200,75,1779704400,1779730800,[18],"[""ラピダス""]",2026-05-26T06:37:54.809113+00:00
JP:書類送検,JP,書類送検,書類送検,100,200,1779748800,1779753000,[10],"[""書類送検""]",2026-05-26T06:37:54.809113+00:00
JP:伊藤園,JP,伊藤園,伊藤園,200,50,1779741000,1779750000,[5],"[""伊藤園""]",2026-05-26T06:37:54.809113+00:00
JP:是枝監督,JP,是枝監督,是枝監督,200,200,1779748800,1779752400,[4],"[""是枝監督""]",2026-05-26T06:37:54.809113+00:00
JP:石油,JP,石油,石油,200,200,1779742800,1779747000,[3],"[""石油""]",2026-05-26T06:37:54.809113+00:00
JP:中条あやみ,JP,中条あやみ,中条あやみ,200,100,1779722400,1779732000,[4],"[""中条あやみ""]",2026-05-26T06:37:54.809113+00:00
JP:スハイターマン:フラントニューテイ,JP,スパイダーマン:ブランドニューデイ,スハイターマン:フラントニューテイ,500,100,1779693600,1779705000,[4],"[""スパイダーマン:ブランドニューデイ""]",2026-05-26T06:37:54.809113+00:00
JP:水谷瞬,JP,水谷瞬,水谷瞬,200,75,1779708000,1779745800,[17],"[""水谷瞬""]",2026-05-26T06:37:54.809113+00:00
JP:浦和レットタイヤモンス,JP,浦和レッドダイヤモンズ,浦和レットタイヤモンス,100,75,1779742200,1779749400,[17],"[""浦和レッドダイヤモンズ""]",2026-05-26T06:37:54.809113+00:00
JP:村上信五,JP,村上信五,村上信五,500,200,1779715800,1779720600,[4],"[""村上信五""]",2026-05-26T06:37:54.809113+00:00
JP:上毛新聞,JP,上毛新聞,上毛新聞,100,50,1779765000,1779766800,[19],"[""上毛新聞""]",2026-05-26T06:37:54.809113+00:00
JP:貴闘力,JP,貴闘力,貴闘力,500,200,1779706200,1779711000,[17],"[""貴闘力""]",2026-05-26T06:37:54.809113+00:00
JP:竹内涼真,JP,竹内涼真,竹内涼真,100,300,1779741600,1779745800,[11],"[""竹内涼真""]",2026-05-26T06:37:54.809113+00:00
JP:めさましテレヒ 占い,JP,めざましテレビ 占い,めさましテレヒ 占い,500,50,1779747600,1779750600,[4],"[""めざましテレビ 占い"", ""ちいかわ占い""]",2026-05-26T06:37:54.809113+00:00
JP:ムーン,JP,ムーン,ムーン,500,500,1779706200,1779710400,[11],"[""ムーン""]",2026-05-26T06:37:54.809113+00:00
JP:地下鉄サリン事件,JP,地下鉄サリン事件,地下鉄サリン事件,100,200,1779747000,1779751200,[4],"[""地下鉄サリン事件""]",2026-05-26T06:37:54.809113+00:00
JP:テレヒミセス,JP,テレビミセス,テレヒミセス,1000,50,1779710400,1779714000,[4],"[""テレビミセス""]",2026-05-26T06:37:54.809113+00:00
JP:風邪,JP,風邪,風邪,200,50,1779747600,1779752400,[7],"[""風邪""]",2026-05-26T06:37:54.809113+00:00
JP:iss,JP,iss,iss,500,400,1779712200,1779715800,"[15, 3]","[""iss""]",2026-05-26T06:37:54.809113+00:00
JP:高知 天気,JP,高知 天気,高知 天気,100,100,1779748800,1779752400,[20],"[""高知 天気""]",2026-05-26T06:37:54.809113+00:00
JP:帰れマンテー,JP,帰れマンデー,帰れマンテー,500,100,1779706200,1779711600,[4],"[""帰れマンデー""]",2026-05-26T06:37:54.809113+00:00
JP:瀬戸大也,JP,瀬戸大也,瀬戸大也,200,600,1779722400,1779726000,[4],"[""瀬戸大也""]",2026-05-26T06:37:54.809113+00:00
JP:c,JP,c,c,100,75,1779754800,1779757800,[11],"[""c""]",2026-05-26T06:37:54.809113+00:00
JP:岸明日香,JP,岸明日香,岸明日香,100,75,1779745200,1779750000,[4],"[""岸明日香""]",2026-05-26T06:37:54.809113+00:00
JP:あさくま,JP,あさくま,あさくま,200,75,1779717600,1779732600,[5],"[""あさくま""]",2026-05-26T06:37:54.809113+00:00
JP:内田被告,JP,内田被告,内田被告,200,75,1779696000,1779751200,[10],"[""内田被告""]",2026-05-26T06:37:54.809113+00:00
JP:白石聖,JP,白石聖,白石聖,100,100,1779742800,1779747000,[4],"[""白石聖""]",2026-05-26T06:37:54.809113+00:00
JP:スヘースx 上場,JP,スペースx 上場,スヘースx 上場,100,100,1779745200,1779749400,[3],"[""スペースx 上場""]",2026-05-26T06:37:54.809113+00:00
JP:日本政策金融公庫,JP,日本政策金融公庫,日本政策金融公庫,100,50,1779760200,1779762000,[3],"[""日本政策金融公庫""]",2026-05-26T06:37:54.809113+00:00
JP:前澤友作,JP,前澤友作,前澤友作,100,75,1779765000,1779766200,[3],"[""前澤友作""]",2026-05-26T06:37:54.809113+00:00
JP:写真集,JP,写真集,写真集,100,300,1779746400,1779748800,[4],"[""写真集""]",2026-05-26T06:37:54.809113+00:00
JP:つは九郎,JP,つば九郎,つは九郎,200,100,1779716400,1779721200,[17],"[""つば九郎""]",2026-05-26T06:37:54.809113+00:00
JP:正木智也,JP,正木智也,正木智也,200,200,1779712800,1779717000,[17],"[""正木智也""]",2026-05-26T06:37:54.809113+00:00
JP:マックスハリュ,JP,マックスバリュ,マックスハリュ,200,50,1779733800,1779752400,"[3, 5]","[""マックスバリュ""]",2026-05-26T06:37:54.809113+00:00
JP:水曜 とうてしょう?,JP,水曜 どうでしょう?,水曜 とうてしょう?,200,75,1779704400,1779711000,[4],"[""水曜 どうでしょう?""]",2026-05-26T06:37:54.809113+00:00
JP:大吾 映画,JP,大吾 映画,大吾 映画,100,100,1779748800,1779751800,[4],"[""大吾 映画""]",2026-05-26T06:37:54.809113+00:00
JP:ホケモンgo イヘント,JP,ポケモンgo イベント,ホケモンgo イヘント,100,75,1779750000,1779753000,"[15, 18, 6]","[""ポケモンgo イベント""]",2026-05-26T06:37:54.809113+00:00
JP:潟上市,JP,潟上市,潟上市,200,50,1779697800,1779706800,[10],"[""潟上市""]",2026-05-26T06:37:54.809113+00:00
JP:カリスマ,JP,カリスマ,カリスマ,200,300,1779706800,1779710400,"[4, 2]","[""カリスマ""]",2026-05-26T06:37:54.809113+00:00
JP:polymarket,JP,polymarket,polymarket,200,75,1779704400,1779711000,[17],"[""polymarket""]",2026-05-26T06:37:54.809113+00:00
JP:タコス,JP,タコス,タコス,100,100,1779747000,1779750000,[5],"[""タコス""]",2026-05-26T06:37:54.809113+00:00
JP:沖縄地震速報,JP,沖縄地震速報,沖縄地震速報,200,100,1779708000,1779747600,[20],"[""沖縄地震速報""]",2026-05-26T06:37:54.809113+00:00
JP:狂犬病,JP,狂犬病,狂犬病,200,200,1779714000,1779717600,"[8, 13]","[""狂犬病""]",2026-05-26T06:37:54.809113+00:00
JP:佐野史郎,JP,佐野史郎,佐野史郎,200,200,1779710400,1779714600,[4],"[""佐野史郎""]",2026-05-26T06:37:54.809113+00:00
JP:チェスリン コルヒ,JP,チェスリン コルビ,チェスリン コルヒ,200,100,1779696600,1779703200,[17],"[""チェスリン コルビ""]",2026-05-26T06:37:54.809113+00:00
JP:シー,JP,シー,シー,200,200,1779702600,1779706800,[19],"[""シー""]",2026-05-26T06:37:54.809113+00:00
JP:田原俊彦,JP,田原俊彦,田原俊彦,200,100,1779706200,1779711000,[4],"[""田原俊彦""]",2026-05-26T06:37:54.809113+00:00
JP:川崎希,JP,川崎希,川崎希,200,75,1779704400,1779711600,[4],"[""川崎希""]",2026-05-26T06:37:54.809113+00:00
JP:みい,JP,みい,みい,200,200,1779705600,1779709800,[4],"[""みい""]",2026-05-26T06:37:54.809113+00:00
JP:桐谷広人,JP,桐谷広人,桐谷広人,100,200,1779743400,1779746400,[3],"[""桐谷広人""]",2026-05-26T06:37:54.809113+00:00
JP:創価学会,JP,創価学会,創価学会,200,75,1779702000,1779708000,[8],"[""創価学会""]",2026-05-26T06:37:54.809113+00:00
JP:あはれる君,JP,あばれる君,あはれる君,200,200,1779708000,1779711600,[4],"[""あばれる君""]",2026-05-26T06:37:54.809113+00:00
JP:山下美月,JP,山下美月,山下美月,200,100,1779708600,1779712800,[4],"[""山下美月""]",2026-05-26T06:37:54.809113+00:00
JP:ハリーホッター 舞台,JP,ハリーポッター 舞台,ハリーホッター 舞台,200,300,1779723000,1779726000,[4],"[""ハリーポッター 舞台""]",2026-05-26T06:37:54.809113+00:00
JP:東北新幹線 遅延,JP,東北新幹線 遅延,東北新幹線 遅延,100,100,1779751800,1779753600,[3],"[""東北新幹線 遅延""]",2026-05-26T06:37:54.809113+00:00
JP:近鉄奈良線,JP,近鉄奈良線,近鉄奈良線,100,100,1779749400,1779751200,[3],"[""近鉄奈良線""]",2026-05-26T06:37:54.809113+00:00
JP:藤田晋,JP,藤田晋,藤田晋,200,200,1779695400,1779699600,[11],"[""藤田晋""]",2026-05-26T06:37:54.809113+00:00
JP:アルハカ,JP,アルパカ,アルハカ,100,200,1779742800,1779745800,"[8, 13]","[""アルパカ""]",2026-05-26T06:37:54.809113+00:00
JP:tokyo burst 犯罪都市,JP,tokyo burst 犯罪都市,tokyo burst 犯罪都市,100,100,1779748800,1779751200,[4],"[""tokyo burst 犯罪都市""]",2026-05-26T06:37:54.809113+00:00
JP:disney,JP,disney,disney,100,200,1779741600,1779744600,[4],"[""disney""]",2026-05-26T06:37:54.809113+00:00
JP:長谷川唯,JP,長谷川唯,長谷川唯,100,75,1779748800,1779752400,[17],"[""長谷川唯""]",2026-05-26T06:37:54.809113+00:00
JP:多摩川競艇,JP,多摩川競艇,多摩川競艇,200,75,1779696000,1779700800,"[17, 8]","[""多摩川競艇""]",2026-05-26T06:37:54.809113+00:00
JP:朝倉海,JP,朝倉海,朝倉海,200,100,1779707400,1779711000,[17],"[""朝倉海""]",2026-05-26T06:37:54.809113+00:00
JP:香川真司,JP,香川真司,香川真司,100,100,1779721800,1779726000,"[17, 4]","[""香川真司""]",2026-05-26T06:37:54.809113+00:00
JP:7012,JP,7012,7012,200,100,1779694800,1779699600,[3],"[""7012""]",2026-05-26T06:37:54.809113+00:00
JP:鈴木亮平,JP,鈴木亮平,鈴木亮平,200,100,1779704400,1779708600,[11],"[""鈴木亮平""]",2026-05-26T06:37:54.809113+00:00
JP:ファイアーエムフレム,JP,ファイアーエムブレム,ファイアーエムフレム,100,100,1779724800,1779729600,[6],"[""ファイアーエムブレム""]",2026-05-26T06:37:54.809113+00:00
JP:高知県,JP,高知県,高知県,200,100,1779708000,1779712200,[17],"[""高知県""]",2026-05-26T06:37:54.809113+00:00
JP:ヘトナム航空,JP,ベトナム航空,ヘトナム航空,100,75,1779750000,1779752400,[11],"[""ベトナム航空""]",2026-05-26T06:37:54.809113+00:00
JP:ハスホート,JP,パスポート,ハスホート,100,75,1779724800,1779744600,[19],"[""パスポート""]",2026-05-26T06:37:54.809113+00:00
JP:北村匠海,JP,北村匠海,北村匠海,500,200,1779713400,1779715200,[4],"[""北村匠海""]",2026-05-26T06:37:54.809113+00:00
JP:人とくるまのテクノロシー展,JP,人とくるまのテクノロジー展,人とくるまのテクノロシー展,100,75,1779759600,1779760800,[3],"[""人とくるまのテクノロジー展""]",2026-05-26T06:37:54.809113+00:00
JP:キテレツ,JP,キテレツ,キテレツ,200,200,1779708000,1779711000,[4],"[""キテレツ""]",2026-05-26T06:37:54.809113+00:00
JP:伊藤涼太郎,JP,伊藤涼太郎,伊藤涼太郎,200,50,1779702000,1779713400,[17],"[""伊藤涼太郎""]",2026-05-26T06:37:54.809113+00:00
JP:西野七瀬,JP,西野七瀬,西野七瀬,100,100,1779728400,1779732600,[4],"[""西野七瀬""]",2026-05-26T06:37:54.809113+00:00
JP:福知山,JP,福知山,福知山,200,100,1779705000,1779709200,[17],"[""福知山""]",2026-05-26T06:37:54.809113+00:00
JP:アルセンチン,JP,アルゼンチン,アルセンチン,200,100,1779708600,1779711600,[17],"[""アルゼンチン""]",2026-05-26T06:37:54.809113+00:00
JP:東レ,JP,東レ,東レ,100,50,1779748800,1779753000,[17],"[""東レ""]",2026-05-26T06:37:54.809113+00:00
JP:エーサイ 株価,JP,エーザイ 株価,エーサイ 株価,100,75,1779756600,1779757800,[3],"[""エーザイ 株価""]",2026-05-26T06:37:54.809113+00:00
JP:本並健治,JP,本並健治,本並健治,200,100,1779715200,1779718200,[4],"[""本並健治""]",2026-05-26T06:37:54.809113+00:00
JP:フリアン・アルハレス,JP,フリアン・アルバレス,フリアン・アルハレス,100,100,1779747600,1779749400,[17],"[""フリアン・アルバレス""]",2026-05-26T06:37:54.809113+00:00
JP:ntt東日本,JP,ntt東日本,ntt東日本,200,100,1779707400,1779710400,[18],"[""ntt東日本""]",2026-05-26T06:37:54.809113+00:00
JP:假屋崎省吾,JP,假屋崎省吾,假屋崎省吾,100,50,1779756600,1779757800,[8],"[""假屋崎省吾""]",2026-05-26T06:37:54.809113+00:00
JP:読売新聞オンライン,JP,読売新聞オンライン,読売新聞オンライン,100,50,1779720000,1779751800,[3],"[""読売新聞オンライン""]",2026-05-26T06:37:54.809113+00:00
JP:メティアリンクス 株価,JP,メディアリンクス 株価,メティアリンクス 株価,100,50,1779756600,1779757800,[3],"[""メディアリンクス 株価""]",2026-05-26T06:37:54.809113+00:00
JP:ハンサー,JP,パンサー,ハンサー,200,100,1779717000,1779719400,[4],"[""パンサー""]",2026-05-26T06:37:54.809113+00:00
JP:名古屋市 コミ袋,JP,名古屋市 ゴミ袋,名古屋市 コミ袋,100,75,1779748800,1779750600,[3],"[""名古屋市 ゴミ袋""]",2026-05-26T06:37:54.809113+00:00
JP:リチャート,JP,リチャード,リチャート,100,100,1779747600,1779749400,[17],"[""リチャード""]",2026-05-26T06:37:54.809113+00:00
JP:猛暑日,JP,猛暑日,猛暑日,100,50,1779748800,1779751800,[20],"[""猛暑日""]",2026-05-26T06:37:54.809113+00:00
JP:トシャース 日程,JP,ドジャース 日程,トシャース 日程,100,75,1779741000,1779743400,[17],"[""ドジャース 日程""]",2026-05-26T06:37:54.809113+00:00
JP:memorial day,JP,memorial day,memorial day,100,50,1779719400,1779727800,[10],"[""memorial day""]",2026-05-26T06:37:54.809113+00:00
JP:東北大学,JP,東北大学,東北大学,200,100,1779691200,1779695400,[9],"[""東北大学""]",2026-05-26T06:37:54.809113+00:00
JP:銀山温泉,JP,銀山温泉,銀山温泉,200,75,1779709800,1779712800,[19],"[""銀山温泉""]",2026-05-26T06:37:54.809113+00:00
JP:闇ハイト,JP,闇バイト,闇ハイト,100,100,1779748200,1779749400,[10],"[""闇バイト""]",2026-05-26T06:37:54.809113+00:00
JP:伊藤俊人 ショムニ,JP,伊藤俊人 ショムニ,伊藤俊人 ショムニ,100,100,1779693600,1779697800,[4],"[""伊藤俊人 ショムニ""]",2026-05-26T06:37:54.809113+00:00
JP:スタン・ワウリンカ,JP,スタン・ワウリンカ,スタン・ワウリンカ,200,50,1779712800,1779721800,[17],"[""スタン・ワウリンカ""]",2026-05-26T06:37:54.809113+00:00
JP:鬼女の棲む家,JP,鬼女の棲む家,鬼女の棲む家,100,100,1779723000,1779726600,[4],"[""鬼女の棲む家""]",2026-05-26T06:37:54.809113+00:00
JP:万引き,JP,万引き,万引き,200,75,1779708000,1779711000,[10],"[""万引き""]",2026-05-26T06:37:54.809113+00:00
JP:ミスチル,JP,ミスチル,ミスチル,100,75,1779718200,1779720600,[4],"[""ミスチル""]",2026-05-26T06:37:54.809113+00:00
JP:坂口憲二,JP,坂口憲二,坂口憲二,100,50,1779720600,1779733200,[4],"[""坂口憲二""]",2026-05-26T06:37:54.809113+00:00
JP:安倍晋三,JP,安倍晋三,安倍晋三,100,100,1779720000,1779721800,[17],"[""安倍晋三""]",2026-05-26T06:37:54.809113+00:00
JP:田辺智加,JP,田辺智加,田辺智加,100,75,1779750000,1779751200,[4],"[""田辺智加""]",2026-05-26T06:37:54.809113+00:00
JP:横浜市,JP,横浜市,横浜市,200,100,1779702000,1779703800,[11],"[""横浜市""]",2026-05-26T06:37:54.809113+00:00
JP:dx 超 合金 sdf 1 マクロス,JP,dx 超 合金 sdf 1 マクロス,dx 超 合金 sdf 1 マクロス,100,75,1779702600,1779705600,"[4, 16]","[""dx 超 合金 sdf 1 マクロス""]",2026-05-26T06:37:54.809113+00:00
JP:辺見えみり,JP,辺見えみり,辺見えみり,100,75,1779691800,1779695400,[4],"[""辺見えみり""]",2026-05-26T06:37:54.809113+00:00
JP:ファイナルファンタシー,JP,ファイナルファンタジー,ファイナルファンタシー,100,75,1779716400,1779727800,[4],"[""ファイナルファンタジー""]",2026-05-26T06:37:54.809113+00:00
JP:トム・ヨーク,JP,トム・ヨーク,トム・ヨーク,100,75,1779718200,1779720000,[4],"[""トム・ヨーク""]",2026-05-26T06:37:54.809113+00:00
JP:銀座 催涙スフレー,JP,銀座 催涙スプレー,銀座 催涙スフレー,100,50,1779699600,1779702000,[11],"[""銀座 催涙スプレー""]",2026-05-26T06:37:54.809113+00:00
JP:三菱ケミカルクルーフ,JP,三菱ケミカルグループ,三菱ケミカルクルーフ,100,75,1779693600,1779696000,[3],"[""三菱ケミカルグループ""]",2026-05-26T06:37:54.809113+00:00
JP:タカアントトシ,JP,タカアンドトシ,タカアントトシ,100,50,1779709200,1779710400,[4],"[""タカアンドトシ""]",2026-05-26T06:37:54.809113+00:00
JP:津競艇,JP,津競艇,津競艇,100,50,1779693600,1779694800,"[17, 8]","[""津競艇""]",2026-05-26T06:37:54.809113+00:00
KE:minimum wage,KE,minimum wage,minimum wage,2000,1000,1779697200,,[3],"[""minimum wage""]",2026-05-26T06:38:36.387563+00:00
KE:paderborn vs wolfsburg,KE,paderborn vs wolfsburg,paderborn vs wolfsburg,2000,600,1779717600,,[17],"[""paderborn vs wolfsburg"", ""wolfsburg""]",2026-05-26T06:38:36.387563+00:00
KE:william ruto,KE,william ruto,william ruto,1000,400,1779716400,,[14],"[""william ruto""]",2026-05-26T06:38:36.387563+00:00
KE:electricity,KE,electricity,electricity,1000,1000,1779732600,,[1],"[""electricity""]",2026-05-26T06:38:36.387563+00:00
KE:wednesday holiday,KE,wednesday holiday,wednesday holiday,2000,300,1779710400,,[8],"[""wednesday holiday"", ""eid ul-adha kenya 2026"", ""27th may 2026 holiday"", ""is wednesday 27th may a holiday"", ""public holiday"", ""wednesday 27th may holiday"", ""eid ul adha""]",2026-05-26T06:38:36.387563+00:00
KE:from episode 6,KE,from episode 6,from episode 6,1000,400,1779711600,,[4],"[""from episode 6""]",2026-05-26T06:38:36.387563+00:00
KE:cavaliers vs knicks,KE,cavaliers vs knicks,cavaliers vs knicks,1000,1000,1779761400,,[17],"[""cavaliers vs knicks""]",2026-05-26T06:38:36.387563+00:00
KE:chelsea manager xabi alonso,KE,chelsea manager xabi alonso,chelsea manager xabi alonso,500,600,1779719400,,[17],"[""chelsea manager xabi alonso""]",2026-05-26T06:38:36.387563+00:00
KE:paris saint-germain f.c.,KE,paris saint-germain f.c.,paris saint-germain f.c.,500,600,1779732600,,[17],"[""paris saint-germain f.c.""]",2026-05-26T06:38:36.387563+00:00
KE:cba,KE,cba,cba,200,200,1779769800,,[11],"[""cba""]",2026-05-26T06:38:36.387563+00:00
KE:pep guardiola,KE,pep guardiola,pep guardiola,2000,300,1779717600,1779776400,[17],"[""pep guardiola""]",2026-05-26T06:38:36.387563+00:00
KE:weather forecasting,KE,weather forecasting,weather forecasting,200,500,1779757800,1779773400,[20],"[""weather forecasting""]",2026-05-26T06:38:36.387563+00:00
KE:fine,KE,fine,fine,500,600,1779708600,1779771600,[11],"[""fine""]",2026-05-26T06:38:36.387563+00:00
KE:bohemians vs shamrock rovers,KE,bohemians vs shamrock rovers,bohemians vs shamrock rovers,200,400,1779726600,1779771600,[17],"[""bohemians vs shamrock rovers""]",2026-05-26T06:38:36.387563+00:00
KE:eliud kipchoge,KE,eliud kipchoge,eliud kipchoge,200,500,1779720000,1779739800,[17],"[""eliud kipchoge""]",2026-05-26T06:38:36.387563+00:00
KE:notts county vs salford city,KE,notts county vs salford city,notts county vs salford city,200,300,1779712800,1779727800,[17],"[""notts county vs salford city""]",2026-05-26T06:38:36.387563+00:00
KE:derry city vs shelbourne,KE,derry city vs shelbourne,derry city vs shelbourne,200,200,1779730200,1779744600,[17],"[""derry city vs shelbourne"", ""derry city""]",2026-05-26T06:38:36.387563+00:00
KE:sha,KE,sha,sha,500,50,1779693600,1779700800,"[9, 10]","[""sha""]",2026-05-26T06:38:36.387563+00:00
KE:affordable housing,KE,affordable housing,affordable housing,200,700,1779713400,1779722400,[11],"[""affordable housing""]",2026-05-26T06:38:36.387563+00:00
KE:tanzania,KE,tanzania,tanzania,100,400,1779723000,1779730200,[3],"[""tanzania""]",2026-05-26T06:38:36.387563+00:00
KE:st mirren vs partick thistle,KE,st mirren vs partick thistle,st mirren vs partick thistle,100,400,1779730200,1779736200,[17],"[""st mirren vs partick thistle"", ""st mirren""]",2026-05-26T06:38:36.387563+00:00
KE:ai,KE,ai,ai,100,100,1779751200,1779770400,[11],"[""ai""]",2026-05-26T06:38:36.387563+00:00
KE:zed fc,KE,zed fc,zed fc,100,500,1779735600,1779739800,[17],"[""zed fc""]",2026-05-26T06:38:36.387563+00:00
KE:import,KE,import,import,100,500,1779729000,1779732000,[3],"[""import""]",2026-05-26T06:38:36.387563+00:00
KR:뇌졸중,KR,뇌졸중,뇌졸중,50000,1000,1779709800,,[4],"[""뇌졸중""]",2026-05-26T06:39:27.230996+00:00
KR:실종자,KR,실종자,실종자,20000,1000,1779750000,,[10],"[""실종자""]",2026-05-26T06:39:27.230996+00:00
KR:어머니,KR,어머니,어머니,10000,1000,1779746400,,[4],"[""어머니""]",2026-05-26T06:39:27.230996+00:00
KR:시아버지,KR,시아버지,시아버지,50000,1000,1779736800,,[4],"[""시아버지""]",2026-05-26T06:39:27.230996+00:00
KR:기뢰 부설함,KR,기뢰 부설함,기뢰 부설함,20000,1000,1779762600,,[10],"[""기뢰 부설함"", ""기뢰부설함"", ""미군"", ""기뢰"", ""폭스""]",2026-05-26T06:39:27.230996+00:00
KR:박항서,KR,박항서,박항서,20000,1000,1779701400,,[17],"[""박항서""]",2026-05-26T06:39:27.230996+00:00
KR:미사일 방어,KR,미사일 방어,미사일 방어,5000,1000,1779766800,,[11],"[""미사일 방어""]",2026-05-26T06:39:27.230996+00:00
KR:카카오 모빌리티,KR,카카오 모빌리티,카카오 모빌리티,10000,1000,1779708600,,[11],"[""카카오 모빌리티"", ""카카오모빌리티""]",2026-05-26T06:39:27.230996+00:00
KR:5 세대 이동 통신,KR,5 세대 이동 통신,5 세대 이동 통신,10000,1000,1779706200,,[18],"[""5 세대 이동 통신""]",2026-05-26T06:39:27.230996+00:00
KR:김명수,KR,김명수,김명수,5000,1000,1779768000,,[10],"[""김명수"", ""계엄""]",2026-05-26T06:39:27.230996+00:00
KR:차승원,KR,차승원,차승원,5000,1000,1779747600,,[4],"[""차승원""]",2026-05-26T06:39:27.230996+00:00
KR:금융 포용,KR,금융 포용,금융 포용,2000,1000,1779768000,,[3],"[""금융 포용""]",2026-05-26T06:39:27.230996+00:00
KR:고성국,KR,고성국,고성국,2000,1000,1779769200,,"[14, 10]","[""고성국""]",2026-05-26T06:39:27.230996+00:00
KR:시체,KR,시체,시체,10000,1000,1779717000,,[11],"[""시체""]",2026-05-26T06:39:27.230996+00:00
KR:자외선 차단제,KR,자외선 차단제,자외선 차단제,10000,1000,1779712800,,[11],"[""자외선 차단제""]",2026-05-26T06:39:27.230996+00:00
KR:이란,KR,이란,이란,10000,900,1779741000,,[11],"[""이란"", ""미국 이란""]",2026-05-26T06:39:27.230996+00:00
KR:김도영,KR,김도영,김도영,5000,1000,1779767400,,[17],"[""김도영""]",2026-05-26T06:39:27.230996+00:00
KR:장하나,KR,장하나,장하나,2000,1000,1779768000,,[17],"[""장하나""]",2026-05-26T06:39:27.230996+00:00
KR:아메리칸 뮤직 어워드,KR,아메리칸 뮤직 어워드,아메리칸 뮤직 어워드,5000,1000,1779768600,,[4],"[""아메리칸 뮤직 어워드"", ""방탄소년단""]",2026-05-26T06:39:27.230996+00:00
KR:김종훈,KR,김종훈,김종훈,2000,1000,1779768600,,[14],"[""김종훈""]",2026-05-26T06:39:27.230996+00:00
KR:날씨,KR,날씨,날씨,1000000,100,1779744600,1779754200,[20],"[""날씨"", ""내일 날씨"", ""오늘날씨"", ""서울수도권"", ""기상청"", ""기상청 날씨누리"", ""오늘 날씨"", ""날씨예보"", ""비"", ""날씨누리"", ""서울 날씨"", ""오늘의 날씨"", ""대전날씨"", ""내일날씨"", ""서울날씨"", ""광주날씨"", ""날씨 서울"", ""전국 날씨"", ""강풍""]",2026-05-26T06:39:27.230996+00:00
KR:수박,KR,수박,수박,2000,1000,1779763800,,"[3, 5]","[""수박""]",2026-05-26T06:39:27.230996+00:00
KR:골프 카트,KR,골프 카트,골프 카트,2000,1000,1779760800,,[17],"[""골프 카트""]",2026-05-26T06:39:27.230996+00:00
KR:개,KR,개,개,5000,1000,1779756600,,[11],"[""개"", ""법무부""]",2026-05-26T06:39:27.230996+00:00
KR:모터사이클,KR,모터사이클,모터사이클,2000,1000,1779749400,,[1],"[""모터사이클""]",2026-05-26T06:39:27.230996+00:00
KR:이규혁,KR,이규혁,이규혁,2000,800,1779713400,,[4],"[""이규혁""]",2026-05-26T06:39:27.230996+00:00
KR:신세계그룹,KR,신세계그룹,신세계그룹,5000,700,1779723600,,[11],"[""신세계그룹"", ""정용진 사과"", ""신세계 그룹"", ""신세계"", ""정용진"", ""최준용""]",2026-05-26T06:39:27.230996+00:00
KR:윤택,KR,윤택,윤택,500,1000,1779766800,,[4],"[""윤택""]",2026-05-26T06:39:27.230996+00:00
KR:실사격 훈련,KR,실사격 훈련,실사격 훈련,2000,1000,1779738600,,[10],"[""실사격 훈련""]",2026-05-26T06:39:27.230996+00:00
KR:채무,KR,채무,채무,1000,1000,1779769200,,[3],"[""채무""]",2026-05-26T06:39:27.230996+00:00
KR:최민석,KR,최민석,최민석,1000,1000,1779756600,,[17],"[""최민석""]",2026-05-26T06:39:27.230996+00:00
KR:에볼라바이러스,KR,에볼라바이러스,에볼라바이러스,2000,1000,1779768600,,[11],"[""에볼라바이러스"", ""에볼라 바이러스"", ""에볼라 출혈열"", ""에볼라""]",2026-05-26T06:39:27.230996+00:00
KR:코너 맥그리거,KR,코너 맥그리거,코너 맥그리거,1000,1000,1779772200,,[17],"[""코너 맥그리거""]",2026-05-26T06:39:27.230996+00:00
KR:앤드류 로버트슨,KR,앤드류 로버트슨,앤드류 로버트슨,500,1000,1779772800,,[17],"[""앤드류 로버트슨""]",2026-05-26T06:39:27.230996+00:00
KR:울산대공원 장미축제,KR,울산대공원 장미축제,울산대공원 장미축제,1000,900,1779745800,,"[4, 8]","[""울산대공원 장미축제""]",2026-05-26T06:39:27.230996+00:00
KR:공대공 미사일,KR,공대공 미사일,공대공 미사일,500,600,1779765000,,[10],"[""공대공 미사일""]",2026-05-26T06:39:27.230996+00:00
KR:조갑경,KR,조갑경,조갑경,500,500,1779758400,,[11],"[""조갑경""]",2026-05-26T06:39:27.230996+00:00
KR:기쁜 우리 좋은 날,KR,기쁜 우리 좋은 날,기쁜 우리 좋은 날,1000,500,1779741600,,[4],"[""기쁜 우리 좋은 날""]",2026-05-26T06:39:27.230996+00:00
KR:김동준,KR,김동준,김동준,1000,900,1779700800,,[4],"[""김동준""]",2026-05-26T06:39:27.230996+00:00
KR:허태정,KR,허태정,허태정,1000,500,1779744000,,[14],"[""허태정""]",2026-05-26T06:39:27.230996+00:00
KR:김강률,KR,김강률,김강률,2000,500,1779753600,,[17],"[""김강률"", ""불펜""]",2026-05-26T06:39:27.230996+00:00
KR:슈퍼카,KR,슈퍼카,슈퍼카,500,1000,1779772800,,[10],"[""슈퍼카""]",2026-05-26T06:39:27.230996+00:00
KR:대기업,KR,대기업,대기업,500,500,1779762000,,[3],"[""대기업""]",2026-05-26T06:39:27.230996+00:00
KR:파업,KR,파업,파업,20000,1000,1779709800,1779753600,[3],"[""파업""]",2026-05-26T06:39:27.230996+00:00
KR:노수산나,KR,노수산나,노수산나,1000,600,1779747000,,[4],"[""노수산나""]",2026-05-26T06:39:27.230996+00:00
KR:홈택스 종합소득세,KR,홈택스 종합소득세,홈택스 종합소득세,500,200,1779756000,,[3],"[""홈택스 종합소득세""]",2026-05-26T06:39:27.230996+00:00
KR:도운,KR,도운,도운,1000,300,1779732000,,[4],"[""도운"", ""유혜주 동생"", ""데이식스"", ""데이식스 도운""]",2026-05-26T06:39:27.230996+00:00
KR:데일,KR,데일,데일,5000,400,1779766800,,[17],"[""데일"", ""투수""]",2026-05-26T06:39:27.230996+00:00
KR:페라리 루체,KR,페라리 루체,페라리 루체,5000,300,1779760800,,[1],"[""페라리 루체"", ""자동차"", ""페라리""]",2026-05-26T06:39:27.230996+00:00
KR:조카,KR,조카,조카,500,600,1779705600,,[11],"[""조카""]",2026-05-26T06:39:27.230996+00:00
KR:사고,KR,사고,사고,20000,1000,1779703800,1779755400,[11],"[""사고""]",2026-05-26T06:39:27.230996+00:00
KR:정애리,KR,정애리,정애리,200,300,1779762600,,[4],"[""정애리""]",2026-05-26T06:39:27.230996+00:00
KR:필라델피아 필리스,KR,필라델피아 필리스,필라델피아 필리스,5000,1000,1779742800,1779768000,[17],"[""필라델피아 필리스""]",2026-05-26T06:39:27.230996+00:00
KR:청약홈,KR,청약홈,청약홈,500,100,1779768000,,[11],"[""청약홈"", ""청약""]",2026-05-26T06:39:27.230996+00:00
KR:대한광통신,KR,대한광통신,대한광통신,5000,1000,1779700200,1779754800,[3],"[""대한광통신"", ""대한광통신 주가""]",2026-05-26T06:39:27.230996+00:00
KR:구미시장,KR,구미시장,구미시장,2000,800,1779697200,1779772200,[14],"[""구미시장""]",2026-05-26T06:39:27.230996+00:00
KR:아베 신노스케,KR,아베 신노스케,아베 신노스케,500,300,1779723600,,[17],"[""아베 신노스케"", ""이승엽""]",2026-05-26T06:39:27.230996+00:00
KR:신호등,KR,신호등,신호등,2000,1000,1779747600,1779771000,[10],"[""신호등""]",2026-05-26T06:39:27.230996+00:00
KR:재정,KR,재정,재정,100,200,1779769800,,[11],"[""재정""]",2026-05-26T06:39:27.230996+00:00
KR:불,KR,불,불,100,300,1779771600,,[10],"[""불""]",2026-05-26T06:39:27.230996+00:00
KR:홍수,KR,홍수,홍수,200,300,1779771600,,[11],"[""홍수""]",2026-05-26T06:39:27.230996+00:00
KR:삼성전자,KR,삼성전자,삼성전자,10000,200,1779741000,1779751200,[3],"[""삼성전자"", ""삼성전자 특별경영성과급""]",2026-05-26T06:39:27.230996+00:00
KR:클리블랜드 대 뉴욕,KR,클리블랜드 대 뉴욕,클리블랜드 대 뉴욕,2000,1000,1779753000,1779766800,[17],"[""클리블랜드 대 뉴욕""]",2026-05-26T06:39:27.230996+00:00
KR:삼성전기 주가,KR,삼성전기 주가,삼성전기 주가,1000,200,1779751800,1779772200,[3],"[""삼성전기 주가""]",2026-05-26T06:39:27.230996+00:00
KR:이순실,KR,이순실,이순실,2000,1000,1779741000,1779763800,[4],"[""이순실""]",2026-05-26T06:39:27.230996+00:00
KR:재 환기 재단 환기 미술관,KR,재 환기 재단 환기 미술관,재 환기 재단 환기 미술관,2000,900,1779714000,1779762000,[4],"[""재 환기 재단 환기 미술관"", ""(재)환기재단·환기미술관""]",2026-05-26T06:39:27.230996+00:00
KR:런닝맨,KR,런닝맨,런닝맨,2000,1000,1779707400,1779758400,[4],"[""런닝맨""]",2026-05-26T06:39:27.230996+00:00
KR:신봉선,KR,신봉선,신봉선,2000,600,1779705600,1779770400,[4],"[""신봉선""]",2026-05-26T06:39:27.230996+00:00
KR:금융감독원,KR,금융감독원,금융감독원,2000,300,1779743400,1779772200,[3],"[""금융감독원""]",2026-05-26T06:39:27.230996+00:00
KR:청년,KR,청년,청년,2000,1000,1779696000,1779756600,[11],"[""청년""]",2026-05-26T06:39:27.230996+00:00
KR:한국은행 기준금리,KR,한국은행 기준금리,한국은행 기준금리,1000,500,1779714000,1779768600,[3],"[""한국은행 기준금리""]",2026-05-26T06:39:27.230996+00:00
KR:금,KR,금,금,5000,100,1779741000,1779752400,[3],"[""금""]",2026-05-26T06:39:27.230996+00:00
KR:피스피스스튜디오,KR,피스피스스튜디오,피스피스스튜디오,500,400,1779759000,1779774600,[3],"[""피스피스스튜디오""]",2026-05-26T06:39:27.230996+00:00
KR:서훈,KR,서훈,서훈,2000,1000,1779691200,1779768000,[10],"[""서훈""]",2026-05-26T06:39:27.230996+00:00
KR:은행,KR,은행,은행,200,300,1779766200,,[3],"[""은행""]",2026-05-26T06:39:27.230996+00:00
KR:리노공업,KR,리노공업,리노공업,2000,1000,1779738000,1779760800,[3],"[""리노공업""]",2026-05-26T06:39:27.230996+00:00
KR:스페이스x 상장일,KR,스페이스x 상장일,스페이스x 상장일,1000,200,1779754200,1779771000,[3],"[""스페이스x 상장일"", ""미국 항공 우주국"", ""tiger 미국우주테크""]",2026-05-26T06:39:27.230996+00:00
KR:경기도,KR,경기도,경기도,2000,1000,1779702600,1779753000,"[10, 9]","[""경기도""]",2026-05-26T06:39:27.230996+00:00
KR:액화천연가스,KR,액화천연가스,액화천연가스,2000,1000,1779712200,1779760200,[11],"[""액화천연가스""]",2026-05-26T06:39:27.230996+00:00
KR:올리브유,KR,올리브유,올리브유,1000,600,1779700800,1779762000,[5],"[""올리브유""]",2026-05-26T06:39:27.230996+00:00
KR:고양 킨텍스 pba 스타디움,KR,고양 킨텍스 pba 스타디움,고양 킨텍스 pba 스타디움,2000,1000,1779695400,1779753000,[17],"[""고양 킨텍스 pba 스타디움""]",2026-05-26T06:39:27.230996+00:00
KR:복싱,KR,복싱,복싱,1000,900,1779748200,1779769200,[17],"[""복싱""]",2026-05-26T06:39:27.230996+00:00
KR:weather,KR,weather,weather,5000,100,1779744600,1779753000,[20],"[""weather"", ""weather today""]",2026-05-26T06:39:27.230996+00:00
KR:운세,KR,운세,운세,5000,200,1779744600,1779754200,[4],"[""운세""]",2026-05-26T06:39:27.230996+00:00
KR:알 테오 젠,KR,알 테오 젠,알 테오 젠,2000,1000,1779717000,1779756000,[3],"[""알 테오 젠"", ""알테오젠""]",2026-05-26T06:39:27.230996+00:00
KR:수원 대 천안시티,KR,수원 대 천안시티,수원 대 천안시티,10000,1000,1779693000,1779711000,[17],"[""수원 대 천안시티"", ""k리그2""]",2026-05-26T06:39:27.230996+00:00
KR:라도 윤보미,KR,라도 윤보미,라도 윤보미,1000,300,1779720000,1779772200,[4],"[""라도 윤보미""]",2026-05-26T06:39:27.230996+00:00
KR:현충일 대체공휴일,KR,현충일 대체공휴일,현충일 대체공휴일,1000,200,1779712200,1779775200,[8],"[""현충일 대체공휴일""]",2026-05-26T06:39:27.230996+00:00
KR:어선,KR,어선,어선,1000,1000,1779720000,1779755400,[10],"[""어선""]",2026-05-26T06:39:27.230996+00:00
KR:애스트로스 대 레인저스,KR,애스트로스 대 레인저스,애스트로스 대 레인저스,500,600,1779752400,1779771000,[17],"[""애스트로스 대 레인저스""]",2026-05-26T06:39:27.230996+00:00
KR:류현진,KR,류현진,류현진,2000,700,1779739800,1779753000,[17],"[""류현진""]",2026-05-26T06:39:27.230996+00:00
KR:글로컬대학 30,KR,글로컬대학 30,글로컬대학 30,500,300,1779754200,1779773400,[9],"[""글로컬대학 30""]",2026-05-26T06:39:27.230996+00:00
KR:스테이블코인,KR,스테이블코인,스테이블코인,500,400,1779750000,1779772200,[3],"[""스테이블코인""]",2026-05-26T06:39:27.230996+00:00
KR:고용24,KR,고용24,고용24,2000,100,1779722400,1779759000,"[9, 10, 7]","[""고용24""]",2026-05-26T06:39:27.230996+00:00
KR:엘니뇨,KR,엘니뇨,엘니뇨,1000,1000,1779718800,1779753000,[11],"[""엘니뇨""]",2026-05-26T06:39:27.230996+00:00
KR:암호화폐,KR,암호화폐,암호화폐,1000,800,1779741000,1779754200,[3],"[""암호화폐""]",2026-05-26T06:39:27.230996+00:00
KR:미래에셋,KR,미래에셋,미래에셋,2000,700,1779704400,1779756000,[3],"[""미래에셋"", ""하이닉스 주가"", ""sk하이닉스 주가""]",2026-05-26T06:39:27.230996+00:00
KR:금양,KR,금양,금양,2000,1000,1779703800,1779749400,[3],"[""금양""]",2026-05-26T06:39:27.230996+00:00
KR:제주항공,KR,제주항공,제주항공,200,100,1779765000,1779774000,[3],"[""제주항공""]",2026-05-26T06:39:27.230996+00:00
KR:유현주,KR,유현주,유현주,1000,500,1779696600,1779760800,[17],"[""유현주""]",2026-05-26T06:39:27.230996+00:00
KR:샤이니,KR,샤이니,샤이니,1000,1000,1779745200,1779754800,[4],"[""샤이니""]",2026-05-26T06:39:27.230996+00:00
KR:cavaliers vs knicks,KR,cavaliers vs knicks,cavaliers vs knicks,500,600,1779756000,1779766800,[17],"[""cavaliers vs knicks""]",2026-05-26T06:39:27.230996+00:00
KR:북한,KR,북한,북한,200,200,1779768600,1779774600,[11],"[""북한""]",2026-05-26T06:39:27.230996+00:00
KR:대한전선,KR,대한전선,대한전선,1000,1000,1779740400,1779751800,[3],"[""대한전선""]",2026-05-26T06:39:27.230996+00:00
KR:셔츠,KR,셔츠,셔츠,1000,1000,1779742800,1779754200,[4],"[""셔츠""]",2026-05-26T06:39:27.230996+00:00
KR:무엇이든 물어보살,KR,무엇이든 물어보살,무엇이든 물어보살,500,1000,1779724200,1779757200,[4],"[""무엇이든 물어보살""]",2026-05-26T06:39:27.230996+00:00
KR:밀워키 브루어스,KR,밀워키 브루어스,밀워키 브루어스,100,200,1779769200,1779774600,[17],"[""밀워키 브루어스""]",2026-05-26T06:39:27.230996+00:00
KR:베트남,KR,베트남,베트남,2000,1000,1779691800,1779709200,[3],"[""베트남""]",2026-05-26T06:39:27.230996+00:00
KR:금융시장,KR,금융시장,금융시장,200,200,1779761400,1779774600,[3],"[""금융시장""]",2026-05-26T06:39:27.230996+00:00
KR:기아,KR,기아,기아,1000,1000,1779738600,1779747000,[1],"[""기아""]",2026-05-26T06:39:27.230996+00:00
KR:김성환,KR,김성환,김성환,500,1000,1779751800,1779759000,[3],"[""김성환""]",2026-05-26T06:39:27.230996+00:00
KR:삼화콘덴서,KR,삼화콘덴서,삼화콘덴서,100,100,1779773400,1779776400,[3],"[""삼화콘덴서""]",2026-05-26T06:39:27.230996+00:00
KR:삼성전자 주가,KR,삼성전자 주가,삼성전자 주가,2000,75,1779756000,1779759600,[3],"[""삼성전자 주가""]",2026-05-26T06:39:27.230996+00:00
KR:로베르토 데 제르비,KR,로베르토 데 제르비,로베르토 데 제르비,1000,600,1779700800,1779754200,[17],"[""로베르토 데 제르비"", ""로베르토 데 제르 비"", ""웨스트 햄 유나이티드 fc""]",2026-05-26T06:39:27.230996+00:00
KR:맨체스터 유나이티드 fc,KR,맨체스터 유나이티드 fc,맨체스터 유나이티드 fc,1000,200,1779741600,1779753000,[17],"[""맨체스터 유나이티드 fc"", ""에데르송""]",2026-05-26T06:39:27.230996+00:00
KR:bts,KR,bts,bts,200,100,1779765000,1779771600,[4],"[""bts""]",2026-05-26T06:39:27.230996+00:00
KR:시바이누코인,KR,시바이누코인,시바이누코인,500,500,1779715800,1779754200,[3],"[""시바이누코인""]",2026-05-26T06:39:27.230996+00:00
KR:김하성,KR,김하성,김하성,1000,900,1779744600,1779750600,[17],"[""김하성""]",2026-05-26T06:39:27.230996+00:00
KR:채정안,KR,채정안,채정안,200,200,1779762600,1779773400,[4],"[""채정안""]",2026-05-26T06:39:27.230996+00:00
KR:방공,KR,방공,방공,1000,800,1779703200,1779753600,[11],"[""방공""]",2026-05-26T06:39:27.230996+00:00
KR:일기예보,KR,일기예보,일기예보,500,100,1779741600,1779754800,[17],"[""일기예보""]",2026-05-26T06:39:27.230996+00:00
KR:thoi tiet ngay mai,KR,thời tiết ngày mai,thoi tiet ngay mai,2000,100,1779708600,1779719400,[20],"[""thời tiết ngày mai""]",2026-05-26T06:39:27.230996+00:00
KR:엘리나 스비톨리나,KR,엘리나 스비톨리나,엘리나 스비톨리나,500,800,1779713400,1779753600,[17],"[""엘리나 스비톨리나""]",2026-05-26T06:39:27.230996+00:00
KR:노원구,KR,노원구,노원구,500,400,1779694800,1779751800,[3],"[""노원구""]",2026-05-26T06:39:27.230996+00:00
KR:전주시,KR,전주시,전주시,500,500,1779712200,1779753600,[11],"[""전주시""]",2026-05-26T06:39:27.230996+00:00
KR:다시보기,KR,다시보기,다시보기,1000,200,1779714600,1779735600,[11],"[""다시보기"", ""tv 다시보기""]",2026-05-26T06:39:27.230996+00:00
KR:knicks,KR,knicks,knicks,200,200,1779762000,1779769200,"[17, 4]","[""knicks""]",2026-05-26T06:39:27.230996+00:00
KR:天气,KR,天气,天气,1000,75,1779743400,1779750600,[3],"[""天气""]",2026-05-26T06:39:27.230996+00:00
KR:나는 솔로 31기 논란,KR,나는 솔로 31기 논란,나는 솔로 31기 논란,500,200,1779693000,1779751800,[4],"[""나는 솔로 31기 논란""]",2026-05-26T06:39:27.230996+00:00
KR:미국 휴장,KR,미국 휴장,미국 휴장,1000,200,1779702000,1779750600,[3],"[""미국 휴장"", ""미국 휴장일"", ""메모리얼데이""]",2026-05-26T06:39:27.230996+00:00
KR:이혜원,KR,이혜원,이혜원,500,300,1779706800,1779751800,[4],"[""이혜원""]",2026-05-26T06:39:27.230996+00:00
KR:티비,KR,티비,티비,500,200,1779714600,1779736200,[4],"[""티비""]",2026-05-26T06:39:27.230996+00:00
KR:신수지,KR,신수지,신수지,200,300,1779738600,1779756000,[17],"[""신수지""]",2026-05-26T06:39:27.230996+00:00
KR:관광,KR,관광,관광,200,500,1779721800,1779753600,[19],"[""관광""]",2026-05-26T06:39:27.230996+00:00
KR:부산 날씨,KR,부산 날씨,부산 날씨,500,100,1779742800,1779754200,[11],"[""부산 날씨"", ""부산날씨""]",2026-05-26T06:39:27.230996+00:00
KR:모두가 자신의 무가치함과 싸우고 있다,KR,모두가 자신의 무가치함과 싸우고 있다,모두가 자신의 무가치함과 싸우고 있다,500,200,1779746400,1779754200,[4],"[""모두가 자신의 무가치함과 싸우고 있다"", ""모자 무싸""]",2026-05-26T06:39:27.230996+00:00
KR:인천광역시,KR,인천광역시,인천광역시,200,1000,1779755400,1779759600,[19],"[""인천광역시""]",2026-05-26T06:39:27.230996+00:00
KR:수출,KR,수출,수출,500,300,1779740400,1779749400,[3],"[""수출""]",2026-05-26T06:39:27.230996+00:00
KR:데클런 라이스,KR,데클런 라이스,데클런 라이스,200,300,1779741000,1779754200,[17],"[""데클런 라이스""]",2026-05-26T06:39:27.230996+00:00
KR:삼성중공업 주가,KR,삼성중공업 주가,삼성중공업 주가,200,100,1779756000,1779760800,[3],"[""삼성중공업 주가""]",2026-05-26T06:39:27.230996+00:00
KR:체험학습,KR,체험학습,체험학습,200,1000,1779745200,1779751200,[9],"[""체험학습""]",2026-05-26T06:39:27.230996+00:00
KR:지방선거 사전투표,KR,지방선거 사전투표,지방선거 사전투표,200,100,1779753000,1779766800,[14],"[""지방선거 사전투표""]",2026-05-26T06:39:27.230996+00:00
KR:ama,KR,ama,ama,100,400,1779765000,1779769200,[4],"[""ama""]",2026-05-26T06:39:27.230996+00:00
KR:하나은행,KR,하나은행,하나은행,500,75,1779755400,1779759000,[3],"[""하나은행""]",2026-05-26T06:39:27.230996+00:00
KR:철도,KR,철도,철도,500,600,1779696600,1779712800,[3],"[""철도""]",2026-05-26T06:39:27.230996+00:00
KR:전소영,KR,전소영,전소영,200,200,1779712200,1779736800,[4],"[""전소영""]",2026-05-26T06:39:27.230996+00:00
KR:고우석,KR,고우석,고우석,1000,800,1779699600,1779708600,[17],"[""고우석""]",2026-05-26T06:39:27.230996+00:00
KR:원효로,KR,원효로,원효로,500,300,1779694200,1779715200,[11],"[""원효로""]",2026-05-26T06:39:27.230996+00:00
KR:cuaca besok,KR,cuaca besok,cuaca besok,500,200,1779708600,1779720000,[20],"[""cuaca besok""]",2026-05-26T06:39:27.230996+00:00
KR:배달,KR,배달,배달,200,300,1779742200,1779753600,[3],"[""배달""]",2026-05-26T06:39:27.230996+00:00
KR:나스닥 선물,KR,나스닥 선물,나스닥 선물,200,200,1779722400,1779754200,[3],"[""나스닥 선물"", ""wti 유가"", ""국제유가""]",2026-05-26T06:39:27.230996+00:00
KR:인천날씨,KR,인천날씨,인천날씨,200,200,1779739800,1779753000,[20],"[""인천날씨""]",2026-05-26T06:39:27.230996+00:00
KR:코스피지수,KR,코스피지수,코스피지수,200,100,1779755400,1779758400,[3],"[""코스피지수""]",2026-05-26T06:39:27.230996+00:00
KR:삼성 갤럭시,KR,삼성 갤럭시,삼성 갤럭시,200,300,1779744600,1779752400,[18],"[""삼성 갤럭시""]",2026-05-26T06:39:27.230996+00:00
KR:중앙선거관리위원회,KR,중앙선거관리위원회,중앙선거관리위원회,100,100,1779771600,1779772800,[14],"[""중앙선거관리위원회""]",2026-05-26T06:39:27.230996+00:00
KR:아이스크림,KR,아이스크림,아이스크림,500,75,1779752400,1779756000,[5],"[""아이스크림""]",2026-05-26T06:39:27.230996+00:00
KR:현대차 주가,KR,현대차 주가,현대차 주가,200,75,1779756000,1779759000,[11],"[""현대차 주가""]",2026-05-26T06:39:27.230996+00:00
KR:셀트리온,KR,셀트리온,셀트리온,200,900,1779740400,1779745800,[3],"[""셀트리온""]",2026-05-26T06:39:27.230996+00:00
KR:유가,KR,유가,유가,200,200,1779742200,1779754800,[3],"[""유가""]",2026-05-26T06:39:27.230996+00:00
KR:기술이전,KR,기술이전,기술이전,100,400,1779749400,1779755400,[3],"[""기술이전""]",2026-05-26T06:39:27.230996+00:00
KR:달러환율,KR,달러환율,달러환율,200,100,1779753600,1779757800,[3],"[""달러환율"", ""달러원환율""]",2026-05-26T06:39:27.230996+00:00
KR:볼프스부르크,KR,볼프스부르크,볼프스부르크,100,400,1779750000,1779756000,[17],"[""볼프스부르크""]",2026-05-26T06:39:27.230996+00:00
KR:두산에너빌리티 주가,KR,두산에너빌리티 주가,두산에너빌리티 주가,200,100,1779756600,1779759600,[3],"[""두산에너빌리티 주가""]",2026-05-26T06:39:27.230996+00:00
KR:아브라함 협정,KR,아브라함 협정,아브라함 협정,100,200,1779741000,1779751800,[11],"[""아브라함 협정""]",2026-05-26T06:39:27.230996+00:00
KR:퇴직,KR,퇴직,퇴직,200,500,1779742200,1779746400,[3],"[""퇴직""]",2026-05-26T06:39:27.230996+00:00
KR:효성중공업 주가,KR,효성중공업 주가,효성중공업 주가,100,300,1779756600,1779760200,[3],"[""효성중공업 주가""]",2026-05-26T06:39:27.230996+00:00
KR:다홍이,KR,다홍이,다홍이,100,600,1779746400,1779752400,[4],"[""다홍이""]",2026-05-26T06:39:27.230996+00:00
KR:골든스테이트 워리어스,KR,골든스테이트 워리어스,골든스테이트 워리어스,200,100,1779696000,1779751200,[17],"[""골든스테이트 워리어스""]",2026-05-26T06:39:27.230996+00:00
KR:산청군,KR,산청군,산청군,200,200,1779713400,1779751200,[11],"[""산청군""]",2026-05-26T06:39:27.230996+00:00
KR:한화오션 주가,KR,한화오션 주가,한화오션 주가,200,100,1779756600,1779759600,[3],"[""한화오션 주가""]",2026-05-26T06:39:27.230996+00:00
KR:memorial day,KR,memorial day,memorial day,200,100,1779715800,1779753000,[11],"[""memorial day""]",2026-05-26T06:39:27.230996+00:00
KR:저비용 항공사,KR,저비용 항공사,저비용 항공사,200,300,1779703200,1779744600,[11],"[""저비용 항공사""]",2026-05-26T06:39:27.230996+00:00
KR:우리카드,KR,우리카드,우리카드,200,200,1779753000,1779756000,[11],"[""우리카드""]",2026-05-26T06:39:27.230996+00:00
KR:수원 삼성 블루윙즈,KR,수원 삼성 블루윙즈,수원 삼성 블루윙즈,200,200,1779714600,1779751200,[17],"[""수원 삼성 블루윙즈""]",2026-05-26T06:39:27.230996+00:00
KR:아마존 웹 서비스,KR,아마존 웹 서비스,아마존 웹 서비스,200,500,1779696000,1779745800,[3],"[""아마존 웹 서비스""]",2026-05-26T06:39:27.230996+00:00
KR:주성엔지니어링 주가,KR,주성엔지니어링 주가,주성엔지니어링 주가,100,200,1779757800,1779760200,[3],"[""주성엔지니어링 주가""]",2026-05-26T06:39:27.230996+00:00
KR:사랑을 처방해 드립니다,KR,사랑을 처방해 드립니다,사랑을 처방해 드립니다,500,100,1779706800,1779713400,[4],"[""사랑을 처방해 드립니다""]",2026-05-26T06:39:27.230996+00:00
KR:경찰,KR,경찰,경찰,100,600,1779739800,1779747000,[10],"[""경찰""]",2026-05-26T06:39:27.230996+00:00
KR:부산행,KR,부산행,부산행,200,300,1779708000,1779715800,[4],"[""부산행""]",2026-05-26T06:39:27.230996+00:00
KR:왕옌청,KR,왕옌청,왕옌청,200,700,1779702000,1779708600,[17],"[""왕옌청""]",2026-05-26T06:39:27.230996+00:00
KR:닛케이 평균주가,KR,닛케이 평균주가,닛케이 평균주가,500,100,1779693600,1779703200,[3],"[""닛케이 평균주가""]",2026-05-26T06:39:27.230996+00:00
KR:신혜선,KR,신혜선,신혜선,100,100,1779743400,1779751200,[4],"[""신혜선""]",2026-05-26T06:39:27.230996+00:00
KR:창덕궁,KR,창덕궁,창덕궁,200,200,1779692400,1779705000,[19],"[""창덕궁""]",2026-05-26T06:39:27.230996+00:00
KR:한미반도체 주가,KR,한미반도체 주가,한미반도체 주가,200,100,1779756600,1779758400,[3],"[""한미반도체 주가""]",2026-05-26T06:39:27.230996+00:00
KR:지방선거,KR,지방선거,지방선거,100,75,1779750600,1779754800,[14],"[""지방선거""]",2026-05-26T06:39:27.230996+00:00
KR:위버스,KR,위버스,위버스,200,200,1779716400,1779768600,[4],"[""위버스""]",2026-05-26T06:39:27.230996+00:00
KR:이주연,KR,이주연,이주연,200,800,1779697200,1779702000,[4],"[""이주연""]",2026-05-26T06:39:27.230996+00:00
KR:ewc 롤,KR,ewc 롤,ewc 롤,200,200,1779702600,1779717000,[11],"[""ewc 롤""]",2026-05-26T06:39:27.230996+00:00
KR:cnn,KR,cnn,cnn,100,100,1779751200,1779754200,[14],"[""cnn""]",2026-05-26T06:39:27.230996+00:00
KR:협박,KR,협박,협박,100,200,1779696600,1779744600,[10],"[""협박""]",2026-05-26T06:39:27.230996+00:00
KR:한영 박군 이혼설,KR,한영 박군 이혼설,한영 박군 이혼설,100,200,1779703800,1779744000,[4],"[""한영 박군 이혼설""]",2026-05-26T06:39:27.230996+00:00
KR:go,KR,go,go,200,200,1779701400,1779710400,[10],"[""go""]",2026-05-26T06:39:27.230996+00:00
KR:와우넷,KR,와우넷,와우넷,100,75,1779751800,1779754200,[3],"[""와우넷""]",2026-05-26T06:39:27.230996+00:00
KR:하트시그널,KR,하트시그널,하트시그널,100,200,1779703200,1779741600,[4],"[""하트시그널""]",2026-05-26T06:39:27.230996+00:00
KR:etf,KR,etf,etf,100,100,1779759000,1779760200,[3],"[""etf""]",2026-05-26T06:39:27.230996+00:00
KR:에코프로 주가,KR,에코프로 주가,에코프로 주가,100,100,1779757800,1779759000,[3],"[""에코프로 주가""]",2026-05-26T06:39:27.230996+00:00
KR:하정우,KR,하정우,하정우,200,100,1779696000,1779701400,[14],"[""하정우""]",2026-05-26T06:39:27.230996+00:00
KR:미장,KR,미장,미장,100,200,1779718800,1779727800,[3],"[""미장""]",2026-05-26T06:39:27.230996+00:00
KR:rte,KR,rte,rte,100,100,1779705000,1779709800,[11],"[""rte""]",2026-05-26T06:39:27.230996+00:00
KR:요기요,KR,요기요,요기요,100,200,1779693600,1779697200,"[5, 3]","[""요기요""]",2026-05-26T06:39:27.230996+00:00
KR:明天的天氣,KR,明天的天氣,明天的天氣,100,100,1779711000,1779717600,[20],"[""明天的天氣""]",2026-05-26T06:39:27.230996+00:00
KR:ewc 예선,KR,ewc 예선,ewc 예선,100,100,1779700800,1779702600,[11],"[""ewc 예선""]",2026-05-26T06:39:27.230996+00:00
KR:엘링 홀란드,KR,엘링 홀란드,엘링 홀란드,100,400,1779713400,1779714600,[17],"[""엘링 홀란드""]",2026-05-26T06:39:27.230996+00:00
KR:취사병,KR,취사병,취사병,100,100,1779712200,1779713400,[4],"[""취사병""]",2026-05-26T06:39:27.230996+00:00
KR:m,KR,m,m,100,100,1779707400,1779708600,[4],"[""m""]",2026-05-26T06:39:27.230996+00:00
MX:tormenta electrica,MX,tormenta eléctrica,tormenta electrica,50000,1000,1779717000,,[11],"[""tormenta eléctrica""]",2026-05-26T06:40:59.186270+00:00
MX:tom hanks,MX,tom hanks,tom hanks,10000,1000,1779721800,,[4],"[""tom hanks""]",2026-05-26T06:40:59.186270+00:00
MX:ano escolar,MX,año escolar,ano escolar,10000,1000,1779757800,,[9],"[""año escolar""]",2026-05-26T06:40:59.186270+00:00
MX:dodgers - rockies,MX,dodgers - rockies,dodgers - rockies,10000,1000,1779755400,,[17],"[""dodgers - rockies""]",2026-05-26T06:40:59.186270+00:00
MX:andres manuel lopez beltran,MX,andrés manuel lópez beltrán,andres manuel lopez beltran,10000,1000,1779730200,,"[14, 10]","[""andrés manuel lópez beltrán"", ""andy lópez"", ""morena""]",2026-05-26T06:40:59.186270+00:00
MX:campeon de campeones,MX,campeón de campeones,campeon de campeones,5000,1000,1779734400,,[17],"[""campeón de campeones""]",2026-05-26T06:40:59.186270+00:00
MX:guadalupe taddei zavala,MX,guadalupe taddei zavala,guadalupe taddei zavala,2000,1000,1779750000,,"[14, 10]","[""guadalupe taddei zavala""]",2026-05-26T06:40:59.186270+00:00
MX:efrain juarez,MX,efrain juarez,efrain juarez,5000,800,1779765600,,[17],"[""efrain juarez""]",2026-05-26T06:40:59.186270+00:00
MX:chedraui,MX,chedraui,chedraui,10000,100,1779692400,,"[5, 16]","[""chedraui""]",2026-05-26T06:40:59.186270+00:00
MX:american music awards 2026,MX,american music awards 2026,american music awards 2026,5000,1000,1779744600,,[4],"[""american music awards 2026""]",2026-05-26T06:40:59.186270+00:00
MX:azteca,MX,azteca,azteca,5000,700,1779757200,,"[14, 4]","[""azteca"", ""televisión"", ""claudia sheinbaum""]",2026-05-26T06:40:59.186270+00:00
MX:amas 2026,MX,amas 2026,amas 2026,10000,900,1779747000,,[4],"[""amas 2026"", ""donde ver los amas 2026"", ""amas"", ""amas 2026 donde ver"", ""bts amas 2026"", ""american music awards 2026 donde ver"", ""donde ver los amas"", ""premios amas 2026""]",2026-05-26T06:40:59.186270+00:00
MX:maja,MX,maja,maja,2000,100,1779695400,,[20],"[""maja""]",2026-05-26T06:40:59.186270+00:00
MX:universidad rosario castellanos,MX,universidad rosario castellanos,universidad rosario castellanos,1000,300,1779757200,,[9],"[""universidad rosario castellanos""]",2026-05-26T06:40:59.186270+00:00
MX:guardia nacional de mexico,MX,guardia nacional de méxico,guardia nacional de mexico,1000,500,1779753000,,"[10, 1]","[""guardia nacional de méxico""]",2026-05-26T06:40:59.186270+00:00
MX:grupo salinas,MX,grupo salinas,grupo salinas,2000,500,1779764400,,"[10, 3]","[""grupo salinas"", ""ricardo salinas pliego""]",2026-05-26T06:40:59.186270+00:00
MX:cavaliers - knicks,MX,cavaliers - knicks,cavaliers - knicks,20000,1000,1779753600,1779769800,[17],"[""cavaliers - knicks"", ""knicks vs cavaliers"", ""cavs vs knicks"", ""cavaliers vs. knicks"", ""cavaliers vs knicks"", ""knicks vs"", ""new york knicks"", ""karl-anthony towns"", ""cavaliers"", ""landry shamet"", ""nba finals"", ""ny knicks"", ""cleveland cavaliers""]",2026-05-26T06:40:59.186270+00:00
MX:uaemex,MX,uaemex,uaemex,200,400,1779775200,,"[7, 3]","[""uaemex""]",2026-05-26T06:40:59.186270+00:00
MX:michelle renaud,MX,michelle renaud,michelle renaud,500,200,1779766200,,[4],"[""michelle renaud""]",2026-05-26T06:40:59.186270+00:00
MX:rulo matias,MX,rulo matias,rulo matias,200,200,1779767400,,[4],"[""rulo matias""]",2026-05-26T06:40:59.186270+00:00
MX:samuel garcia,MX,samuel garcía,samuel garcia,500,200,1779765000,,[10],"[""samuel garcía""]",2026-05-26T06:40:59.186270+00:00
MX:knicks,MX,knicks,knicks,5000,700,1779755400,1779773400,"[17, 4]","[""knicks""]",2026-05-26T06:40:59.186270+00:00
MX:costco,MX,costco,costco,10000,75,1779693000,1779772800,[8],"[""costco""]",2026-05-26T06:40:59.186270+00:00
MX:epicentro,MX,epicentro,epicentro,5000,1000,1779717000,1779758400,[20],"[""epicentro"", ""salina cruz""]",2026-05-26T06:40:59.186270+00:00
MX:padres - phillies,MX,padres - phillies,padres - phillies,2000,900,1779748200,1779777000,[17],"[""padres - phillies""]",2026-05-26T06:40:59.186270+00:00
MX:albanil,MX,albañil,albanil,2000,500,1779730200,1779777600,"[3, 9]","[""albañil""]",2026-05-26T06:40:59.186270+00:00
MX:desafuero,MX,desafuero,desafuero,2000,600,1779747000,1779777000,"[14, 10]","[""desafuero"", ""alejandro moreno cárdenas""]",2026-05-26T06:40:59.186270+00:00
MX:policia cibernetica,MX,policía cibernética,policia cibernetica,2000,300,1779717600,1779777000,[10],"[""policía cibernética""]",2026-05-26T06:40:59.186270+00:00
MX:psg vs arsenal,MX,psg vs arsenal,psg vs arsenal,200,75,1779776400,,[17],"[""psg vs arsenal""]",2026-05-26T06:40:59.186270+00:00
MX:athletics - mariners,MX,athletics - mariners,athletics - mariners,1000,500,1779759000,1779775800,[17],"[""athletics - mariners""]",2026-05-26T06:40:59.186270+00:00
MX:blue jays - marlins,MX,blue jays - marlins,blue jays - marlins,1000,500,1779750000,1779775200,[17],"[""blue jays - marlins""]",2026-05-26T06:40:59.186270+00:00
MX:memorial day,MX,memorial day,memorial day,5000,300,1779710400,1779758400,[10],"[""memorial day""]",2026-05-26T06:40:59.186270+00:00
MX:ferrari luce,MX,ferrari luce,ferrari luce,1000,300,1779745200,1779776400,[1],"[""ferrari luce""]",2026-05-26T06:40:59.186270+00:00
MX:examen de admision,MX,examen de admisión,examen de admision,500,200,1779776400,,[9],"[""examen de admisión"", ""universidad nacional autónoma de méxico""]",2026-05-26T06:40:59.186270+00:00
MX:rangers - astros,MX,rangers - astros,rangers - astros,2000,600,1779750000,1779769200,[17],"[""rangers - astros""]",2026-05-26T06:40:59.186270+00:00
MX:coritiba - bahia,MX,coritiba - bahía,coritiba - bahia,2000,700,1779748200,1779766200,[17],"[""coritiba - bahía"", ""coritiba vs bahia"", ""coritiba""]",2026-05-26T06:40:59.186270+00:00
MX:tamara falco,MX,tamara falcó,tamara falco,2000,200,1779720600,1779770400,[4],"[""tamara falcó""]",2026-05-26T06:40:59.186270+00:00
MX:royals - yankees,MX,royals - yankees,royals - yankees,2000,1000,1779736200,1779756000,[17],"[""royals - yankees""]",2026-05-26T06:40:59.186270+00:00
MX:wolfsburg,MX,wolfsburg,wolfsburg,5000,1000,1779734400,1779752400,[17],"[""wolfsburg"", ""paderborn vs wolfsburg"", ""wolfsburg vs. paderborn"", ""wolfsburg vs"", ""paderborn vs"", ""paderborn vs. wolfsburg""]",2026-05-26T06:40:59.186270+00:00
MX:carlos hermosillo,MX,carlos hermosillo,carlos hermosillo,2000,400,1779718800,1779759000,[17],"[""carlos hermosillo""]",2026-05-26T06:40:59.186270+00:00
MX:viva,MX,viva,viva,5000,75,1779691800,1779774000,"[19, 3]","[""viva""]",2026-05-26T06:40:59.186270+00:00
MX:seleccion de futbol de mexico,MX,selección de fútbol de méxico,seleccion de futbol de mexico,5000,700,1779739200,1779748200,[17],"[""selección de fútbol de méxico""]",2026-05-26T06:40:59.186270+00:00
MX:cbs,MX,cbs,cbs,1000,700,1779752400,1779765000,[4],"[""cbs""]",2026-05-26T06:40:59.186270+00:00
MX:dodgers vs rockies,MX,dodgers vs rockies,dodgers vs rockies,1000,300,1779759000,1779771600,[17],"[""dodgers vs rockies"", ""rockies vs dodgers""]",2026-05-26T06:40:59.186270+00:00
MX:reforma,MX,reforma,reforma,1000,200,1779748200,1779768600,"[14, 10]","[""reforma""]",2026-05-26T06:40:59.186270+00:00
MX:mizada mohamed,MX,mizada mohamed,mizada mohamed,2000,400,1779712800,1779755400,[11],"[""mizada mohamed""]",2026-05-26T06:40:59.186270+00:00
MX:hot sale mexico,MX,hot sale méxico,hot sale mexico,2000,1000,1779739200,1779752400,[16],"[""hot sale méxico"", ""volaris mexico"", ""horas banamex""]",2026-05-26T06:40:59.186270+00:00
MX:rodolfo pizarro,MX,rodolfo pizarro,rodolfo pizarro,200,200,1779765000,1779774600,[17],"[""rodolfo pizarro""]",2026-05-26T06:40:59.186270+00:00
MX:millonario,MX,millonario,millonario,500,200,1779747600,1779777600,[3],"[""millonario""]",2026-05-26T06:40:59.186270+00:00
MX:tnt,MX,tnt,tnt,1000,700,1779751800,1779763200,[17],"[""tnt""]",2026-05-26T06:40:59.186270+00:00
MX:clima torreon,MX,clima torreon,clima torreon,200,500,1779771600,1779774600,[20],"[""clima torreon""]",2026-05-26T06:40:59.186270+00:00
MX:juicio politico,MX,juicio político,juicio politico,1000,300,1779727200,1779760200,"[10, 14]","[""juicio político""]",2026-05-26T06:40:59.186270+00:00
MX:colima,MX,colima,colima,500,100,1779762000,1779774600,[10],"[""colima"", ""violencia""]",2026-05-26T06:40:59.186270+00:00
MX:andres gudino,MX,andres gudiño,andres gudino,1000,400,1779741600,1779759000,[17],"[""andres gudiño"", ""andrés gudiño"", ""gudiño""]",2026-05-26T06:40:59.186270+00:00
MX:hugo gaston,MX,hugo gaston,hugo gaston,2000,400,1779738000,1779750000,[17],"[""hugo gaston"", ""monfils"", ""gael monfils"", ""gaël monfils""]",2026-05-26T06:40:59.186270+00:00
MX:giants - dbacks,MX,giants - dbacks,giants - dbacks,1000,600,1779742800,1779757200,[17],"[""giants - dbacks""]",2026-05-26T06:40:59.186270+00:00
MX:david zepeda,MX,david zepeda,david zepeda,500,300,1779765000,1779769800,[4],"[""david zepeda"", ""oka giner""]",2026-05-26T06:40:59.186270+00:00
MX:paramount,MX,paramount,paramount,1000,300,1779753000,1779760800,[4],"[""paramount""]",2026-05-26T06:40:59.186270+00:00
MX:cavs,MX,cavs,cavs,500,500,1779757800,1779765600,[17],"[""cavs""]",2026-05-26T06:40:59.186270+00:00
MX:paramount plus,MX,paramount plus,paramount plus,500,400,1779752400,1779762000,[4],"[""paramount plus""]",2026-05-26T06:40:59.186270+00:00
MX:orioles - rays,MX,orioles - rays,orioles - rays,1000,400,1779730800,1779750000,[17],"[""orioles - rays""]",2026-05-26T06:40:59.186270+00:00
MX:melate 4217,MX,melate 4217,melate 4217,1000,200,1779708000,1779742200,[6],"[""melate 4217""]",2026-05-26T06:40:59.186270+00:00
MX:25 de mayo,MX,25 de mayo,25 de mayo,1000,300,1779714000,1779741600,[14],"[""25 de mayo""]",2026-05-26T06:40:59.186270+00:00
MX:american music awards,MX,american music awards,american music awards,500,300,1779753600,1779763200,[4],"[""american music awards""]",2026-05-26T06:40:59.186270+00:00
MX:jungkook,MX,jungkook,jungkook,1000,200,1779739200,1779753000,[4],"[""jungkook""]",2026-05-26T06:40:59.186270+00:00
MX:ea sports fc 26,MX,ea sports fc 26,ea sports fc 26,500,200,1779750600,1779763200,[18],"[""ea sports fc 26""]",2026-05-26T06:40:59.186270+00:00
MX:playstation plus,MX,playstation plus,playstation plus,1000,200,1779719400,1779750600,"[18, 6]","[""playstation plus"", ""play station 5""]",2026-05-26T06:40:59.186270+00:00
MX:jalen brunson,MX,jalen brunson,jalen brunson,200,300,1779763200,1779772800,[17],"[""jalen brunson""]",2026-05-26T06:40:59.186270+00:00
MX:mets - reds,MX,mets - reds,mets - reds,500,300,1779740400,1779754800,[17],"[""mets - reds""]",2026-05-26T06:40:59.186270+00:00
MX:25 de mayo que se celebra,MX,25 de mayo que se celebra,25 de mayo que se celebra,1000,200,1779720000,1779744600,[3],"[""25 de mayo que se celebra""]",2026-05-26T06:40:59.186270+00:00
MX:ivan alonso,MX,iván alonso,ivan alonso,500,200,1779743400,1779756600,[17],"[""iván alonso""]",2026-05-26T06:40:59.186270+00:00
MX:guardians - nationals,MX,guardians - nationals,guardians - nationals,500,400,1779747600,1779760200,[17],"[""guardians - nationals""]",2026-05-26T06:40:59.186270+00:00
MX:sep adelanta vacaciones,MX,sep adelanta vacaciones,sep adelanta vacaciones,500,400,1779745200,1779756000,[9],"[""sep adelanta vacaciones""]",2026-05-26T06:40:59.186270+00:00
MX:pirates - cubs,MX,pirates - cubs,pirates - cubs,1000,400,1779730200,1779745200,[17],"[""pirates - cubs""]",2026-05-26T06:40:59.186270+00:00
MX:economia,MX,economía,economia,1000,300,1779715200,1779744600,[10],"[""economía""]",2026-05-26T06:40:59.186270+00:00
MX:descubrimiento,MX,descubrimiento,descubrimiento,500,200,1779733800,1779753600,[15],"[""descubrimiento""]",2026-05-26T06:40:59.186270+00:00
MX:reino unido,MX,reino unido,reino unido,500,100,1779745200,1779760200,[20],"[""reino unido""]",2026-05-26T06:40:59.186270+00:00
MX:magnifica humanitas,MX,magnifica humanitas,magnifica humanitas,1000,200,1779718200,1779746400,[11],"[""magnifica humanitas""]",2026-05-26T06:40:59.186270+00:00
MX:cleveland cavaliers contra knicks,MX,cleveland cavaliers contra knicks,cleveland cavaliers contra knicks,200,200,1779759600,1779765600,[17],"[""cleveland cavaliers contra knicks""]",2026-05-26T06:40:59.186270+00:00
MX:white sox - twins,MX,white sox - twins,white sox - twins,500,300,1779733200,1779745800,[17],"[""white sox - twins""]",2026-05-26T06:40:59.186270+00:00
MX:sargazo,MX,sargazo,sargazo,100,100,1779769800,1779775800,[11],"[""sargazo""]",2026-05-26T06:40:59.186270+00:00
MX:billy idol,MX,billy idol,billy idol,200,300,1779765600,1779768600,[4],"[""billy idol""]",2026-05-26T06:40:59.186270+00:00
MX:comision nacional antimonopolio,MX,comisión nacional antimonopolio,comision nacional antimonopolio,1000,100,1779713400,1779754800,[10],"[""comisión nacional antimonopolio"", ""banorte""]",2026-05-26T06:40:59.186270+00:00
MX:mexico vs australia,MX,mexico vs australia,mexico vs australia,200,100,1779752400,1779763200,[17],"[""mexico vs australia""]",2026-05-26T06:40:59.186270+00:00
MX:clima tijuana,MX,clima tijuana,clima tijuana,2000,100,1779712800,1779720600,[20],"[""clima tijuana""]",2026-05-26T06:40:59.186270+00:00
MX:claudia lizaldi,MX,claudia lizaldi,claudia lizaldi,100,200,1779765000,1779768600,[4],"[""claudia lizaldi""]",2026-05-26T06:40:59.186270+00:00
MX:renata zarazua,MX,renata zarazúa,renata zarazua,500,500,1779733200,1779741000,[17],"[""renata zarazúa""]",2026-05-26T06:40:59.186270+00:00
MX:alvaro fidalgo,MX,álvaro fidalgo,alvaro fidalgo,1000,900,1779733800,1779738600,[17],"[""álvaro fidalgo""]",2026-05-26T06:40:59.186270+00:00
MX:clima xalapa,MX,clima xalapa,clima xalapa,1000,100,1779707400,1779718800,[20],"[""clima xalapa""]",2026-05-26T06:40:59.186270+00:00
MX:jaclyn smith,MX,jaclyn smith,jaclyn smith,500,100,1779724200,1779750000,[4],"[""jaclyn smith""]",2026-05-26T06:40:59.186270+00:00
MX:hoy no circula,MX,hoy no circula,hoy no circula,2000,100,1779714600,1779720000,[1],"[""hoy no circula""]",2026-05-26T06:40:59.186270+00:00
MX:leo,MX,leo,leo,500,200,1779721800,1779735600,[11],"[""leo""]",2026-05-26T06:40:59.186270+00:00
MX:clima de hoy,MX,clima de hoy,clima de hoy,2000,75,1779709800,1779715800,[20],"[""clima de hoy"", ""tiempo de hoy"", ""va a llover hoy""]",2026-05-26T06:40:59.186270+00:00
MX:politica,MX,política,politica,200,100,1779755400,1779761400,"[10, 14]","[""política""]",2026-05-26T06:40:59.186270+00:00
MX:jarrett allen,MX,jarrett allen,jarrett allen,200,300,1779757200,1779761400,[17],"[""jarrett allen""]",2026-05-26T06:40:59.186270+00:00
MX:la dodgers,MX,la dodgers,la dodgers,100,100,1779768000,1779769800,[17],"[""la dodgers""]",2026-05-26T06:40:59.186270+00:00
MX:timothee chalamet,MX,timothée chalamet,timothee chalamet,100,200,1779763800,1779766200,[4],"[""timothée chalamet""]",2026-05-26T06:40:59.186270+00:00
MX:guillermo almada,MX,guillermo almada,guillermo almada,100,200,1779769200,1779770400,[17],"[""guillermo almada""]",2026-05-26T06:40:59.186270+00:00
MX:nate jacobs muerte,MX,nate jacobs muerte,nate jacobs muerte,100,100,1779771600,1779772800,[4],"[""nate jacobs muerte""]",2026-05-26T06:40:59.186270+00:00
MX:ben shelton,MX,ben shelton,ben shelton,200,300,1779729600,1779735600,[17],"[""ben shelton""]",2026-05-26T06:40:59.186270+00:00
MX:louis tomlinson,MX,louis tomlinson,louis tomlinson,200,300,1779725400,1779732000,[4],"[""louis tomlinson""]",2026-05-26T06:40:59.186270+00:00
MX:25 de mayo en estados unidos,MX,25 de mayo en estados unidos,25 de mayo en estados unidos,200,100,1779719400,1779729600,[10],"[""25 de mayo en estados unidos""]",2026-05-26T06:40:59.186270+00:00
MX:resumen pumas vs cruz azul,MX,resumen pumas vs cruz azul,resumen pumas vs cruz azul,200,100,1779717600,1779726000,[17],"[""resumen pumas vs cruz azul""]",2026-05-26T06:40:59.186270+00:00
MX:coritiba vs. bahia,MX,coritiba vs. bahía,coritiba vs. bahia,100,100,1779755400,1779759000,[17],"[""coritiba vs. bahía""]",2026-05-26T06:40:59.186270+00:00
MX:enrique hernandez,MX,enrique hernández,enrique hernandez,100,100,1779763800,1779767400,[17],"[""enrique hernández""]",2026-05-26T06:40:59.186270+00:00
MX:flights,MX,flights,flights,200,100,1779719400,1779761400,"[3, 19]","[""flights""]",2026-05-26T06:40:59.186270+00:00
MX:coordinadora nacional de trabajadores de la educacion,MX,coordinadora nacional de trabajadores de la educación,coordinadora nacional de trabajadores de la educacion,200,200,1779708600,1779715200,[11],"[""coordinadora nacional de trabajadores de la educación""]",2026-05-26T06:40:59.186270+00:00
MX:wwe raw 25 de mayo de 2026,MX,wwe raw 25 de mayo de 2026,wwe raw 25 de mayo de 2026,100,200,1779760200,1779762000,"[17, 4]","[""wwe raw 25 de mayo de 2026""]",2026-05-26T06:40:59.186270+00:00
MX:switch 2,MX,switch 2,switch 2,200,100,1779724800,1779738000,"[6, 18]","[""switch 2""]",2026-05-26T06:40:59.186270+00:00
MX:semana nacional de salud publica 2026,MX,semana nacional de salud publica 2026,semana nacional de salud publica 2026,200,200,1779723600,1779741000,"[7, 10]","[""semana nacional de salud publica 2026""]",2026-05-26T06:40:59.186270+00:00
MX:restaurante,MX,restaurante,restaurante,200,300,1779717600,1779722400,[11],"[""restaurante""]",2026-05-26T06:40:59.186270+00:00
MX:mikal bridges,MX,mikal bridges,mikal bridges,100,200,1779757800,1779759600,[17],"[""mikal bridges""]",2026-05-26T06:40:59.186270+00:00
MX:paderborn fc,MX,paderborn fc,paderborn fc,200,100,1779735000,1779741000,[17],"[""paderborn fc""]",2026-05-26T06:40:59.186270+00:00
MX:nice,MX,nice,nice,200,100,1779741000,1779744000,[17],"[""nice""]",2026-05-26T06:40:59.186270+00:00
MX:liverpool hot sale,MX,liverpool hot sale,liverpool hot sale,200,200,1779728400,1779777000,[16],"[""liverpool hot sale""]",2026-05-26T06:40:59.186270+00:00
MX:efemerides de mayo,MX,efemérides de mayo,efemerides de mayo,200,50,1779718200,1779724200,[8],"[""efemérides de mayo""]",2026-05-26T06:40:59.186270+00:00
MX:stan wawrinka,MX,stan wawrinka,stan wawrinka,200,300,1779718200,1779723000,[17],"[""stan wawrinka""]",2026-05-26T06:40:59.186270+00:00
MX:old navy,MX,old navy,old navy,200,100,1779727800,1779732000,[10],"[""old navy""]",2026-05-26T06:40:59.186270+00:00
MX:que se celebra hoy,MX,que se celebra hoy,que se celebra hoy,200,200,1779726000,1779728400,[17],"[""que se celebra hoy""]",2026-05-26T06:40:59.186270+00:00
MX:airpods,MX,airpods,airpods,200,75,1779691800,1779720000,[18],"[""airpods""]",2026-05-26T06:40:59.186270+00:00
MX:estrecho,MX,estrecho,estrecho,100,200,1779760200,1779761400,"[14, 10]","[""estrecho""]",2026-05-26T06:40:59.186270+00:00
MX:brewers,MX,brewers,brewers,100,200,1779741600,1779744600,[17],"[""brewers""]",2026-05-26T06:40:59.186270+00:00
MX:galilea montijo,MX,galilea montijo,galilea montijo,100,200,1779746400,1779748800,[4],"[""galilea montijo""]",2026-05-26T06:40:59.186270+00:00
MX:botafogo sp,MX,botafogo sp,botafogo sp,100,200,1779750600,1779752400,[17],"[""botafogo sp""]",2026-05-26T06:40:59.186270+00:00
MX:calendario junio 2026,MX,calendario junio 2026,calendario junio 2026,100,200,1779725400,1779736200,[11],"[""calendario junio 2026""]",2026-05-26T06:40:59.186270+00:00
MX:ignacio buse,MX,ignacio buse,ignacio buse,200,300,1779732600,1779734400,[17],"[""ignacio buse""]",2026-05-26T06:40:59.186270+00:00
MX:partidos del mundial,MX,partidos del mundial,partidos del mundial,100,100,1779727800,1779731400,"[17, 4]","[""partidos del mundial""]",2026-05-26T06:40:59.186270+00:00
MX:alcalde,MX,alcalde,alcalde,100,100,1779741000,1779742800,"[10, 14]","[""alcalde""]",2026-05-26T06:40:59.186270+00:00
MX:eric kripke,MX,eric kripke,eric kripke,100,100,1779745200,1779747000,[4],"[""eric kripke""]",2026-05-26T06:40:59.186270+00:00
MX:victor munoz,MX,victor muñoz,victor munoz,100,200,1779719400,1779723000,[17],"[""victor muñoz""]",2026-05-26T06:40:59.186270+00:00
MX:juan carlos monedero,MX,juan carlos monedero,juan carlos monedero,100,100,1779742200,1779744000,"[14, 10]","[""juan carlos monedero""]",2026-05-26T06:40:59.186270+00:00
MX:perro,MX,perro,perro,100,100,1779715200,1779718800,[10],"[""perro""]",2026-05-26T06:40:59.186270+00:00
MX:elena rybakina,MX,elena rybakina,elena rybakina,100,200,1779717600,1779721200,[17],"[""elena rybakina""]",2026-05-26T06:40:59.186270+00:00
MX:que se celebra el 25 de mayo en estados unidos,MX,que se celebra el 25 de mayo en estados unidos,que se celebra el 25 de mayo en estados unidos,100,100,1779723000,1779726600,[16],"[""que se celebra el 25 de mayo en estados unidos""]",2026-05-26T06:40:59.186270+00:00
MX:pronostico del tiempo,MX,pronóstico del tiempo,pronostico del tiempo,100,75,1779708600,1779712200,[20],"[""pronóstico del tiempo""]",2026-05-26T06:40:59.186270+00:00
MX:honor,MX,honor,honor,100,50,1779693000,1779698400,[8],"[""honor""]",2026-05-26T06:40:59.186270+00:00
MX:clima para hoy,MX,clima para hoy,clima para hoy,100,50,1779709200,1779713400,[20],"[""clima para hoy""]",2026-05-26T06:40:59.186270+00:00
MX:inicio del mundial 2026,MX,inicio del mundial 2026,inicio del mundial 2026,200,75,1779729600,1779730800,[17],"[""inicio del mundial 2026""]",2026-05-26T06:40:59.186270+00:00
MX:american airlines,MX,american airlines,american airlines,100,100,1779691800,1779693600,[11],"[""american airlines""]",2026-05-26T06:40:59.186270+00:00
MX:c,MX,c,c,100,50,1779702600,1779703800,[11],"[""c""]",2026-05-26T06:40:59.186270+00:00
MY:nur izzati humaira,MY,nur izzati humaira,nur izzati humaira,5000,700,1779714000,,[11],"[""nur izzati humaira"", ""izzati hilang"", ""izzati humaira"", ""nur izzati humaira hilang"", ""izzati"", ""bukit changkat"", ""changkat asa"", ""tanjung malim"", ""kosmo""]",2026-05-26T06:40:13.665449+00:00
MY:mayat,MY,mayat,mayat,2000,1000,1779768600,,[11],"[""mayat""]",2026-05-26T06:40:13.665449+00:00
MY:stesen minyak,MY,stesen minyak,stesen minyak,5000,1000,1779711600,,[3],"[""stesen minyak""]",2026-05-26T06:40:13.665449+00:00
MY:onn hafiz ghazi,MY,onn hafiz ghazi,onn hafiz ghazi,1000,1000,1779757200,,"[14, 10]","[""onn hafiz ghazi"", ""onn hafiz""]",2026-05-26T06:40:13.665449+00:00
MY:persekutuan sepaktakraw antarabangsa,MY,persekutuan sepaktakraw antarabangsa,persekutuan sepaktakraw antarabangsa,2000,800,1779693000,,[17],"[""persekutuan sepaktakraw antarabangsa""]",2026-05-26T06:40:13.665449+00:00
MY:singapore open 2026,MY,singapore open 2026,singapore open 2026,2000,500,1779752400,,[17],"[""singapore open 2026"", ""bwf singapore open 2026"", ""badminton singapore open 2026""]",2026-05-26T06:40:13.665449+00:00
MY:iran,MY,iran,iran,2000,300,1779765000,,[14],"[""iran"", ""missile""]",2026-05-26T06:40:13.665449+00:00
MY:abdul rahim thamby chik,MY,abdul rahim thamby chik,abdul rahim thamby chik,2000,700,1779709200,,[14],"[""abdul rahim thamby chik""]",2026-05-26T06:40:13.665449+00:00
MY:arafah,MY,arafah,arafah,2000,400,1779691800,,[11],"[""arafah""]",2026-05-26T06:40:13.665449+00:00
MY:niat puasa ganti dan puasa arafah,MY,niat puasa ganti dan puasa arafah,niat puasa ganti dan puasa arafah,5000,800,1779721200,,[8],"[""niat puasa ganti dan puasa arafah"", ""doa puasa arafah"", ""waktu mustajab doa hari arafah 2026"", ""doa arafah 2026"", ""niat puasa hari arafah 2026"", ""doa puasa hari arafah"", ""puasa arafah niat"", ""waktu imsak"", ""imsak hari ini"", ""niat puasa"", ""niat puasa arafah dan qadha ramadhan"", ""niat arafah puasa"", ""doa buka puasa"", ""kelebihan puasa arafah"", ""doa di hari arafah""]",2026-05-26T06:40:13.665449+00:00
MY:singapore open,MY,singapore open,singapore open,1000,800,1779756000,,[17],"[""singapore open"", ""cheng su yin""]",2026-05-26T06:40:13.665449+00:00
MY:takbir raya haji,MY,takbir raya haji,takbir raya haji,1000,1000,1779711000,,[8],"[""takbir raya haji""]",2026-05-26T06:40:13.665449+00:00
MY:gunung batu putih,MY,gunung batu putih,gunung batu putih,1000,400,1779697800,,[11],"[""gunung batu putih""]",2026-05-26T06:40:13.665449+00:00
MY:ferrari luce,MY,ferrari luce,ferrari luce,500,600,1779758400,,[1],"[""ferrari luce""]",2026-05-26T06:40:13.665449+00:00
MY:knicks,MY,knicks,knicks,2000,700,1779760200,,[17],"[""knicks"", ""cavaliers vs knicks""]",2026-05-26T06:40:13.665449+00:00
MY:canada,MY,canada,canada,200,1000,1779772200,,[10],"[""canada""]",2026-05-26T06:40:13.665449+00:00
MY:covid-19,MY,covid-19,covid-19,1000,300,1779700200,,"[7, 10]","[""covid-19""]",2026-05-26T06:40:13.665449+00:00
MY:aidiladha,MY,aidiladha,aidiladha,500,200,1779754200,,[11],"[""aidiladha""]",2026-05-26T06:40:13.665449+00:00
MY:aidiladha 2026,MY,aidiladha 2026,aidiladha 2026,500,200,1779747000,,"[14, 10]","[""aidiladha 2026""]",2026-05-26T06:40:13.665449+00:00
MY:jacky cheung godson wedding duet,MY,jacky cheung godson wedding duet,jacky cheung godson wedding duet,200,300,1779753600,,"[8, 4]","[""jacky cheung godson wedding duet""]",2026-05-26T06:40:13.665449+00:00
MY:terbuka singapura,MY,terbuka singapura,terbuka singapura,100,1000,1779775800,,[17],"[""terbuka singapura""]",2026-05-26T06:40:13.665449+00:00
MY:hannah yeoh,MY,hannah yeoh,hannah yeoh,100,700,1779774600,,[4],"[""hannah yeoh""]",2026-05-26T06:40:13.665449+00:00
MY:sharifah sakinah,MY,sharifah sakinah,sharifah sakinah,200,500,1779750600,,[4],"[""sharifah sakinah""]",2026-05-26T06:40:13.665449+00:00
MY:paderborn vs wolfsburg,MY,paderborn vs wolfsburg,paderborn vs wolfsburg,1000,800,1779732000,1779771000,[17],"[""paderborn vs wolfsburg"", ""wolfsburg""]",2026-05-26T06:40:13.665449+00:00
MY:hukuman,MY,hukuman,hukuman,1000,1000,1779741000,1779758400,[10],"[""hukuman""]",2026-05-26T06:40:13.665449+00:00
MY:money,MY,money,money,500,300,1779747000,1779775800,[10],"[""money""]",2026-05-26T06:40:13.665449+00:00
MY:jutawan,MY,jutawan,jutawan,500,400,1779711000,1779759000,[11],"[""jutawan""]",2026-05-26T06:40:13.665449+00:00
MY:bella astillah,MY,bella astillah,bella astillah,500,600,1779721200,1779758400,[4],"[""bella astillah""]",2026-05-26T06:40:13.665449+00:00
MY:kemalangan,MY,kemalangan,kemalangan,2000,1000,1779705000,1779720600,[11],"[""kemalangan"", ""tragedi""]",2026-05-26T06:40:13.665449+00:00
MY:anwar ibrahim,MY,anwar ibrahim,anwar ibrahim,500,600,1779719400,1779760200,[14],"[""anwar ibrahim""]",2026-05-26T06:40:13.665449+00:00
MY:hari raya aidiladha 2026,MY,hari raya aidiladha 2026,hari raya aidiladha 2026,500,100,1779747000,1779771000,[8],"[""hari raya aidiladha 2026"", ""raya aidiladha 2026""]",2026-05-26T06:40:13.665449+00:00
MY:raya haji 2026,MY,raya haji 2026,raya haji 2026,500,100,1779746400,1779756000,[11],"[""raya haji 2026""]",2026-05-26T06:40:13.665449+00:00
MY:wesak day,MY,wesak day,wesak day,200,100,1779759000,1779772800,"[5, 8]","[""wesak day""]",2026-05-26T06:40:13.665449+00:00
MY:new zealand women vs england women,MY,new zealand women vs england women,new zealand women vs england women,500,900,1779715800,1779754800,[17],"[""new zealand women vs england women""]",2026-05-26T06:40:13.665449+00:00
MY:mohd yadzil yaakub,MY,mohd yadzil yaakub,mohd yadzil yaakub,500,500,1779699000,1779755400,"[14, 10]","[""mohd yadzil yaakub""]",2026-05-26T06:40:13.665449+00:00
MY:jabatan pengangkutan jalan,MY,jabatan pengangkutan jalan,jabatan pengangkutan jalan,200,300,1779703200,1779756000,[10],"[""jabatan pengangkutan jalan""]",2026-05-26T06:40:13.665449+00:00
MY:arafah day 2026,MY,arafah day 2026,arafah day 2026,200,100,1779703800,1779756000,[4],"[""arafah day 2026""]",2026-05-26T06:40:13.665449+00:00
MY:tengku zafrul aziz,MY,tengku zafrul aziz,tengku zafrul aziz,500,500,1779699600,1779747600,[10],"[""tengku zafrul aziz""]",2026-05-26T06:40:13.665449+00:00
MY:nik nazmi nik ahmad,MY,nik nazmi nik ahmad,nik nazmi nik ahmad,500,800,1779701400,1779715200,[14],"[""nik nazmi nik ahmad""]",2026-05-26T06:40:13.665449+00:00
MY:马来西亚陆路交通局,MY,马来西亚陆路交通局,马来西亚陆路交通局,200,300,1779695400,1779745200,"[10, 1]","[""马来西亚陆路交通局""]",2026-05-26T06:40:13.665449+00:00
MY:fadhlina sidek,MY,fadhlina sidek,fadhlina sidek,200,200,1779705000,1779753600,[9],"[""fadhlina sidek""]",2026-05-26T06:40:13.665449+00:00
MY:futu holdings,MY,futu holdings,futu holdings,100,200,1779748800,1779759600,[3],"[""futu holdings""]",2026-05-26T06:40:13.665449+00:00
MY:najwan halimi,MY,najwan halimi,najwan halimi,200,400,1779691200,1779710400,[14],"[""najwan halimi""]",2026-05-26T06:40:13.665449+00:00
MY:ahli dewan negara malaysia,MY,ahli dewan negara malaysia,ahli dewan negara malaysia,500,700,1779696000,1779710400,"[14, 10]","[""ahli dewan negara malaysia""]",2026-05-26T06:40:13.665449+00:00
MY:bola sepak,MY,bola sepak,bola sepak,100,100,1779744600,1779754800,[11],"[""bola sepak""]",2026-05-26T06:40:13.665449+00:00
MY:shah alam,MY,shah alam,shah alam,500,300,1779697200,1779711000,[14],"[""shah alam""]",2026-05-26T06:40:13.665449+00:00
MY:raya haji,MY,raya haji,raya haji,100,200,1779745800,1779751800,[8],"[""raya haji""]",2026-05-26T06:40:13.665449+00:00
MY:jalan raya,MY,jalan raya,jalan raya,100,300,1779751800,1779756600,[11],"[""jalan raya""]",2026-05-26T06:40:13.665449+00:00
MY:filipina,MY,filipina,filipina,200,300,1779694200,1779709200,[11],"[""filipina""]",2026-05-26T06:40:13.665449+00:00
MY:memorial day 2026,MY,memorial day 2026,memorial day 2026,100,100,1779715800,1779756000,[11],"[""memorial day 2026""]",2026-05-26T06:40:13.665449+00:00
MY:us holiday 2026,MY,us holiday 2026,us holiday 2026,100,200,1779717600,1779753600,[8],"[""us holiday 2026""]",2026-05-26T06:40:13.665449+00:00
MY:石油,MY,石油,石油,200,300,1779699000,1779711000,[11],"[""石油""]",2026-05-26T06:40:13.665449+00:00
MY:perempuan,MY,perempuan,perempuan,100,500,1779750600,1779764400,[10],"[""perempuan""]",2026-05-26T06:40:13.665449+00:00
MY:prefchem,MY,prefchem,prefchem,100,100,1779755400,1779757800,[3],"[""prefchem"", ""petronas prefchem ownership transfer""]",2026-05-26T06:40:13.665449+00:00
MY:forex factory,MY,forex factory,forex factory,100,400,1779735000,1779738600,[11],"[""forex factory""]",2026-05-26T06:40:13.665449+00:00
MY:us holiday today,MY,us holiday today,us holiday today,100,300,1779716400,1779723000,[3],"[""us holiday today""]",2026-05-26T06:40:13.665449+00:00
MY:doa berbuka puasa,MY,doa berbuka puasa,doa berbuka puasa,200,800,1779708600,1779711600,[8],"[""doa berbuka puasa""]",2026-05-26T06:40:13.665449+00:00
MY:kewangan,MY,kewangan,kewangan,100,200,1779717600,1779754200,"[3, 10]","[""kewangan""]",2026-05-26T06:40:13.665449+00:00
MY:armed forces,MY,armed forces,armed forces,100,200,1779693000,1779708600,"[10, 14]","[""armed forces""]",2026-05-26T06:40:13.665449+00:00
MY:nurul aliah natasha,MY,nurul aliah natasha,nurul aliah natasha,100,200,1779698400,1779706800,[11],"[""nurul aliah natasha""]",2026-05-26T06:40:13.665449+00:00
NG:fuoye vc visit chancellor,NG,fuoye vc visit chancellor,fuoye vc visit chancellor,5000,1000,1779708000,,"[9, 10]","[""fuoye vc visit chancellor""]",2026-05-26T06:41:53.266091+00:00
NG:weather,NG,weather,weather,10000,50,1779774600,,[20],"[""weather""]",2026-05-26T06:41:53.266091+00:00
NG:opay,NG,opay,opay,10000,700,1779735600,,"[9, 3]","[""opay""]",2026-05-26T06:41:53.266091+00:00
NG:super eagles vs zimbabwe london,NG,super eagles vs zimbabwe london,super eagles vs zimbabwe london,2000,1000,1779720000,,[17],"[""super eagles vs zimbabwe london"", ""nigeria national football team"", ""nigeria vs zimbabwe""]",2026-05-26T06:41:53.266091+00:00
NG:paderborn vs wolfsburg,NG,paderborn vs wolfsburg,paderborn vs wolfsburg,5000,1000,1779730800,,[17],"[""paderborn vs wolfsburg"", ""wolfsburg""]",2026-05-26T06:41:53.266091+00:00
NG:adc presidential primaries,NG,adc presidential primaries,adc presidential primaries,2000,1000,1779722400,,[14],"[""adc presidential primaries"", ""adc news"", ""adc presidential candidate 2027"", ""who won adc presidential primary 2026"", ""adc presidential candidate"", ""adc primaries"", ""atiku abubakar"", ""atiku""]",2026-05-26T06:41:53.266091+00:00
NG:jamb 2026 mop up exam,NG,jamb 2026 mop up exam,jamb 2026 mop up exam,1000,1000,1779744000,,[9],"[""jamb 2026 mop up exam""]",2026-05-26T06:41:53.266091+00:00
NG:xabi alonso,NG,xabi alonso,xabi alonso,5000,1000,1779738000,,[17],"[""xabi alonso""]",2026-05-26T06:41:53.266091+00:00
NG:paris saint-germain f.c.,NG,paris saint-germain f.c.,paris saint-germain f.c.,2000,1000,1779728400,,[17],"[""paris saint-germain f.c.""]",2026-05-26T06:41:53.266091+00:00
NG:from episode 6,NG,from episode 6,from episode 6,2000,600,1779706200,,[4],"[""from episode 6""]",2026-05-26T06:41:53.266091+00:00
NG:siminalayi fubara,NG,siminalayi fubara,siminalayi fubara,5000,400,1779705600,,[14],"[""siminalayi fubara""]",2026-05-26T06:41:53.266091+00:00
NG:adeleke endorses tinubu 2027,NG,adeleke endorses tinubu 2027,adeleke endorses tinubu 2027,1000,800,1779730200,,[14],"[""adeleke endorses tinubu 2027""]",2026-05-26T06:41:53.266091+00:00
NG:cavaliers vs knicks,NG,cavaliers vs knicks,cavaliers vs knicks,1000,1000,1779756600,,[17],"[""cavaliers vs knicks"", ""knicks""]",2026-05-26T06:41:53.266091+00:00
NG:memorial day,NG,memorial day,memorial day,1000,200,1779709800,,[10],"[""memorial day""]",2026-05-26T06:41:53.266091+00:00
NG:mason greenwood,NG,mason greenwood,mason greenwood,1000,700,1779732000,,[17],"[""mason greenwood""]",2026-05-26T06:41:53.266091+00:00
NG:mohammed adamu,NG,mohammed adamu,mohammed adamu,500,600,1779742200,,[14],"[""mohammed adamu"", ""ex-igp adamu leaves apc""]",2026-05-26T06:41:53.266091+00:00
NG:jim iyke,NG,jim iyke,jim iyke,500,400,1779750600,,[4],"[""jim iyke""]",2026-05-26T06:41:53.266091+00:00
NG:afghanistan,NG,afghanistan,afghanistan,500,200,1779743400,,[11],"[""afghanistan""]",2026-05-26T06:41:53.266091+00:00
NG:william ruto,NG,william ruto,william ruto,500,500,1779729000,,[10],"[""william ruto""]",2026-05-26T06:41:53.266091+00:00
NG:arafat day 2026,NG,arafat day 2026,arafat day 2026,200,300,1779765600,,[11],"[""arafat day 2026""]",2026-05-26T06:41:53.266091+00:00
NG:mark zuckerberg,NG,mark zuckerberg,mark zuckerberg,500,100,1779709800,,[3],"[""mark zuckerberg""]",2026-05-26T06:41:53.266091+00:00
NG:federal government declares public holiday,NG,federal government declares public holiday,federal government declares public holiday,500,200,1779704400,,[8],"[""federal government declares public holiday"", ""sallah public holiday"", ""holiday in may 2026"", ""salah holiday""]",2026-05-26T06:41:53.266091+00:00
NG:dstv,NG,dstv,dstv,500,300,1779704400,1779773400,"[4, 18]","[""dstv""]",2026-05-26T06:41:53.266091+00:00
NG:vanguard,NG,vanguard,vanguard,100,100,1779771600,1779776400,[14],"[""vanguard""]",2026-05-26T06:41:53.266091+00:00
NG:pep guardiola,NG,pep guardiola,pep guardiola,1000,200,1779735000,1779744600,[17],"[""pep guardiola""]",2026-05-26T06:41:53.266091+00:00
NG:victor munoz,NG,victor munoz,victor munoz,500,700,1779708600,1779737400,[17],"[""victor munoz""]",2026-05-26T06:41:53.266091+00:00
NG:2026/27 champions league qualified teams,NG,2026/27 champions league qualified teams,2026/27 champions league qualified teams,100,200,1779746400,1779774600,[17],"[""2026/27 champions league qualified teams""]",2026-05-26T06:41:53.266091+00:00
NG:roy keane,NG,roy keane,roy keane,100,200,1779745200,1779775800,[17],"[""roy keane""]",2026-05-26T06:41:53.266091+00:00
NG:ebola,NG,ebola,ebola,200,300,1779717600,1779731400,"[7, 10]","[""ebola""]",2026-05-26T06:41:53.266091+00:00
NG:nanterre 92 vs le mans sarthe basket,NG,nanterre 92 vs le mans sarthe basket,nanterre 92 vs le mans sarthe basket,200,1000,1779731400,1779739200,[17],"[""nanterre 92 vs le mans sarthe basket""]",2026-05-26T06:41:53.266091+00:00
NG:patrick dorgu,NG,patrick dorgu,patrick dorgu,200,400,1779727800,1779738000,[17],"[""patrick dorgu""]",2026-05-26T06:41:53.266091+00:00
NG:st mirren,NG,st mirren,st mirren,100,600,1779739200,1779745800,[17],"[""st mirren""]",2026-05-26T06:41:53.266091+00:00
NG:eid al adha 2026,NG,eid al adha 2026,eid al adha 2026,200,100,1779705600,1779773400,[8],"[""eid al adha 2026""]",2026-05-26T06:41:53.266091+00:00
NG:notts county vs salford city,NG,notts county vs salford city,notts county vs salford city,200,1000,1779720600,1779728400,[17],"[""notts county vs salford city"", ""notts county""]",2026-05-26T06:41:53.266091+00:00
NG:ram,NG,ram,ram,100,200,1779706200,1779741600,[10],"[""ram""]",2026-05-26T06:41:53.266091+00:00
NG:nuhu ribadu,NG,nuhu ribadu,nuhu ribadu,100,400,1779703800,1779725400,"[10, 14]","[""nuhu ribadu""]",2026-05-26T06:41:53.266091+00:00
NG:marc bernal,NG,marc bernal,marc bernal,100,400,1779738600,1779743400,[17],"[""marc bernal""]",2026-05-26T06:41:53.266091+00:00
NG:tromsoe il,NG,tromsoe il,tromsoe il,100,200,1779726000,1779732000,[17],"[""tromsoe il""]",2026-05-26T06:41:53.266091+00:00
NG:malick ndiaye,NG,malick ndiaye,malick ndiaye,100,300,1779731400,1779741000,[14],"[""malick ndiaye""]",2026-05-26T06:41:53.266091+00:00
NG:chelsea transfer news,NG,chelsea transfer news,chelsea transfer news,100,75,1779739800,1779760200,[17],"[""chelsea transfer news""]",2026-05-26T06:41:53.266091+00:00
NG:zed fc,NG,zed fc,zed fc,100,700,1779736800,1779739800,[17],"[""zed fc""]",2026-05-26T06:41:53.266091+00:00
NG:world cup fixtures,NG,world cup fixtures,world cup fixtures,100,100,1779708600,1779736200,[17],"[""world cup fixtures""]",2026-05-26T06:41:53.266091+00:00
NG:happy memorial day,NG,happy memorial day,happy memorial day,100,200,1779721200,1779728400,[8],"[""happy memorial day""]",2026-05-26T06:41:53.266091+00:00
NG:weather forecast,NG,weather forecast,weather forecast,100,200,1779691800,1779697200,[20],"[""weather forecast""]",2026-05-26T06:41:53.266091+00:00
NG:elliot anderson,NG,elliot anderson,elliot anderson,100,300,1779708000,1779711000,[17],"[""elliot anderson""]",2026-05-26T06:41:53.266091+00:00
NG:home,NG,home,home,100,100,1779692400,1779693600,[11],"[""home""]",2026-05-26T06:41:53.266091+00:00
NL:rene van der gijp,NL,rené van der gijp,rene van der gijp,20000,1000,1779711000,,[4],"[""rené van der gijp""]",2026-05-26T06:42:43.138246+00:00
NL:noodlanding,NL,noodlanding,noodlanding,10000,1000,1779701400,,[11],"[""noodlanding""]",2026-05-26T06:42:43.138246+00:00
NL:hittegolf,NL,hittegolf,hittegolf,10000,1000,1779702600,,[20],"[""hittegolf"", ""omroep brabant""]",2026-05-26T06:42:43.138246+00:00
NL:slachtoffer,NL,slachtoffer,slachtoffer,10000,1000,1779692400,,[10],"[""slachtoffer""]",2026-05-26T06:42:43.138246+00:00
NL:straf russell canada,NL,straf russell canada,straf russell canada,10000,1000,1779704400,,[17],"[""straf russell canada"", ""george russell straf"", ""russell straf""]",2026-05-26T06:42:43.138246+00:00
NL:ferrari luce,NL,ferrari luce,ferrari luce,2000,1000,1779739800,,[1],"[""ferrari luce""]",2026-05-26T06:42:43.138246+00:00
NL:robert fripp,NL,robert fripp,robert fripp,5000,1000,1779713400,,[4],"[""robert fripp""]",2026-05-26T06:42:43.138246+00:00
NL:caleb shomo,NL,caleb shomo,caleb shomo,5000,1000,1779724200,,[4],"[""caleb shomo""]",2026-05-26T06:42:43.138246+00:00
NL:gordon,NL,gordon,gordon,5000,1000,1779702000,,[3],"[""gordon""]",2026-05-26T06:42:43.138246+00:00
NL:dean huijsen,NL,dean huijsen,dean huijsen,2000,700,1779709800,,[17],"[""dean huijsen""]",2026-05-26T06:42:43.138246+00:00
NL:hans vijlbrief,NL,hans vijlbrief,hans vijlbrief,1000,1000,1779742800,,[10],"[""hans vijlbrief""]",2026-05-26T06:42:43.138246+00:00
NL:iran,NL,iran,iran,5000,400,1779727800,,[14],"[""iran""]",2026-05-26T06:42:43.138246+00:00
NL:trouw,NL,trouw,trouw,2000,1000,1779770400,,[10],"[""trouw""]",2026-05-26T06:42:43.138246+00:00
NL:victor reinier,NL,victor reinier,victor reinier,2000,600,1779714000,,[4],"[""victor reinier"", ""flikken gent""]",2026-05-26T06:42:43.138246+00:00
NL:monfils,NL,monfils,monfils,5000,1000,1779735600,,[17],"[""monfils"", ""gael monfils"", ""wawrinka"", ""hugo gaston"", ""gaël monfils""]",2026-05-26T06:42:43.138246+00:00
NL:sonny rollins,NL,sonny rollins,sonny rollins,500,1000,1779772800,,[4],"[""sonny rollins""]",2026-05-26T06:42:43.138246+00:00
NL:niels wennemars,NL,niels wennemars,niels wennemars,500,1000,1779748800,,[17],"[""niels wennemars""]",2026-05-26T06:42:43.138246+00:00
NL:indianapolis 500,NL,indianapolis 500,indianapolis 500,500,1000,1779769800,,[17],"[""indianapolis 500""]",2026-05-26T06:42:43.138246+00:00
NL:afsluitdijk,NL,afsluitdijk,afsluitdijk,1000,1000,1779713400,,[11],"[""afsluitdijk""]",2026-05-26T06:42:43.138246+00:00
NL:elektrische stroom,NL,elektrische stroom,elektrische stroom,1000,1000,1779742800,,[11],"[""elektrische stroom"", ""netcongestie""]",2026-05-26T06:42:43.138246+00:00
NL:micky van de ven,NL,micky van de ven,micky van de ven,500,500,1779739800,,[17],"[""micky van de ven""]",2026-05-26T06:42:43.138246+00:00
NL:huizenruilers,NL,huizenruilers,huizenruilers,1000,700,1779737400,,[4],"[""huizenruilers"", ""daan alferink""]",2026-05-26T06:42:43.138246+00:00
NL:brand zutphen,NL,brand zutphen,brand zutphen,1000,1000,1779750000,,[10],"[""brand zutphen"", ""marsweg zutphen"", ""zutphen"", ""112 zutphen""]",2026-05-26T06:42:43.138246+00:00
NL:de twentsche courant tubantia,NL,de twentsche courant tubantia,de twentsche courant tubantia,200,1000,1779773400,,[11],"[""de twentsche courant tubantia""]",2026-05-26T06:42:43.138246+00:00
NL:wolfsburg fc,NL,wolfsburg fc,wolfsburg fc,1000,600,1779735000,,[17],"[""wolfsburg fc""]",2026-05-26T06:42:43.138246+00:00
NL:hbo monitor,NL,hbo monitor,hbo monitor,200,1000,1779775200,,[9],"[""hbo monitor""]",2026-05-26T06:42:43.138246+00:00
NL:motorrijder,NL,motorrijder,motorrijder,2000,1000,1779725400,1779777000,[11],"[""motorrijder""]",2026-05-26T06:42:43.138246+00:00
NL:elektrische ferrari,NL,elektrische ferrari,elektrische ferrari,200,1000,1779774600,,[1],"[""elektrische ferrari""]",2026-05-26T06:42:43.138246+00:00
NL:feyenoord nieuws,NL,feyenoord nieuws,feyenoord nieuws,1000,200,1779735600,,[17],"[""feyenoord nieuws""]",2026-05-26T06:42:43.138246+00:00
NL:wolfsburg,NL,wolfsburg,wolfsburg,2000,500,1779736800,,[17],"[""wolfsburg"", ""paderborn"", ""vfl wolfsburg"", ""paderborn wolfsburg"", ""sc paderborn – wolfsburg"", ""wolfsburg paderborn""]",2026-05-26T06:42:43.138246+00:00
NL:annemiek van vleuten,NL,annemiek van vleuten,annemiek van vleuten,100,1000,1779776400,,[11],"[""annemiek van vleuten""]",2026-05-26T06:42:43.138246+00:00
NL:giulio pellizzari,NL,giulio pellizzari,giulio pellizzari,1000,600,1779691800,,"[17, 8]","[""giulio pellizzari""]",2026-05-26T06:42:43.138246+00:00
NL:amsterdam,NL,amsterdam,amsterdam,1000,200,1779756000,,[17],"[""amsterdam"", ""hockey finale""]",2026-05-26T06:42:43.138246+00:00
NL:peter windsor,NL,peter windsor,peter windsor,10000,1000,1779698400,1779769800,[17],"[""peter windsor""]",2026-05-26T06:42:43.138246+00:00
NL:gertjan verbeek,NL,gertjan verbeek,gertjan verbeek,200,500,1779741000,,[17],"[""gertjan verbeek""]",2026-05-26T06:42:43.138246+00:00
NL:ferrari,NL,ferrari,ferrari,200,400,1779743400,,[1],"[""ferrari""]",2026-05-26T06:42:43.138246+00:00
NL:iptv,NL,iptv,iptv,5000,900,1779708000,1779777000,[4],"[""iptv""]",2026-05-26T06:42:43.138246+00:00
NL:tui,NL,tui,tui,5000,100,1779706200,1779775800,[7],"[""tui""]",2026-05-26T06:42:43.138246+00:00
NL:zwemmer,NL,zwemmer,zwemmer,5000,1000,1779697800,1779777000,"[7, 17]","[""zwemmer""]",2026-05-26T06:42:43.138246+00:00
NL:knicks,NL,knicks,knicks,200,200,1779759000,,"[17, 4]","[""knicks""]",2026-05-26T06:42:43.138246+00:00
NL:peter gillis,NL,peter gillis,peter gillis,200,400,1779743400,,[3],"[""peter gillis""]",2026-05-26T06:42:43.138246+00:00
NL:nederlands elftal,NL,nederlands elftal,nederlands elftal,2000,100,1779758400,,[17],"[""nederlands elftal"", ""wk-selectie nederland"", ""wk 2026""]",2026-05-26T06:42:43.138246+00:00
NL:schiphol amsterdam airport,NL,schiphol amsterdam airport,schiphol amsterdam airport,5000,1000,1779706800,1779732600,[3],"[""schiphol amsterdam airport""]",2026-05-26T06:42:43.138246+00:00
NL:rachel hazes,NL,rachel hazes,rachel hazes,2000,1000,1779719400,1779772800,[11],"[""rachel hazes""]",2026-05-26T06:42:43.138246+00:00
NL:financien,NL,financiën,financien,500,300,1779768000,1779776400,"[3, 10]","[""financiën""]",2026-05-26T06:42:43.138246+00:00
NL:jesper de jong,NL,jesper de jong,jesper de jong,5000,1000,1779706800,1779730200,[17],"[""jesper de jong"", ""de jong tennis""]",2026-05-26T06:42:43.138246+00:00
NL:tvgids,NL,tvgids,tvgids,2000,200,1779709200,1779742800,[4],"[""tvgids""]",2026-05-26T06:42:43.138246+00:00
NL:112 veenendaal,NL,112 veenendaal,112 veenendaal,200,1000,1779772200,1779776400,[10],"[""112 veenendaal""]",2026-05-26T06:42:43.138246+00:00
NL:marcos senesi,NL,marcos senesi,marcos senesi,2000,1000,1779707400,1779733800,[17],"[""marcos senesi""]",2026-05-26T06:42:43.138246+00:00
NL:radio 2,NL,radio 2,radio 2,200,50,1779774000,1779777000,[4],"[""radio 2""]",2026-05-26T06:42:43.138246+00:00
NL:natuur,NL,natuur,natuur,1000,500,1779716400,1779773400,"[20, 15]","[""natuur""]",2026-05-26T06:42:43.138246+00:00
NL:p2000,NL,p2000,p2000,2000,75,1779738000,1779772200,[10],"[""p2000""]",2026-05-26T06:42:43.138246+00:00
NL:thuisonderwijs,NL,thuisonderwijs,thuisonderwijs,2000,1000,1779712800,1779743400,[11],"[""thuisonderwijs""]",2026-05-26T06:42:43.138246+00:00
NL:oresjnik-raket,NL,oresjnik-raket,oresjnik-raket,1000,500,1779729000,1779774000,[11],"[""oresjnik-raket""]",2026-05-26T06:42:43.138246+00:00
NL:hvzeeland,NL,hvzeeland,hvzeeland,1000,400,1779736200,1779776400,[10],"[""hvzeeland"", ""westkapelle"", ""hv zeeland""]",2026-05-26T06:42:43.138246+00:00
NL:lucas jetten,NL,lucas jetten,lucas jetten,1000,1000,1779720000,1779742200,[17],"[""lucas jetten""]",2026-05-26T06:42:43.138246+00:00
NL:ripple,NL,ripple,ripple,1000,500,1779696000,1779735000,[3],"[""ripple""]",2026-05-26T06:42:43.138246+00:00
NL:pauliena rooijakkers,NL,pauliena rooijakkers,pauliena rooijakkers,200,300,1779737400,1779777000,[17],"[""pauliena rooijakkers""]",2026-05-26T06:42:43.138246+00:00
NL:botic van de zandschulp,NL,botic van de zandschulp,botic van de zandschulp,2000,900,1779723000,1779735000,[17],"[""botic van de zandschulp"", ""van de zandschulp"", ""cerundolo"", ""prijzengeld roland garros""]",2026-05-26T06:42:43.138246+00:00
NL:robert jan b&b vol liefde,NL,robert jan b&b vol liefde,robert jan b&b vol liefde,2000,600,1779737400,1779772800,[4],"[""robert jan b&b vol liefde"", ""kees van der spek""]",2026-05-26T06:42:43.138246+00:00
NL:action,NL,action,action,10000,100,1779694800,1779705000,[4],"[""action""]",2026-05-26T06:42:43.138246+00:00
NL:saibari,NL,saibari,saibari,500,600,1779741000,1779776400,[17],"[""saibari""]",2026-05-26T06:42:43.138246+00:00
NL:wk voetbal,NL,wk voetbal,wk voetbal,1000,100,1779733200,,[17],"[""wk voetbal"", ""advocaat"", ""curaçao""]",2026-05-26T06:42:43.138246+00:00
NL:snelheidscontrole,NL,snelheidscontrole,snelheidscontrole,1000,1000,1779716400,1779733800,"[10, 1]","[""snelheidscontrole""]",2026-05-26T06:42:43.138246+00:00
NL:rik elfrink,NL,rik elfrink,rik elfrink,1000,600,1779720000,1779741000,[17],"[""rik elfrink""]",2026-05-26T06:42:43.138246+00:00
NL:wesley sneijder,NL,wesley sneijder,wesley sneijder,500,600,1779738000,1779775800,[17],"[""wesley sneijder""]",2026-05-26T06:42:43.138246+00:00
NL:volkskrant,NL,volkskrant,volkskrant,100,50,1779774600,1779776400,[10],"[""volkskrant""]",2026-05-26T06:42:43.138246+00:00
NL:weer utrecht,NL,weer utrecht,weer utrecht,500,50,1779772800,1779775200,[17],"[""weer utrecht"", ""eva jinek""]",2026-05-26T06:42:43.138246+00:00
NL:stan wawrinka,NL,stan wawrinka,stan wawrinka,1000,1000,1779709200,1779724800,[17],"[""stan wawrinka""]",2026-05-26T06:42:43.138246+00:00
NL:rogier meijer,NL,rogier meijer,rogier meijer,1000,400,1779693000,1779742800,[17],"[""rogier meijer"", ""n.e.c."", ""maurice steijn""]",2026-05-26T06:42:43.138246+00:00
NL:giro vandaag,NL,giro vandaag,giro vandaag,2000,100,1779706200,1779723000,"[17, 8]","[""giro vandaag""]",2026-05-26T06:42:43.138246+00:00
NL:breda belgieplein,NL,breda belgieplein,breda belgieplein,1000,400,1779726600,1779742800,[11],"[""breda belgieplein"", ""breda"", ""breda, belgieplein"", ""112 breda""]",2026-05-26T06:42:43.138246+00:00
NL:gaston tennis,NL,gaston tennis,gaston tennis,500,900,1779738600,1779748800,"[17, 4]","[""gaston tennis""]",2026-05-26T06:42:43.138246+00:00
NL:new york pizza,NL,new york pizza,new york pizza,2000,50,1779723600,1779733800,[5],"[""new york pizza""]",2026-05-26T06:42:43.138246+00:00
NL:huawei,NL,huawei,huawei,200,200,1779715200,1779769800,"[18, 3, 15]","[""huawei""]",2026-05-26T06:42:43.138246+00:00
NL:ad.nl,NL,ad.nl,ad.nl,100,100,1779772200,1779774600,[11],"[""ad.nl""]",2026-05-26T06:42:43.138246+00:00
NL:kurban bayrami 2026,NL,kurban bayrami 2026,kurban bayrami 2026,100,100,1779772200,1779774600,[8],"[""kurban bayrami 2026""]",2026-05-26T06:42:43.138246+00:00
NL:vincent janssen,NL,vincent janssen,vincent janssen,500,400,1779720600,1779738000,[17],"[""vincent janssen""]",2026-05-26T06:42:43.138246+00:00
NL:vladimir poetin,NL,vladimir poetin,vladimir poetin,1000,1000,1779727800,1779733800,[10],"[""vladimir poetin""]",2026-05-26T06:42:43.138246+00:00
NL:clarity act,NL,clarity act,clarity act,1000,1000,1779695400,1779712800,[3],"[""clarity act""]",2026-05-26T06:42:43.138246+00:00
NL:mika godts,NL,mika godts,mika godts,500,300,1779736200,1779756000,[17],"[""mika godts"", ""renee van asten""]",2026-05-26T06:42:43.138246+00:00
NL:stadsbus,NL,stadsbus,stadsbus,500,600,1779720600,1779744000,[11],"[""stadsbus""]",2026-05-26T06:42:43.138246+00:00
NL:angela groothuizen johan derksen,NL,angela groothuizen johan derksen,angela groothuizen johan derksen,1000,1000,1779739800,1779747000,[4],"[""angela groothuizen johan derksen"", ""angela groothuizen""]",2026-05-26T06:42:43.138246+00:00
NL:jonas vingegaard,NL,jonas vingegaard,jonas vingegaard,500,300,1779734400,1779772200,"[17, 8]","[""jonas vingegaard""]",2026-05-26T06:42:43.138246+00:00
NL:estavana polman,NL,estavana polman,estavana polman,1000,1000,1779710400,1779731400,[11],"[""estavana polman""]",2026-05-26T06:42:43.138246+00:00
NL:2026,NL,2026,2026,1000,600,1779723600,1779733200,[17],"[""2026""]",2026-05-26T06:42:43.138246+00:00
NL:wijnbar,NL,wijnbar,wijnbar,500,400,1779707400,1779730800,[10],"[""wijnbar""]",2026-05-26T06:42:43.138246+00:00
NL:112 almere,NL,112 almere,112 almere,200,1000,1779737400,1779751800,[10],"[""112 almere""]",2026-05-26T06:42:43.138246+00:00
NL:112 leiden,NL,112 leiden,112 leiden,500,1000,1779733200,1779739800,[10],"[""112 leiden""]",2026-05-26T06:42:43.138246+00:00
NL:112 westland,NL,112 westland,112 westland,500,700,1779738000,1779754200,[10],"[""112 westland""]",2026-05-26T06:42:43.138246+00:00
NL:arbeidsmarkt,NL,arbeidsmarkt,arbeidsmarkt,500,500,1779693600,1779715800,[10],"[""arbeidsmarkt""]",2026-05-26T06:42:43.138246+00:00
NL:huldiging willem ii,NL,huldiging willem ii,huldiging willem ii,500,300,1779707400,1779722400,[17],"[""huldiging willem ii"", ""huldiging willem 2""]",2026-05-26T06:42:43.138246+00:00
NL:brand amsterdam,NL,brand amsterdam,brand amsterdam,500,1000,1779727800,1779732600,[10],"[""brand amsterdam"", ""parool""]",2026-05-26T06:42:43.138246+00:00
NL:angel daleman,NL,angel daleman,angel daleman,500,400,1779693000,1779710400,[17],"[""angel daleman""]",2026-05-26T06:42:43.138246+00:00
NL:denzel washington,NL,denzel washington,denzel washington,200,300,1779735600,1779745800,[4],"[""denzel washington""]",2026-05-26T06:42:43.138246+00:00
NL:laos,NL,laos,laos,200,400,1779724200,1779736800,[20],"[""laos""]",2026-05-26T06:42:43.138246+00:00
NL:tweedehands,NL,tweedehands,tweedehands,200,500,1779726000,1779735000,[1],"[""tweedehands""]",2026-05-26T06:42:43.138246+00:00
NL:stroomstoring haarlem,NL,stroomstoring haarlem,stroomstoring haarlem,200,1000,1779744000,1779748800,[10],"[""stroomstoring haarlem""]",2026-05-26T06:42:43.138246+00:00
NL:klaas jan huntelaar,NL,klaas jan huntelaar,klaas jan huntelaar,200,300,1779741600,1779772200,[17],"[""klaas jan huntelaar""]",2026-05-26T06:42:43.138246+00:00
NL:ayase ueda,NL,ayase ueda,ayase ueda,500,1000,1779709800,1779717000,[17],"[""ayase ueda""]",2026-05-26T06:42:43.138246+00:00
NL:112 meldingen den haag,NL,112 meldingen den haag,112 meldingen den haag,200,400,1779737400,1779759600,[10],"[""112 meldingen den haag""]",2026-05-26T06:42:43.138246+00:00
NL:nos nieuws,NL,nos nieuws,nos nieuws,200,50,1779768600,1779771000,[17],"[""nos nieuws"", ""rotterdam amsterdam hockey""]",2026-05-26T06:42:43.138246+00:00
NL:trijntje oosterhuis,NL,trijntje oosterhuis,trijntje oosterhuis,200,1000,1779744000,1779748200,[4],"[""trijntje oosterhuis""]",2026-05-26T06:42:43.138246+00:00
NL:renze klamer,NL,renze klamer,renze klamer,200,1000,1779741600,1779745800,[4],"[""renze klamer""]",2026-05-26T06:42:43.138246+00:00
NL:112 meldingen amsterdam,NL,112 meldingen amsterdam,112 meldingen amsterdam,200,1000,1779727800,1779732000,[10],"[""112 meldingen amsterdam"", ""p2000 amsterdam""]",2026-05-26T06:42:43.138246+00:00
NL:christian prudhomme,NL,christian prudhomme,christian prudhomme,200,600,1779715800,1779723600,"[17, 8]","[""christian prudhomme""]",2026-05-26T06:42:43.138246+00:00
NL:112groningen,NL,112groningen,112groningen,200,400,1779741600,1779767400,[10],"[""112groningen"", ""112""]",2026-05-26T06:42:43.138246+00:00
NL:the mandalorian and grogu,NL,the mandalorian and grogu,the mandalorian and grogu,500,300,1779710400,1779726000,[4],"[""the mandalorian and grogu""]",2026-05-26T06:42:43.138246+00:00
NL:claude,NL,claude,claude,100,100,1779755400,1779759000,[11],"[""claude""]",2026-05-26T06:42:43.138246+00:00
NL:p2000 almere,NL,p2000 almere,p2000 almere,100,1000,1779747600,1779751800,[10],"[""p2000 almere""]",2026-05-26T06:42:43.138246+00:00
NL:willem van hanegem,NL,willem van hanegem,willem van hanegem,200,400,1779704400,1779715200,[17],"[""willem van hanegem""]",2026-05-26T06:42:43.138246+00:00
NL:helene fischer,NL,helene fischer,helene fischer,200,600,1779739800,1779743400,[4],"[""helene fischer""]",2026-05-26T06:42:43.138246+00:00
NL:formuleracing,NL,formuleracing,formuleracing,1000,1000,1779695400,1779697800,[17],"[""formuleracing""]",2026-05-26T06:42:43.138246+00:00
NL:the boroughs,NL,the boroughs,the boroughs,200,100,1779736200,1779739800,[4],"[""the boroughs""]",2026-05-26T06:42:43.138246+00:00
NL:112 volendam,NL,112 volendam,112 volendam,200,700,1779737400,1779741000,[11],"[""112 volendam""]",2026-05-26T06:42:43.138246+00:00
NL:buitenveldert,NL,buitenveldert,buitenveldert,100,600,1779737400,1779741600,[10],"[""buitenveldert""]",2026-05-26T06:42:43.138246+00:00
NL:paderborn fc,NL,paderborn fc,paderborn fc,100,500,1779742800,1779747000,[17],"[""paderborn fc""]",2026-05-26T06:42:43.138246+00:00
NL:verdrinking,NL,verdrinking,verdrinking,500,1000,1779697200,1779702000,[11],"[""verdrinking""]",2026-05-26T06:42:43.138246+00:00
NL:112 amsterdam,NL,112 amsterdam,112 amsterdam,200,900,1779728400,1779732000,[10],"[""112 amsterdam""]",2026-05-26T06:42:43.138246+00:00
NL:ai,NL,ai,ai,100,100,1779753600,1779759600,[11],"[""ai""]",2026-05-26T06:42:43.138246+00:00
NL:iga swiatek,NL,iga świątek,iga swiatek,200,1000,1779705600,1779709800,"[17, 4]","[""iga świątek""]",2026-05-26T06:42:43.138246+00:00
NL:eredivisie awards 2026,NL,eredivisie awards 2026,eredivisie awards 2026,100,500,1779738000,1779741000,[17],"[""eredivisie awards 2026""]",2026-05-26T06:42:43.138246+00:00
NL:emma wortelboer,NL,emma wortelboer,emma wortelboer,200,400,1779736200,1779738000,[4],"[""emma wortelboer""]",2026-05-26T06:42:43.138246+00:00
NL:bikini,NL,bikini,bikini,200,75,1779717000,1779720000,"[4, 17]","[""bikini""]",2026-05-26T06:42:43.138246+00:00
NL:sergio perez,NL,sergio pérez,sergio perez,100,300,1779727800,1779731400,[17],"[""sergio pérez""]",2026-05-26T06:42:43.138246+00:00
NL:amateurvoetbal eindhoven,NL,amateurvoetbal eindhoven,amateurvoetbal eindhoven,100,500,1779718200,1779720600,[17],"[""amateurvoetbal eindhoven""]",2026-05-26T06:42:43.138246+00:00
NL:elfstedentocht,NL,elfstedentocht,elfstedentocht,100,200,1779706800,1779709800,[11],"[""elfstedentocht""]",2026-05-26T06:42:43.138246+00:00
NL:dubrovnik,NL,dubrovnik,dubrovnik,100,400,1779735000,1779736200,"[20, 4]","[""dubrovnik""]",2026-05-26T06:42:43.138246+00:00
NL:elburg,NL,elburg,elburg,100,300,1779693000,1779696600,[9],"[""elburg""]",2026-05-26T06:42:43.138246+00:00
NL:psv pot 2,NL,psv pot 2,psv pot 2,100,500,1779696000,1779699000,[17],"[""psv pot 2""]",2026-05-26T06:42:43.138246+00:00
NL:frank evenblij,NL,frank evenblij,frank evenblij,100,400,1779724200,1779725400,[11],"[""frank evenblij""]",2026-05-26T06:42:43.138246+00:00
NL:weersvoorspelling,NL,weersvoorspelling,weersvoorspelling,100,300,1779692400,1779694800,[20],"[""weersvoorspelling""]",2026-05-26T06:42:43.138246+00:00
NL:citizenship,NL,citizenship,citizenship,100,300,1779722400,1779723600,"[14, 10]","[""citizenship""]",2026-05-26T06:42:43.138246+00:00
NL:112 amersfoort,NL,112 amersfoort,112 amersfoort,100,400,1779712800,1779714000,[10],"[""112 amersfoort""]",2026-05-26T06:42:43.138246+00:00
NO:ferrari luce,NO,ferrari luce,ferrari luce,1000,900,1779743400,,[1],"[""ferrari luce""]",2026-05-26T06:43:29.532893+00:00
NO:erling braut haaland,NO,erling braut haaland,erling braut haaland,2000,400,1779739200,,[17],"[""erling braut haaland""]",2026-05-26T06:43:29.532893+00:00
NO:ac milan,NO,ac milan,ac milan,1000,800,1779733800,,[17],"[""ac milan""]",2026-05-26T06:43:29.532893+00:00
NO:aksel lund svindal,NO,aksel lund svindal,aksel lund svindal,500,1000,1779777000,,[17],"[""aksel lund svindal"", ""amalie iuel""]",2026-05-26T06:43:29.532893+00:00
NO:hund,NO,hund,hund,500,1000,1779768600,,"[8, 13]","[""hund""]",2026-05-26T06:43:29.532893+00:00
NO:kfum mot rosenborg tabeller,NO,kfum mot rosenborg tabeller,kfum mot rosenborg tabeller,5000,1000,1779729000,,[17],"[""kfum mot rosenborg tabeller"", ""kfum mot rosenborg"", ""eliteserien i dag"", ""adressa"", ""kfum rosenborg""]",2026-05-26T06:43:29.532893+00:00
NO:kjendis,NO,kjendis,kjendis,1000,1000,1779735000,,"[4, 2]","[""kjendis""]",2026-05-26T06:43:29.532893+00:00
NO:sergej lavrov,NO,sergej lavrov,sergej lavrov,5000,1000,1779718800,1779773400,"[14, 10]","[""sergej lavrov""]",2026-05-26T06:43:29.532893+00:00
NO:eøs,NO,eøs,eøs,2000,1000,1779698400,1779772200,[10],"[""eøs""]",2026-05-26T06:43:29.532893+00:00
NO:victoria av sverige,NO,victoria av sverige,victoria av sverige,1000,1000,1779719400,1779776400,"[4, 2, 10]","[""victoria av sverige""]",2026-05-26T06:43:29.532893+00:00
NO:ik start mot valerenga,NO,ik start mot vålerenga,ik start mot valerenga,5000,1000,1779710400,1779723600,[17],"[""ik start mot vålerenga"", ""eliteserien"", ""start vålerenga"", ""start""]",2026-05-26T06:43:29.532893+00:00
NO:sommerhytta,NO,sommerhytta,sommerhytta,2000,1000,1779693600,1779731400,[4],"[""sommerhytta""]",2026-05-26T06:43:29.532893+00:00
NO:sarpsborg mot molde,NO,sarpsborg mot molde,sarpsborg mot molde,2000,1000,1779718200,1779738600,[17],"[""sarpsborg mot molde"", ""sarpsborg 08""]",2026-05-26T06:43:29.532893+00:00
NO:ishockey vm 2026,NO,ishockey vm 2026,ishockey vm 2026,200,500,1779738000,,[17],"[""ishockey vm 2026"", ""vm ishockey""]",2026-05-26T06:43:29.532893+00:00
NO:jamie vardy,NO,jamie vardy,jamie vardy,100,400,1779768600,1779777000,[17],"[""jamie vardy""]",2026-05-26T06:43:29.532893+00:00
NO:sandefjord mot ffk,NO,sandefjord mot ffk,sandefjord mot ffk,2000,1000,1779726600,1779741000,[17],"[""sandefjord mot ffk""]",2026-05-26T06:43:29.532893+00:00
NO:hamarkameratene mot lillestrøm,NO,hamarkameratene mot lillestrøm,hamarkameratene mot lillestrøm,2000,1000,1779718800,1779735000,[17],"[""hamarkameratene mot lillestrøm"", ""hamkam"", ""hamkam lillestrøm""]",2026-05-26T06:43:29.532893+00:00
NO:inflasjon,NO,inflasjon,inflasjon,200,400,1779737400,1779777000,[3],"[""inflasjon""]",2026-05-26T06:43:29.532893+00:00
NO:hotels,NO,hotels,hotels,100,300,1779771000,1779775800,[19],"[""hotels""]",2026-05-26T06:43:29.532893+00:00
NO:russland,NO,russland,russland,200,300,1779769800,1779772800,[11],"[""russland""]",2026-05-26T06:43:29.532893+00:00
NO:norge tsjekkia ishockey,NO,norge tsjekkia ishockey,norge tsjekkia ishockey,1000,700,1779718800,1779739200,[17],"[""norge tsjekkia ishockey"", ""petter thoresen""]",2026-05-26T06:43:29.532893+00:00
NO:carl i. hagen,NO,carl i. hagen,carl i. hagen,1000,1000,1779704400,1779728400,"[14, 10]","[""carl i. hagen""]",2026-05-26T06:43:29.532893+00:00
NO:ishockey vm,NO,ishockey vm,ishockey vm,2000,400,1779720600,1779733800,[17],"[""ishockey vm"", ""hockey vm""]",2026-05-26T06:43:29.532893+00:00
NO:obosligaen,NO,obosligaen,obosligaen,1000,500,1779723000,1779733200,[17],"[""obosligaen"", ""fk haugesund mot moss""]",2026-05-26T06:43:29.532893+00:00
NO:hockey vm 2026,NO,hockey vm 2026,hockey vm 2026,1000,400,1779719400,1779733800,[17],"[""hockey vm 2026""]",2026-05-26T06:43:29.532893+00:00
NO:eliteserien - kamper,NO,eliteserien - kamper,eliteserien - kamper,1000,1000,1779723600,1779732600,[17],"[""eliteserien - kamper""]",2026-05-26T06:43:29.532893+00:00
NO:gullitunnelen,NO,gullitunnelen,gullitunnelen,1000,900,1779724800,1779739200,[11],"[""gullitunnelen"", ""tønsbergs blad"", ""kanalbrua tønsberg stengt"", ""trafikkulykke"", ""kanalbrua tønsberg""]",2026-05-26T06:43:29.532893+00:00
NO:spillet,NO,spillet,spillet,500,1000,1779727800,1779741000,[4],"[""spillet""]",2026-05-26T06:43:29.532893+00:00
NO:casper ruud,NO,casper ruud,casper ruud,1000,700,1779723000,1779738000,[17],"[""casper ruud"", ""ruud""]",2026-05-26T06:43:29.532893+00:00
NO:roland garros 2026,NO,roland garros 2026,roland garros 2026,1000,200,1779692400,1779739200,"[17, 4]","[""roland garros 2026""]",2026-05-26T06:43:29.532893+00:00
NO:stanley tucci,NO,stanley tucci,stanley tucci,1000,1000,1779731400,1779736800,[4],"[""stanley tucci""]",2026-05-26T06:43:29.532893+00:00
NO:moss avis,NO,moss avis,moss avis,100,100,1779773400,1779775800,[10],"[""moss avis""]",2026-05-26T06:43:29.532893+00:00
NO:nick cave,NO,nick cave,nick cave,500,1000,1779697800,1779726600,[4],"[""nick cave""]",2026-05-26T06:43:29.532893+00:00
NO:roman safiullin,NO,roman safiullin,roman safiullin,500,500,1779721800,1779738600,"[17, 4]","[""roman safiullin""]",2026-05-26T06:43:29.532893+00:00
NO:odd mot ranheim,NO,odd mot ranheim,odd mot ranheim,500,1000,1779720600,1779730800,[17],"[""odd mot ranheim""]",2026-05-26T06:43:29.532893+00:00
NO:renate reinsve,NO,renate reinsve,renate reinsve,500,1000,1779729600,1779734400,[4],"[""renate reinsve""]",2026-05-26T06:43:29.532893+00:00
NO:varden,NO,varden,varden,500,500,1779711600,1779722400,[11],"[""varden""]",2026-05-26T06:43:29.532893+00:00
NO:henrik haukeland,NO,henrik haukeland,henrik haukeland,500,1000,1779727200,1779733200,[17],"[""henrik haukeland"", ""michael brandsegg-nygård"", ""brandsegg nygård""]",2026-05-26T06:43:29.532893+00:00
NO:stabæk mot kongsvinger,NO,stabæk mot kongsvinger,stabæk mot kongsvinger,200,900,1779721800,1779732000,[17],"[""stabæk mot kongsvinger"", ""strømsgodset""]",2026-05-26T06:43:29.532893+00:00
NO:ebola,NO,ebola,ebola,200,600,1779744000,1779747600,[7],"[""ebola""]",2026-05-26T06:43:29.532893+00:00
NO:obos ligaen,NO,obos ligaen,obos ligaen,200,400,1779724800,1779732600,[17],"[""obos ligaen""]",2026-05-26T06:43:29.532893+00:00
NO:børs,NO,børs,børs,200,1000,1779721200,1779728400,[3],"[""børs""]",2026-05-26T06:43:29.532893+00:00
NO:ebola virus,NO,ebola virus,ebola virus,100,800,1779744000,1779747000,"[7, 10]","[""ebola virus""]",2026-05-26T06:43:29.532893+00:00
NO:per-mathias høgmo,NO,per-mathias høgmo,per-mathias høgmo,200,800,1779717000,1779723000,[17],"[""per-mathias høgmo""]",2026-05-26T06:43:29.532893+00:00
NO:roland garros,NO,roland garros,roland garros,200,100,1779733800,1779738000,"[17, 4]","[""roland garros""]",2026-05-26T06:43:29.532893+00:00
NO:joshua kitolano,NO,joshua kitolano,joshua kitolano,200,700,1779705000,1779709800,[17],"[""joshua kitolano""]",2026-05-26T06:43:29.532893+00:00
NO:nvidia,NO,nvidia,nvidia,200,800,1779708000,1779714000,[3],"[""nvidia""]",2026-05-26T06:43:29.532893+00:00
NO:milano,NO,milano,milano,200,700,1779732000,1779735600,[11],"[""milano""]",2026-05-26T06:43:29.532893+00:00
NO:tui,NO,tui,tui,200,100,1779709800,1779714600,[7],"[""tui""]",2026-05-26T06:43:29.532893+00:00
NO:vm ishockey 2026,NO,vm ishockey 2026,vm ishockey 2026,100,700,1779728400,1779732600,[17],"[""vm ishockey 2026""]",2026-05-26T06:43:29.532893+00:00
NO:french open,NO,french open,french open,100,200,1779735000,1779738600,[17],"[""french open""]",2026-05-26T06:43:29.532893+00:00
NO:casper ruud roland garros 2026,NO,casper ruud roland garros 2026,casper ruud roland garros 2026,100,1000,1779734400,1779736800,[17],"[""casper ruud roland garros 2026""]",2026-05-26T06:43:29.532893+00:00
NO:norway chess 2026,NO,norway chess 2026,norway chess 2026,100,400,1779723000,1779726000,"[6, 4]","[""norway chess 2026""]",2026-05-26T06:43:29.532893+00:00
NO:bergens tidende,NO,bergens tidende,bergens tidende,100,400,1779695400,1779699600,[11],"[""bergens tidende""]",2026-05-26T06:43:29.532893+00:00
NO:french open 2026,NO,french open 2026,french open 2026,100,300,1779736200,1779737400,[17],"[""french open 2026""]",2026-05-26T06:43:29.532893+00:00
NO:klima,NO,klima,klima,100,1000,1779733800,1779735000,[11],"[""klima""]",2026-05-26T06:43:29.532893+00:00
NZ:paintball,NZ,paintball,paintball,5000,1000,1779733800,,"[10, 8]","[""paintball""]",2026-05-26T06:44:21.771881+00:00
NZ:f1 canada penalty liam lawson,NZ,f1 canada penalty liam lawson,f1 canada penalty liam lawson,2000,1000,1779703200,,[17],"[""f1 canada penalty liam lawson""]",2026-05-26T06:44:21.771881+00:00
"NZ:sophie, duchess of edinburgh",NZ,"sophie, duchess of edinburgh","sophie, duchess of edinburgh",200,800,1779769800,,[10],"[""sophie, duchess of edinburgh""]",2026-05-26T06:44:21.771881+00:00
NZ:cavaliers vs knicks,NZ,cavaliers vs knicks,cavaliers vs knicks,2000,1000,1779753000,1779769200,[17],"[""cavaliers vs knicks"", ""knicks"", ""knicks vs cavs"", ""cavs vs knicks""]",2026-05-26T06:44:21.771881+00:00
NZ:ferrari luce,NZ,ferrari luce,ferrari luce,500,700,1779748800,,[1],"[""ferrari luce""]",2026-05-26T06:44:21.771881+00:00
NZ:state of origin,NZ,state of origin,state of origin,200,100,1779777000,,[17],"[""state of origin""]",2026-05-26T06:44:21.771881+00:00
NZ:retail,NZ,retail,retail,1000,1000,1779701400,1779760800,[3],"[""retail""]",2026-05-26T06:44:21.771881+00:00
NZ:dubai international airport,NZ,dubai international airport,dubai international airport,200,200,1779770400,1779776400,[19],"[""dubai international airport""]",2026-05-26T06:44:21.771881+00:00
NZ:elizabeth ii,NZ,elizabeth ii,elizabeth ii,200,600,1779767400,1779772800,"[10, 4]","[""elizabeth ii""]",2026-05-26T06:44:21.771881+00:00
NZ:braxton sorensen-mcgee,NZ,braxton sorensen-mcgee,braxton sorensen-mcgee,500,400,1779694200,1779745200,[17],"[""braxton sorensen-mcgee""]",2026-05-26T06:44:21.771881+00:00
NZ:state of origin 2026,NZ,state of origin 2026,state of origin 2026,200,200,1779735000,,[17],"[""state of origin 2026""]",2026-05-26T06:44:21.771881+00:00
NZ:new zealand women vs england women,NZ,new zealand women vs england women,new zealand women vs england women,500,1000,1779724800,1779738000,[17],"[""new zealand women vs england women""]",2026-05-26T06:44:21.771881+00:00
NZ:oil,NZ,oil,oil,100,300,1779774600,1779775800,[14],"[""oil"", ""iran war""]",2026-05-26T06:44:21.771881+00:00
NZ:kiwibank,NZ,kiwibank,kiwibank,500,300,1779731400,1779739800,"[3, 18]","[""kiwibank""]",2026-05-26T06:44:21.771881+00:00
NZ:riley higgins,NZ,riley higgins,riley higgins,100,200,1779726600,1779742200,[17],"[""riley higgins""]",2026-05-26T06:44:21.771881+00:00
NZ:nz-w vs en-w,NZ,nz-w vs en-w,nz-w vs en-w,200,600,1779732600,1779738000,[17],"[""nz-w vs en-w""]",2026-05-26T06:44:21.771881+00:00
NZ:diesel fuel,NZ,diesel fuel,diesel fuel,100,200,1779729000,1779738000,[11],"[""diesel fuel""]",2026-05-26T06:44:21.771881+00:00
NZ:dairy,NZ,dairy,dairy,100,200,1779733800,1779739800,"[10, 3]","[""dairy""]",2026-05-26T06:44:21.771881+00:00
NZ:roger tuivasa sheck injury,NZ,roger tuivasa sheck injury,roger tuivasa sheck injury,100,1000,1779691800,1779732000,[17],"[""roger tuivasa sheck injury""]",2026-05-26T06:44:21.771881+00:00
NZ:the boroughs,NZ,the boroughs,the boroughs,200,100,1779699600,1779703800,[4],"[""the boroughs""]",2026-05-26T06:44:21.771881+00:00
NZ:alan carr,NZ,alan carr,alan carr,200,1000,1779698400,1779701400,[4],"[""alan carr""]",2026-05-26T06:44:21.771881+00:00
NZ:westpac,NZ,westpac,westpac,100,100,1779724800,1779727200,[3],"[""westpac""]",2026-05-26T06:44:21.771881+00:00
PH:apple david age,PH,apple david age,apple david age,10000,1000,1779693600,,[11],"[""apple david age"", ""chad gammad age"", ""chad gammad apple david""]",2026-05-26T06:45:09.261931+00:00
PH:it's showtime,PH,it's showtime,it's showtime,5000,1000,1779697200,,[4],"[""it's showtime""]",2026-05-26T06:45:09.261931+00:00
PH:inday badiday,PH,inday badiday,inday badiday,5000,800,1779715200,,[14],"[""inday badiday""]",2026-05-26T06:45:09.261931+00:00
PH:holiday may 27,PH,holiday may 27,holiday may 27,5000,500,1779746400,,[8],"[""holiday may 27"", ""holiday may 27 2026"", ""may 27 2026 holiday"", ""what holiday is may 27 2026""]",2026-05-26T06:45:09.261931+00:00
PH:charter change,PH,charter change,charter change,5000,700,1779697800,,[14],"[""charter change""]",2026-05-26T06:45:09.261931+00:00
PH:cavaliers vs knicks,PH,cavaliers vs knicks,cavaliers vs knicks,50000,1000,1779753600,1779768600,[17],"[""cavaliers vs knicks"", ""cavs vs knicks game 4"", ""knicks vs cavs"", ""1999 nba finals"", ""knicks vs cavs game 4"", ""new york knicks"", ""nba finals"", ""knicks"", ""nyk vs cavs"", ""cavs vs knicks"", ""cleveland cavaliers vs knicks match player stats"", ""cleveland cavaliers vs knicks"", ""karl-anthony towns"", ""thomas bryant"", ""new york vs cavs"", ""cleveland cavaliers"", ""og anunoby"", ""josh hart"", ""cleveland cavaliers vs knicks timeline"", ""cleveland vs knicks"", ""nba playoff bracket"", ""knicks cavs"", ""ny vs cavs"", ""new york knicks vs cleveland cavaliers"", ""cavs vs"", ""cle vs nyk"", ""cavs knicks"", ""jalen brunson stats"", ""brunson stats""]",2026-05-26T06:45:09.261931+00:00
PH:spurs vs okc game 5,PH,spurs vs okc game 5,spurs vs okc game 5,2000,700,1779752400,,[17],"[""spurs vs okc game 5"", ""okc vs spurs game 5""]",2026-05-26T06:45:09.261931+00:00
PH:tro bid denied dela rosa,PH,tro bid denied dela rosa,tro bid denied dela rosa,2000,600,1779738600,,[10],"[""tro bid denied dela rosa"", ""supreme court of the philippines""]",2026-05-26T06:45:09.261931+00:00
PH:nate jacobs,PH,nate jacobs,nate jacobs,2000,200,1779693000,,[4],"[""nate jacobs"", ""nate jacobs death"", ""euphoria"", ""euphoria season 3 episode 7"", ""did nate jacobs die""]",2026-05-26T06:45:09.261931+00:00
"PH:lotto result may 25, 2026",PH,"lotto result may 25, 2026","lotto result may 25, 2026",2000,200,1779702600,,[6],"[""lotto result may 25, 2026"", ""may 25 2026 lotto result"", ""lotto result may 25 2026 philippines today"", ""lotto results may 25 2026"", ""lotto result may 25"", ""lotto result may 25,2026"", ""6/45 lotto result today"", ""6/45 lotto result""]",2026-05-26T06:45:09.261931+00:00
PH:dodgers vs rockies,PH,dodgers vs rockies,dodgers vs rockies,1000,600,1779758400,,[17],"[""dodgers vs rockies""]",2026-05-26T06:45:09.261931+00:00
PH:valkyries vs sun,PH,valkyries vs sun,valkyries vs sun,1000,600,1779762000,,[17],"[""valkyries vs sun""]",2026-05-26T06:45:09.261931+00:00
PH:vico sotto,PH,vico sotto,vico sotto,200,600,1779774600,,[3],"[""vico sotto""]",2026-05-26T06:45:09.261931+00:00
PH:patrick gardner,PH,patrick gardner,patrick gardner,200,400,1779770400,,[17],"[""patrick gardner""]",2026-05-26T06:45:09.261931+00:00
PH:american music awards 2026,PH,american music awards 2026,american music awards 2026,500,200,1779759000,,[4],"[""american music awards 2026""]",2026-05-26T06:45:09.261931+00:00
PH:oil,PH,oil,oil,1000,100,1779744000,,[14],"[""oil"", ""missile""]",2026-05-26T06:45:09.261931+00:00
PH:jordan clarkson,PH,jordan clarkson,jordan clarkson,2000,700,1779757800,1779777000,[17],"[""jordan clarkson""]",2026-05-26T06:45:09.261931+00:00
PH:jalen brunson,PH,jalen brunson,jalen brunson,2000,400,1779757200,1779776400,[17],"[""jalen brunson""]",2026-05-26T06:45:09.261931+00:00
PH:landry shamet,PH,landry shamet,landry shamet,2000,900,1779756600,1779774600,[17],"[""landry shamet""]",2026-05-26T06:45:09.261931+00:00
PH:laufey,PH,laufey,laufey,500,100,1779762600,,"[4, 19, 3]","[""laufey""]",2026-05-26T06:45:09.261931+00:00
PH:bts,PH,bts,bts,500,100,1779766800,,[4],"[""bts"", ""ama awards 2026"", ""amas""]",2026-05-26T06:45:09.261931+00:00
PH:eid al adha,PH,eid al adha,eid al adha,200,100,1779755400,,[11],"[""eid al adha""]",2026-05-26T06:45:09.261931+00:00
PH:cavs,PH,cavs,cavs,2000,900,1779756000,1779765600,[17],"[""cavs"", ""james harden""]",2026-05-26T06:45:09.261931+00:00
PH:mitchell robinson,PH,mitchell robinson,mitchell robinson,1000,700,1779755400,1779772200,[17],"[""mitchell robinson""]",2026-05-26T06:45:09.261931+00:00
PH:idf,PH,idf,idf,100,100,1779772800,,[11],"[""idf""]",2026-05-26T06:45:09.261931+00:00
PH:galeries tower highrisers,PH,galeries tower highrisers,galeries tower highrisers,1000,200,1779741000,1779777000,[17],"[""galeries tower highrisers"", ""pvl"", ""pvl draft 2026""]",2026-05-26T06:45:09.261931+00:00
PH:mikal bridges,PH,mikal bridges,mikal bridges,1000,600,1779755400,1779766800,[17],"[""mikal bridges""]",2026-05-26T06:45:09.261931+00:00
PH:what is charter change,PH,what is charter change,what is charter change,1000,100,1779708600,1779776400,[14],"[""what is charter change""]",2026-05-26T06:45:09.261931+00:00
PH:miles mcbride,PH,miles mcbride,miles mcbride,500,400,1779757200,1779767400,[17],"[""miles mcbride""]",2026-05-26T06:45:09.261931+00:00
PH:memorial day usa 2026,PH,memorial day usa 2026,memorial day usa 2026,2000,200,1779714000,1779750600,[8],"[""memorial day usa 2026"", ""us holiday 2026"", ""us holidays""]",2026-05-26T06:45:09.261931+00:00
PH:jose alvarado,PH,jose alvarado,jose alvarado,500,600,1779758400,1779768600,[17],"[""jose alvarado""]",2026-05-26T06:45:09.261931+00:00
PH:american music awards,PH,american music awards,american music awards,200,200,1779770400,1779775800,[4],"[""american music awards"", ""ama""]",2026-05-26T06:45:09.261931+00:00
PH:timothee chalamet,PH,timothee chalamet,timothee chalamet,200,100,1779764400,1779776400,[4],"[""timothee chalamet""]",2026-05-26T06:45:09.261931+00:00
PH:liberty vs portland fire,PH,liberty vs portland fire,liberty vs portland fire,500,500,1779755400,1779766200,[17],"[""liberty vs portland fire""]",2026-05-26T06:45:09.261931+00:00
PH:holiday may 2026,PH,holiday may 2026,holiday may 2026,1000,100,1779747600,1779763800,[8],"[""holiday may 2026""]",2026-05-26T06:45:09.261931+00:00
PH:sherwin gatchalian,PH,sherwin gatchalian,sherwin gatchalian,2000,200,1779702600,1779763800,"[14, 10]","[""sherwin gatchalian"", ""minority floor leader of the senate of the philippines""]",2026-05-26T06:45:09.261931+00:00
PH:jeremy sochan,PH,jeremy sochan,jeremy sochan,500,800,1779759000,1779766200,[17],"[""jeremy sochan""]",2026-05-26T06:45:09.261931+00:00
PH:nyc vs cavs,PH,nyc vs cavs,nyc vs cavs,200,300,1779760200,1779768600,[17],"[""nyc vs cavs""]",2026-05-26T06:45:09.261931+00:00
PH:mike brown,PH,mike brown,mike brown,100,100,1779767400,1779775200,[17],"[""mike brown""]",2026-05-26T06:45:09.261931+00:00
PH:gasoline price hike may 26,PH,gasoline price hike may 26,gasoline price hike may 26,500,100,1779719400,1779761400,"[3, 1]","[""gasoline price hike may 26"", ""oil price hike""]",2026-05-26T06:45:09.261931+00:00
PH:ariel hukporti,PH,ariel hukporti,ariel hukporti,200,300,1779762000,1779768600,[17],"[""ariel hukporti""]",2026-05-26T06:45:09.261931+00:00
PH:ralph recto plunder complaint,PH,ralph recto plunder complaint,ralph recto plunder complaint,1000,100,1779693600,1779773400,[10],"[""ralph recto plunder complaint""]",2026-05-26T06:45:09.261931+00:00
PH:jaylon tyson,PH,jaylon tyson,jaylon tyson,200,400,1779759600,1779765600,[17],"[""jaylon tyson""]",2026-05-26T06:45:09.261931+00:00
PH:mark zuckerberg,PH,mark zuckerberg,mark zuckerberg,200,100,1779706200,1779777000,[3],"[""mark zuckerberg""]",2026-05-26T06:45:09.261931+00:00
PH:donovan mitchell,PH,donovan mitchell,donovan mitchell,200,300,1779762600,1779765600,[17],"[""donovan mitchell""]",2026-05-26T06:45:09.261931+00:00
PH:us holiday,PH,us holiday,us holiday,500,100,1779706800,1779751800,[11],"[""us holiday""]",2026-05-26T06:45:09.261931+00:00
PH:magnifica humanitas,PH,magnifica humanitas,magnifica humanitas,200,100,1779710400,1779763200,[11],"[""magnifica humanitas""]",2026-05-26T06:45:09.261931+00:00
PH:leylah fernandez,PH,leylah fernandez,leylah fernandez,200,200,1779743400,1779753600,[17],"[""leylah fernandez""]",2026-05-26T06:45:09.261931+00:00
PH:may 25 us holiday,PH,may 25 us holiday,may 25 us holiday,500,200,1779707400,1779724200,[8],"[""may 25 us holiday""]",2026-05-26T06:45:09.261931+00:00
PH:chemical engineering board exam 2026,PH,chemical engineering board exam 2026,chemical engineering board exam 2026,500,200,1779700200,1779757200,"[9, 15]","[""chemical engineering board exam 2026""]",2026-05-26T06:45:09.261931+00:00
PH:jarrett allen,PH,jarrett allen,jarrett allen,200,400,1779757800,1779760200,[17],"[""jarrett allen""]",2026-05-26T06:45:09.261931+00:00
PH:french open 2026,PH,french open 2026,french open 2026,500,100,1779703800,1779729000,[17],"[""french open 2026""]",2026-05-26T06:45:09.261931+00:00
PH:blue ribbon committee,PH,blue ribbon committee,blue ribbon committee,500,100,1779698400,1779718200,"[14, 10]","[""blue ribbon committee""]",2026-05-26T06:45:09.261931+00:00
PH:thailand,PH,thailand,thailand,500,200,1779706200,1779721200,[10],"[""thailand""]",2026-05-26T06:45:09.261931+00:00
PH:rick and morty season 9,PH,rick and morty season 9,rick and morty season 9,200,100,1779706200,1779765000,[4],"[""rick and morty season 9""]",2026-05-26T06:45:09.261931+00:00
PH:zeynep sonmez,PH,zeynep sönmez,zeynep sonmez,500,400,1779702000,1779711000,[17],"[""zeynep sönmez""]",2026-05-26T06:45:09.261931+00:00
PH:maja chwalinska,PH,maja chwalińska,maja chwalinska,200,200,1779705600,1779714600,[17],"[""maja chwalińska""]",2026-05-26T06:45:09.261931+00:00
PH:elena rybakina,PH,elena rybakina,elena rybakina,500,1000,1779710400,1779713400,[17],"[""elena rybakina""]",2026-05-26T06:45:09.261931+00:00
PH:eva lys,PH,eva lys,eva lys,200,200,1779712200,1779717000,[17],"[""eva lys"", ""eala vs jovic""]",2026-05-26T06:45:09.261931+00:00
PH:time now,PH,time now,time now,100,50,1779748200,1779751200,[14],"[""time now""]",2026-05-26T06:45:09.261931+00:00
PH:0,PH,0,0,100,75,1779747600,1779751200,[17],"[""0""]",2026-05-26T06:45:09.261931+00:00
PH:sydney sweeney,PH,sydney sweeney,sydney sweeney,100,100,1779724800,1779732000,[4],"[""sydney sweeney""]",2026-05-26T06:45:09.261931+00:00
PH:jasmine paolini,PH,jasmine paolini,jasmine paolini,100,200,1779705600,1779709200,[17],"[""jasmine paolini""]",2026-05-26T06:45:09.261931+00:00
PH:elina svitolina,PH,elina svitolina,elina svitolina,200,1000,1779713400,1779714600,[17],"[""elina svitolina""]",2026-05-26T06:45:09.261931+00:00
PH:amazon,PH,amazon,amazon,100,75,1779736200,1779738000,[16],"[""amazon""]",2026-05-26T06:45:09.261931+00:00
PH:jake cuenca,PH,jake cuenca,jake cuenca,100,200,1779692400,1779696600,[4],"[""jake cuenca""]",2026-05-26T06:45:09.261931+00:00
PH:c,PH,c,c,100,50,1779735000,1779736200,[11],"[""c""]",2026-05-26T06:45:09.261931+00:00
PH:speed,PH,speed,speed,100,100,1779696600,1779699000,"[14, 10]","[""speed""]",2026-05-26T06:45:09.261931+00:00
PK:pakistani rupee,PK,pakistani rupee,pakistani rupee,10000,1000,1779710400,,[3],"[""pakistani rupee""]",2026-05-26T06:45:54.085065+00:00
PK:pakistan,PK,pakistan,pakistan,20000,500,1779694200,,"[10, 14]","[""pakistan""]",2026-05-26T06:45:54.085065+00:00
PK:jaffar express,PK,jaffar express,jaffar express,5000,1000,1779713400,,[11],"[""jaffar express""]",2026-05-26T06:45:54.085065+00:00
PK:abraham accords,PK,abraham accords,abraham accords,5000,1000,1779712200,,[14],"[""abraham accords"", ""what is abraham accords""]",2026-05-26T06:45:54.085065+00:00
PK:twenty20 international,PK,twenty20 international,twenty20 international,5000,600,1779693000,,[17],"[""twenty20 international"", ""new zealand women vs england women"", ""charlie dean"", ""amelia kerr"", ""eng w vs nz w""]",2026-05-26T06:45:54.085065+00:00
PK:hamza habib,PK,hamza habib,hamza habib,2000,1000,1779711000,,[4],"[""hamza habib"", ""momina iqbal husband""]",2026-05-26T06:45:54.085065+00:00
PK:cm afridi,PK,cm afridi,cm afridi,2000,1000,1779722400,,[14],"[""cm afridi""]",2026-05-26T06:45:54.085065+00:00
PK:from episode 6,PK,from episode 6,from episode 6,1000,400,1779696000,,[4],"[""from episode 6""]",2026-05-26T06:45:54.085065+00:00
PK:one constitution avenue cda case,PK,one constitution avenue cda case,one constitution avenue cda case,500,300,1779725400,,[10],"[""one constitution avenue cda case""]",2026-05-26T06:45:54.085065+00:00
PK:eid ul adha in pakistan 2026,PK,eid ul adha in pakistan 2026,eid ul adha in pakistan 2026,1000,200,1779697200,,[8],"[""eid ul adha in pakistan 2026"", ""pakistan eid ul adha 2026"", ""eid ul adha 2026 pakistan"", ""when is eid ul adha 2026""]",2026-05-26T06:45:54.085065+00:00
PK:rcb vs gt,PK,rcb vs gt,rcb vs gt,1000,500,1779720000,,[17],"[""rcb vs gt""]",2026-05-26T06:45:54.085065+00:00
PK:bts,PK,bts,bts,200,200,1779769800,,[4],"[""bts""]",2026-05-26T06:45:54.085065+00:00
PK:west indies cricket team,PK,west indies cricket team,west indies cricket team,500,400,1779730800,,[17],"[""west indies cricket team"", ""sri lanka""]",2026-05-26T06:45:54.085065+00:00
PK:hajj 2026 live,PK,hajj 2026 live,hajj 2026 live,1000,300,1779693000,,[11],"[""hajj 2026 live"", ""hajj live 2026""]",2026-05-26T06:45:54.085065+00:00
PK:hajj,PK,hajj,hajj,1000,200,1779777000,,[11],"[""hajj"", ""arafat"", ""haj"", ""how many people perform hajj 2026"", ""makkah weather"", ""makkah"", ""mina"", ""when is hajj 2026""]",2026-05-26T06:45:54.085065+00:00
PK:song,PK,song,song,500,50,1779766800,,[4],"[""song""]",2026-05-26T06:45:54.085065+00:00
PK:cartoon,PK,cartoon,cartoon,500,75,1779768000,,[11],"[""cartoon""]",2026-05-26T06:45:54.085065+00:00
PK:sydney sweeney,PK,sydney sweeney,sydney sweeney,500,200,1779717600,,[4],"[""sydney sweeney""]",2026-05-26T06:45:54.085065+00:00
PK:gta 5,PK,gta 5,gta 5,200,100,1779766800,,[6],"[""gta 5""]",2026-05-26T06:45:54.085065+00:00
PK:oil,PK,oil,oil,200,100,1779735600,,[14],"[""oil"", ""al jazeera"", ""out"", ""iran news"", ""live""]",2026-05-26T06:45:54.085065+00:00
PK:download,PK,download,download,500,50,1779759000,1779773400,[9],"[""download""]",2026-05-26T06:45:54.085065+00:00
PK:capital development authority,PK,capital development authority,capital development authority,1000,400,1779700200,1779765600,[10],"[""capital development authority""]",2026-05-26T06:45:54.085065+00:00
PK:memorial day,PK,memorial day,memorial day,500,300,1779716400,1779747000,[10],"[""memorial day""]",2026-05-26T06:45:54.085065+00:00
PK:game,PK,game,game,200,75,1779765600,1779769800,[17],"[""game"", ""play""]",2026-05-26T06:45:54.085065+00:00
PK:motorcycle,PK,motorcycle,motorcycle,200,200,1779708600,1779766800,[11],"[""motorcycle""]",2026-05-26T06:45:54.085065+00:00
PK:alarm,PK,alarm,alarm,500,100,1779730800,1779743400,[11],"[""alarm""]",2026-05-26T06:45:54.085065+00:00
PK:iphone 18,PK,iphone 18,iphone 18,500,200,1779696600,1779718200,[18],"[""iphone 18""]",2026-05-26T06:45:54.085065+00:00
PK:euphoria season 3,PK,euphoria season 3,euphoria season 3,200,100,1779741600,1779760200,[4],"[""euphoria season 3"", ""euphoria""]",2026-05-26T06:45:54.085065+00:00
PK:nottinghamshire,PK,nottinghamshire,nottinghamshire,200,1000,1779726600,1779733800,[3],"[""nottinghamshire""]",2026-05-26T06:45:54.085065+00:00
PK:dian forrester,PK,dian forrester,dian forrester,100,600,1779727200,1779733200,[17],"[""dian forrester""]",2026-05-26T06:45:54.085065+00:00
PK:اسٹیٹ بینک,PK,اسٹیٹ بینک,اسٹیٹ بینک,100,300,1779735000,1779776400,[11],"[""اسٹیٹ بینک""]",2026-05-26T06:45:54.085065+00:00
PK:sussex,PK,sussex,sussex,100,600,1779729000,1779733200,[17],"[""sussex""]",2026-05-26T06:45:54.085065+00:00
PK:instagram web,PK,instagram web,instagram web,100,100,1779727200,1779729600,[14],"[""instagram web""]",2026-05-26T06:45:54.085065+00:00
PK:john healey,PK,john healey,john healey,100,100,1779711600,1779724200,[10],"[""john healey""]",2026-05-26T06:45:54.085065+00:00
PK:joo,PK,joo,joo,100,50,1779728400,1779729600,[4],"[""joo""]",2026-05-26T06:45:54.085065+00:00
PL:zyczenia na dzien mamy,PL,zyczenia na dzien mamy,zyczenia na dzien mamy,10000,1000,1779763200,,"[8, 16]","[""zyczenia na dzien mamy"", ""życzenia na dzień matki"", ""dzień mamy 2026"", ""zyczenia na dzien matki"", ""26 maja"", ""życzenia z okazji dnia matki"", ""dzień matki polska"", ""kiedy dzien mamy"", ""kiedy jest dzień mamy"", ""kiedy dzień mamy""]",2026-05-26T06:46:36.825765+00:00
PL:fryderyki 2026,PL,fryderyki 2026,fryderyki 2026,10000,1000,1779726000,,[4],"[""fryderyki 2026"", ""kasia lins"", ""gabi drzewiecka"", ""fryderyki"", ""kto prowadzi fryderyki 2026"", ""krzysztof zalewski"", ""fryderyki 2026 nominacje""]",2026-05-26T06:46:36.825765+00:00
PL:stanisław janicki,PL,stanisław janicki,stanisław janicki,20000,1000,1779696000,,[4],"[""stanisław janicki"", ""stanislaw janicki"", ""janicki"", ""w starym kinie""]",2026-05-26T06:46:36.825765+00:00
PL:rynek zdrowia,PL,rynek zdrowia,rynek zdrowia,5000,1000,1779735600,,[3],"[""rynek zdrowia""]",2026-05-26T06:46:36.825765+00:00
PL:ilona ostrowska,PL,ilona ostrowska,ilona ostrowska,5000,1000,1779722400,,[4],"[""ilona ostrowska""]",2026-05-26T06:46:36.825765+00:00
PL:ludmiła samsonowa,PL,ludmiła samsonowa,ludmiła samsonowa,5000,1000,1779713400,,[17],"[""ludmiła samsonowa""]",2026-05-26T06:46:36.825765+00:00
PL:zbigniew kapinski,PL,zbigniew kapiński,zbigniew kapinski,10000,1000,1779718200,,"[14, 10]","[""zbigniew kapiński"", ""sławomir cenckiewicz"", ""prezes"", ""sąd najwyższy"", ""zbigniew kapiński sędzia"", ""kapiński zbigniew"", ""zbigniew kapinski"", ""sędzia zbigniew kapiński"", ""kapiński"", ""sędzia kapiński"", ""kapiński sedzia"", ""zbigniewa kapińskiego""]",2026-05-26T06:46:36.825765+00:00
PL:ferrari luce,PL,ferrari luce,ferrari luce,2000,800,1779741600,,[1],"[""ferrari luce""]",2026-05-26T06:46:36.825765+00:00
PL:transfer,PL,transfer,transfer,5000,600,1779702600,,[17],"[""transfer"", ""zoran arsenić""]",2026-05-26T06:46:36.825765+00:00
PL:dzien ojca,PL,dzien ojca,dzien ojca,5000,100,1779716400,,"[8, 4, 19]","[""dzien ojca"", ""dzień ojca""]",2026-05-26T06:46:36.825765+00:00
PL:jakub gierszał,PL,jakub gierszał,jakub gierszał,2000,700,1779736200,,[4],"[""jakub gierszał""]",2026-05-26T06:46:36.825765+00:00
PL:monfils,PL,monfils,monfils,5000,900,1779733800,,[17],"[""monfils"", ""gael monfils"", ""hugo gaston"", ""gaël monfils"", ""gaston""]",2026-05-26T06:46:36.825765+00:00
PL:paderborn 07 – wolfsburg,PL,paderborn 07 – wolfsburg,paderborn 07 – wolfsburg,5000,1000,1779731400,,[17],"[""paderborn 07 – wolfsburg"", ""meczyki""]",2026-05-26T06:46:36.825765+00:00
PL:joseph colley,PL,joseph colley,joseph colley,2000,700,1779728400,,[17],"[""joseph colley""]",2026-05-26T06:46:36.825765+00:00
PL:natalia kukulska,PL,natalia kukulska,natalia kukulska,2000,700,1779738000,,[4],"[""natalia kukulska""]",2026-05-26T06:46:36.825765+00:00
PL:gala ekstraklasy 2026,PL,gala ekstraklasy 2026,gala ekstraklasy 2026,5000,500,1779724200,,[17],"[""gala ekstraklasy 2026"", ""bartosz nowak"", ""gala ekstraklasy"", ""xavier dziekoński""]",2026-05-26T06:46:36.825765+00:00
PL:dominika tajner-wisniewska,PL,dominika tajner-wiśniewska,dominika tajner-wisniewska,1000,500,1779723000,,[4],"[""dominika tajner-wiśniewska""]",2026-05-26T06:46:36.825765+00:00
PL:easyjet,PL,easyjet,easyjet,2000,300,1779715800,,[11],"[""easyjet""]",2026-05-26T06:46:36.825765+00:00
PL:27 maja,PL,27 maja,27 maja,2000,400,1779726600,,[20],"[""27 maja"", ""wiatr""]",2026-05-26T06:46:36.825765+00:00
PL:natalia szroeder,PL,natalia szroeder,natalia szroeder,1000,600,1779740400,,[4],"[""natalia szroeder""]",2026-05-26T06:46:36.825765+00:00
PL:karolina muchova,PL,karolína muchová,karolina muchova,1000,400,1779736800,,[11],"[""karolína muchová""]",2026-05-26T06:46:36.825765+00:00
PL:radiowoz,PL,radiowóz,radiowoz,1000,300,1779723600,,[10],"[""radiowóz""]",2026-05-26T06:46:36.825765+00:00
PL:polska - ukraina,PL,polska - ukraina,polska - ukraina,1000,600,1779735600,,[17],"[""polska - ukraina""]",2026-05-26T06:46:36.825765+00:00
PL:kijow,PL,kijów,kijow,2000,300,1779772800,,[11],"[""kijów"", ""rakieta"", ""pocisk""]",2026-05-26T06:46:36.825765+00:00
PL:mistrzostwa swiata w hokeju na lodzie mezczyzn,PL,mistrzostwa świata w hokeju na lodzie mężczyzn,mistrzostwa swiata w hokeju na lodzie mezczyzn,200,300,1779769200,,[17],"[""mistrzostwa świata w hokeju na lodzie mężczyzn""]",2026-05-26T06:46:36.825765+00:00
PL:nate jacobs,PL,nate jacobs,nate jacobs,500,100,1779742200,,[4],"[""nate jacobs"", ""euphoria""]",2026-05-26T06:46:36.825765+00:00
PL:film,PL,film,film,5000,600,1779726000,1779772200,[4],"[""film""]",2026-05-26T06:46:36.825765+00:00
PL:fabian zydor,PL,fabian zydor,fabian zydor,200,200,1779769800,,[10],"[""fabian zydor""]",2026-05-26T06:46:36.825765+00:00
PL:ing bank slaski,PL,ing bank śląski,ing bank slaski,5000,1000,1779738000,1779777600,[3],"[""ing bank śląski""]",2026-05-26T06:46:36.825765+00:00
PL:marianna schreiber,PL,marianna schreiber,marianna schreiber,1000,400,1779705000,,[4],"[""marianna schreiber""]",2026-05-26T06:46:36.825765+00:00
PL:jacek protasiewicz,PL,jacek protasiewicz,jacek protasiewicz,1000,200,1779736800,,[14],"[""jacek protasiewicz"", ""protasiewicz""]",2026-05-26T06:46:36.825765+00:00
PL:maja chwalinska,PL,maja chwalińska,maja chwalinska,20000,1000,1779700800,1779772200,[17],"[""maja chwalińska"", ""zheng qinwen"", ""chwalińska"", ""chwalinska"", ""qinwen zheng"", ""maja chwalinska"", ""chwalińska mecz"", ""chwalińska mecz dzisiaj"", ""wta live"", ""wta roland garros 2026""]",2026-05-26T06:46:36.825765+00:00
PL:krajowa rada sadownictwa,PL,krajowa rada sądownictwa,krajowa rada sadownictwa,200,300,1779776400,,[10],"[""krajowa rada sądownictwa""]",2026-05-26T06:46:36.825765+00:00
PL:dominika długosz,PL,dominika długosz,dominika długosz,500,200,1779747000,,[11],"[""dominika długosz""]",2026-05-26T06:46:36.825765+00:00
PL:zbigniew bogucki,PL,zbigniew bogucki,zbigniew bogucki,5000,1000,1779705600,1779769800,[14],"[""zbigniew bogucki""]",2026-05-26T06:46:36.825765+00:00
PL:bartosz bereszynski,PL,bartosz bereszyński,bartosz bereszynski,2000,1000,1779717000,1779776400,[17],"[""bartosz bereszyński""]",2026-05-26T06:46:36.825765+00:00
PL:king crimson,PL,king crimson,king crimson,100,300,1779776400,,[4],"[""king crimson""]",2026-05-26T06:46:36.825765+00:00
PL:przedszkole,PL,przedszkole,przedszkole,5000,1000,1779702000,1779775200,[11],"[""przedszkole""]",2026-05-26T06:46:36.825765+00:00
PL:piast gliwice,PL,piast gliwice,piast gliwice,2000,800,1779698400,1779773400,[17],"[""piast gliwice""]",2026-05-26T06:46:36.825765+00:00
PL:teznia,PL,tężnia,teznia,500,500,1779741600,,[7],"[""tężnia""]",2026-05-26T06:46:36.825765+00:00
PL:zbigniew ziobro,PL,zbigniew ziobro,zbigniew ziobro,10000,600,1779707400,1779735000,[10],"[""zbigniew ziobro""]",2026-05-26T06:46:36.825765+00:00
PL:hubert hurkacz,PL,hubert hurkacz,hubert hurkacz,10000,600,1779715800,1779734400,[17],"[""hubert hurkacz"", ""hurkacz mecz"", ""jaume munar"", ""kiedy gra hurkacz"", ""munar"", ""roland garros 2026"", ""o której gra hurkacz""]",2026-05-26T06:46:36.825765+00:00
PL:wykolejenie,PL,wykolejenie,wykolejenie,5000,700,1779724200,1779777000,[11],"[""wykolejenie"", ""garbatka"", ""rogoźno"", ""rogozno"", ""katastrofa kolejowa"", ""garbatka wielkopolskie""]",2026-05-26T06:46:36.825765+00:00
PL:joanna przetakiewicz,PL,joanna przetakiewicz,joanna przetakiewicz,100,300,1779774000,,[4],"[""joanna przetakiewicz""]",2026-05-26T06:46:36.825765+00:00
PL:tomasz sakiewicz,PL,tomasz sakiewicz,tomasz sakiewicz,5000,1000,1779723600,1779772800,[11],"[""tomasz sakiewicz""]",2026-05-26T06:46:36.825765+00:00
PL:upał,PL,upał,upał,1000,600,1779766800,1779772200,[20],"[""upał""]",2026-05-26T06:46:36.825765+00:00
PL:krzysztof stanowski,PL,krzysztof stanowski,krzysztof stanowski,2000,500,1779726600,1779775200,[11],"[""krzysztof stanowski"", ""olga malinkiewicz""]",2026-05-26T06:46:36.825765+00:00
PL:konstytucja,PL,konstytucja,konstytucja,5000,1000,1779702000,1779743400,"[14, 10]","[""konstytucja""]",2026-05-26T06:46:36.825765+00:00
PL:samolot,PL,samolot,samolot,20000,1000,1779706200,1779720000,[11],"[""samolot""]",2026-05-26T06:46:36.825765+00:00
PL:s7,PL,s7,s7,1000,300,1779727800,1779776400,[3],"[""s7""]",2026-05-26T06:46:36.825765+00:00
PL:wolfsburg,PL,wolfsburg,wolfsburg,2000,400,1779736200,1779777000,[17],"[""wolfsburg"", ""paderborn"", ""vfl wolfsburg""]",2026-05-26T06:46:36.825765+00:00
PL:wieczysta,PL,wieczysta,wieczysta,2000,200,1779708600,1779776400,[17],"[""wieczysta"", ""wieczysta kraków""]",2026-05-26T06:46:36.825765+00:00
PL:ropa naftowa,PL,ropa naftowa,ropa naftowa,2000,700,1779697200,1779736800,[11],"[""ropa naftowa""]",2026-05-26T06:46:36.825765+00:00
PL:ordynacja podatkowa,PL,ordynacja podatkowa,ordynacja podatkowa,200,300,1779724800,,"[3, 10]","[""ordynacja podatkowa""]",2026-05-26T06:46:36.825765+00:00
PL:enzo fernandez,PL,enzo fernández,enzo fernandez,1000,500,1779715800,1779774000,[17],"[""enzo fernández""]",2026-05-26T06:46:36.825765+00:00
PL:wolfsburg fc,PL,wolfsburg fc,wolfsburg fc,1000,400,1779736200,1779775800,[17],"[""wolfsburg fc""]",2026-05-26T06:46:36.825765+00:00
PL:manchester united f.c.,PL,manchester united f.c.,manchester united f.c.,100,300,1779771000,,[17],"[""manchester united f.c.""]",2026-05-26T06:46:36.825765+00:00
PL:marc-andre ter stegen,PL,marc-andré ter stegen,marc-andre ter stegen,1000,300,1779712200,1779772800,[17],"[""marc-andré ter stegen""]",2026-05-26T06:46:36.825765+00:00
PL:krajowa administracja skarbowa,PL,krajowa administracja skarbowa,krajowa administracja skarbowa,200,200,1779762600,1779772200,[10],"[""krajowa administracja skarbowa""]",2026-05-26T06:46:36.825765+00:00
PL:pierwsza miłosc,PL,pierwsza miłość,pierwsza miłosc,2000,200,1779719400,1779771600,[4],"[""pierwsza miłość""]",2026-05-26T06:46:36.825765+00:00
PL:box office,PL,box office,box office,1000,400,1779714600,1779776400,[4],"[""box office""]",2026-05-26T06:46:36.825765+00:00
PL:iga swiatek,PL,iga świątek,iga swiatek,20000,1000,1779706200,1779709200,"[17, 4]","[""iga świątek"", ""sára bejlek"", ""jones emerson""]",2026-05-26T06:46:36.825765+00:00
PL:vullnet basha,PL,vullnet basha,vullnet basha,2000,800,1779709200,1779734400,[17],"[""vullnet basha""]",2026-05-26T06:46:36.825765+00:00
PL:wirtualnemedia.pl,PL,wirtualnemedia.pl,wirtualnemedia.pl,2000,1000,1779717600,1779738000,"[4, 14]","[""wirtualnemedia.pl""]",2026-05-26T06:46:36.825765+00:00
PL:elina switolina,PL,elina switolina,elina switolina,5000,1000,1779711600,1779720600,[17],"[""elina switolina""]",2026-05-26T06:46:36.825765+00:00
PL:george floyd,PL,george floyd,george floyd,1000,200,1779720600,1779749400,[11],"[""george floyd""]",2026-05-26T06:46:36.825765+00:00
PL:huawei,PL,huawei,huawei,2000,300,1779697200,1779733200,[11],"[""huawei""]",2026-05-26T06:46:36.825765+00:00
PL:konrad fijołek,PL,konrad fijołek,konrad fijołek,2000,600,1779707400,1779730200,[14],"[""konrad fijołek"", ""jacek strojny""]",2026-05-26T06:46:36.825765+00:00
PL:cwiercfinalista,PL,ćwierćfinalista,cwiercfinalista,500,300,1779739800,1779772200,[17],"[""ćwierćfinalista""]",2026-05-26T06:46:36.825765+00:00
PL:kamil jakubczyk,PL,kamil jakubczyk,kamil jakubczyk,1000,700,1779710400,1779732600,[17],"[""kamil jakubczyk""]",2026-05-26T06:46:36.825765+00:00
PL:stadion sportowy,PL,stadion sportowy,stadion sportowy,1000,900,1779702000,1779729000,"[17, 4]","[""stadion sportowy""]",2026-05-26T06:46:36.825765+00:00
PL:jambox,PL,jambox,jambox,1000,600,1779720000,1779774000,[18],"[""jambox""]",2026-05-26T06:46:36.825765+00:00
PL:jelena ostapenko,PL,jeļena ostapenko,jelena ostapenko,2000,1000,1779726000,1779736200,[17],"[""jeļena ostapenko"", ""ostapenko""]",2026-05-26T06:46:36.825765+00:00
PL:adam glapinski,PL,adam glapiński,adam glapinski,2000,600,1779693000,1779712800,"[4, 14]","[""adam glapiński""]",2026-05-26T06:46:36.825765+00:00
PL:gabriela kownacka,PL,gabriela kownacka,gabriela kownacka,1000,700,1779691800,1779774000,[4],"[""gabriela kownacka""]",2026-05-26T06:46:36.825765+00:00
PL:luka modric,PL,luka modrić,luka modric,1000,400,1779718800,1779743400,[17],"[""luka modrić""]",2026-05-26T06:46:36.825765+00:00
PL:alfa romeo giulietta,PL,alfa romeo giulietta,alfa romeo giulietta,1000,300,1779696600,1779725400,[1],"[""alfa romeo giulietta""]",2026-05-26T06:46:36.825765+00:00
PL:stamtad,PL,stamtad,stamtad,2000,75,1779723600,1779745200,[4],"[""stamtad"", ""stamtąd""]",2026-05-26T06:46:36.825765+00:00
PL:małgorzata rozenek-majdan,PL,małgorzata rozenek-majdan,małgorzata rozenek-majdan,1000,600,1779709200,1779730800,"[2, 4]","[""małgorzata rozenek-majdan""]",2026-05-26T06:46:36.825765+00:00
PL:gaston tenis,PL,gaston tenis,gaston tenis,500,500,1779736200,1779748200,"[17, 4]","[""gaston tenis""]",2026-05-26T06:46:36.825765+00:00
PL:jelena rybakina,PL,jelena rybakina,jelena rybakina,2000,1000,1779710400,1779716400,[17],"[""jelena rybakina""]",2026-05-26T06:46:36.825765+00:00
PL:obligacja,PL,obligacja,obligacja,1000,1000,1779727200,1779736800,[3],"[""obligacja""]",2026-05-26T06:46:36.825765+00:00
PL:reforma,PL,reforma,reforma,1000,600,1779700200,1779723600,[3],"[""reforma""]",2026-05-26T06:46:36.825765+00:00
PL:anita orban,PL,anita orbán,anita orban,500,600,1779728400,1779742200,"[14, 10]","[""anita orbán""]",2026-05-26T06:46:36.825765+00:00
PL:kontrwywiad,PL,kontrwywiad,kontrwywiad,1000,900,1779717000,1779730200,[10],"[""kontrwywiad""]",2026-05-26T06:46:36.825765+00:00
PL:maciej nawacki,PL,maciej nawacki,maciej nawacki,500,600,1779721200,1779734400,[10],"[""maciej nawacki""]",2026-05-26T06:46:36.825765+00:00
PL:odyseja,PL,odyseja,odyseja,1000,200,1779702600,1779721800,[4],"[""odyseja""]",2026-05-26T06:46:36.825765+00:00
PL:lady pank,PL,lady pank,lady pank,1000,1000,1779741000,1779745800,[4],"[""lady pank""]",2026-05-26T06:46:36.825765+00:00
PL:polexit,PL,polexit,polexit,1000,700,1779709200,1779724200,[14],"[""polexit""]",2026-05-26T06:46:36.825765+00:00
PL:love is blind: polska,PL,love is blind: polska,love is blind: polska,1000,400,1779705600,1779720600,[4],"[""love is blind: polska""]",2026-05-26T06:46:36.825765+00:00
PL:wulkan,PL,wulkan,wulkan,1000,600,1779703200,1779715200,[15],"[""wulkan""]",2026-05-26T06:46:36.825765+00:00
PL:stary cydzyn,PL,stary cydzyn,stary cydzyn,500,500,1779730200,1779739200,[10],"[""stary cydzyn""]",2026-05-26T06:46:36.825765+00:00
PL:cesc fabregas,PL,cesc fàbregas,cesc fabregas,500,300,1779712200,1779732600,[17],"[""cesc fàbregas""]",2026-05-26T06:46:36.825765+00:00
PL:mateusz skrzypczak,PL,mateusz skrzypczak,mateusz skrzypczak,500,500,1779720000,1779731400,[17],"[""mateusz skrzypczak""]",2026-05-26T06:46:36.825765+00:00
PL:amanda anisimova,PL,amanda anisimova,amanda anisimova,500,700,1779721800,1779729000,[17],"[""amanda anisimova""]",2026-05-26T06:46:36.825765+00:00
PL:filip chajzer,PL,filip chajzer,filip chajzer,500,400,1779719400,1779727800,[4],"[""filip chajzer""]",2026-05-26T06:46:36.825765+00:00
PL:brodka,PL,brodka,brodka,200,1000,1779739200,1779743400,[4],"[""brodka""]",2026-05-26T06:46:36.825765+00:00
PL:agata załecka,PL,agata załęcka,agata załecka,200,500,1779721800,1779748200,[17],"[""agata załęcka""]",2026-05-26T06:46:36.825765+00:00
PL:złoto,PL,złoto,złoto,1000,200,1779692400,1779702600,[3],"[""złoto""]",2026-05-26T06:46:36.825765+00:00
PL:singapur,PL,singapur,singapur,200,300,1779743400,1779748800,[11],"[""singapur""]",2026-05-26T06:46:36.825765+00:00
PL:paderborn fc,PL,paderborn fc,paderborn fc,200,400,1779743400,1779748800,[17],"[""paderborn fc""]",2026-05-26T06:46:36.825765+00:00
PL:gks tychy – stal,PL,gks tychy – stal,gks tychy – stal,500,1000,1779708600,1779714600,[17],"[""gks tychy – stal""]",2026-05-26T06:46:36.825765+00:00
PL:tom cruise,PL,tom cruise,tom cruise,200,600,1779747600,1779751800,[11],"[""tom cruise""]",2026-05-26T06:46:36.825765+00:00
PL:artur rojek,PL,artur rojek,artur rojek,200,1000,1779735000,1779739200,[4],"[""artur rojek""]",2026-05-26T06:46:36.825765+00:00
PL:wieczysta – chrobry głogow,PL,wieczysta – chrobry głogów,wieczysta – chrobry głogow,500,1000,1779708600,1779713400,[17],"[""wieczysta – chrobry głogów""]",2026-05-26T06:46:36.825765+00:00
PL:piotr rogucki,PL,piotr rogucki,piotr rogucki,500,1000,1779739800,1779742800,[4],"[""piotr rogucki""]",2026-05-26T06:46:36.825765+00:00
PL:the boroughs,PL,the boroughs,the boroughs,200,200,1779739800,1779744000,[4],"[""the boroughs""]",2026-05-26T06:46:36.825765+00:00
PL:bundesliga,PL,bundesliga,bundesliga,500,1000,1779746400,1779748200,[17],"[""bundesliga""]",2026-05-26T06:46:36.825765+00:00
PL:karol czubak,PL,karol czubak,karol czubak,200,800,1779736800,1779740400,[17],"[""karol czubak""]",2026-05-26T06:46:36.825765+00:00
PL:stal mielec – polonia,PL,stal mielec – polonia,stal mielec – polonia,500,1000,1779709200,1779712800,"[17, 4]","[""stal mielec – polonia""]",2026-05-26T06:46:36.825765+00:00
PL:kadra hiszpanii na mundial 2026,PL,kadra hiszpanii na mundial 2026,kadra hiszpanii na mundial 2026,200,300,1779711600,1779717600,[17],"[""kadra hiszpanii na mundial 2026""]",2026-05-26T06:46:36.825765+00:00
PL:bankier.pl,PL,bankier.pl,bankier.pl,500,100,1779714600,1779718200,[3],"[""bankier.pl""]",2026-05-26T06:46:36.825765+00:00
PL:andrzej duda,PL,andrzej duda,andrzej duda,200,400,1779728400,1779732600,[14],"[""andrzej duda""]",2026-05-26T06:46:36.825765+00:00
PL:ruud,PL,ruud,ruud,200,500,1779735000,1779738600,[17],"[""ruud""]",2026-05-26T06:46:36.825765+00:00
PL:m jak milosc,PL,m jak milosc,m jak milosc,200,75,1779738600,1779742200,[4],"[""m jak milosc""]",2026-05-26T06:46:36.825765+00:00
PL:jasmine paolini,PL,jasmine paolini,jasmine paolini,500,1000,1779702600,1779705000,[17],"[""jasmine paolini""]",2026-05-26T06:46:36.825765+00:00
PL:niels frederiksen,PL,niels frederiksen,niels frederiksen,200,500,1779738000,1779740400,[17],"[""niels frederiksen""]",2026-05-26T06:46:36.825765+00:00
PL:trybunał konstytucyjny,PL,trybunał konstytucyjny,trybunał konstytucyjny,500,1000,1779716400,1779718200,[10],"[""trybunał konstytucyjny""]",2026-05-26T06:46:36.825765+00:00
PL:dziennikarz,PL,dziennikarz,dziennikarz,100,300,1779736800,1779739800,"[14, 10]","[""dziennikarz""]",2026-05-26T06:46:36.825765+00:00
PL:majchrzak,PL,majchrzak,majchrzak,200,200,1779708600,1779729000,"[17, 4]","[""majchrzak""]",2026-05-26T06:46:36.825765+00:00
PL:wta ranking live,PL,wta ranking live,wta ranking live,200,800,1779707400,1779710400,[17],"[""wta ranking live""]",2026-05-26T06:46:36.825765+00:00
PL:roman safiullin,PL,roman safiullin,roman safiullin,100,400,1779733800,1779736800,"[17, 4]","[""roman safiullin""]",2026-05-26T06:46:36.825765+00:00
PL:detektywi,PL,detektywi,detektywi,200,600,1779730200,1779732600,[4],"[""detektywi""]",2026-05-26T06:46:36.825765+00:00
PL:brad pitt,PL,brad pitt,brad pitt,200,200,1779731400,1779734400,[4],"[""brad pitt""]",2026-05-26T06:46:36.825765+00:00
PL:atp ranking live,PL,atp ranking live,atp ranking live,100,500,1779727800,1779730800,[17],"[""atp ranking live""]",2026-05-26T06:46:36.825765+00:00
PL:zheng,PL,zheng,zheng,200,400,1779705600,1779709200,[17],"[""zheng""]",2026-05-26T06:46:36.825765+00:00
PL:tiantsoa rakotomanga rajaonah,PL,tiantsoa rakotomanga rajaonah,tiantsoa rakotomanga rajaonah,200,400,1779723600,1779726000,[17],"[""tiantsoa rakotomanga rajaonah""]",2026-05-26T06:46:36.825765+00:00
PL:angelina jolie,PL,angelina jolie,angelina jolie,100,300,1779717600,1779720600,[4],"[""angelina jolie""]",2026-05-26T06:46:36.825765+00:00
PL:odcinek,PL,odcinek,odcinek,100,400,1779733800,1779735600,[4],"[""odcinek""]",2026-05-26T06:46:36.825765+00:00
PL:marcin najman,PL,marcin najman,marcin najman,100,400,1779703800,1779707400,[17],"[""marcin najman""]",2026-05-26T06:46:36.825765+00:00
PL:veronika erjavec,PL,veronika erjavec,veronika erjavec,200,400,1779711600,1779713400,[17],"[""veronika erjavec""]",2026-05-26T06:46:36.825765+00:00
PL:memorial day,PL,memorial day,memorial day,100,300,1779718800,1779729000,[10],"[""memorial day""]",2026-05-26T06:46:36.825765+00:00
PL:пособие,PL,пособие,пособие,100,300,1779717600,1779718800,[10],"[""пособие""]",2026-05-26T06:46:36.825765+00:00
PL:lukas grgic,PL,lukas grgic,lukas grgic,100,300,1779694800,1779696000,[17],"[""lukas grgic""]",2026-05-26T06:46:36.825765+00:00
PT:meo,PT,meo,meo,10000,400,1779725400,,[11],"[""meo"", ""meo problemas"", ""problemas meo"", ""meo go""]",2026-05-26T06:47:22.131708+00:00
PT:pescoco,PT,pescoço,pescoco,20000,1000,1779706200,,[10],"[""pescoço""]",2026-05-26T06:47:22.131708+00:00
PT:joao palhinha,PT,joão palhinha,joao palhinha,20000,1000,1779711600,,[17],"[""joão palhinha""]",2026-05-26T06:47:22.131708+00:00
PT:bad bunny,PT,bad bunny,bad bunny,10000,100,1779693600,,[4],"[""bad bunny"", ""bad bunny lisboa"", ""bad bunny portugal""]",2026-05-26T06:47:22.131708+00:00
PT:chapeu de praia,PT,chapéu de praia,chapeu de praia,2000,1000,1779741600,,[11],"[""chapéu de praia"", ""pplware""]",2026-05-26T06:47:22.131708+00:00
PT:cristina ferreira,PT,cristina ferreira,cristina ferreira,10000,1000,1779712200,,[4],"[""cristina ferreira""]",2026-05-26T06:47:22.131708+00:00
PT:padrasto,PT,padrasto,padrasto,2000,1000,1779698400,,[11],"[""padrasto"", ""correio manha""]",2026-05-26T06:47:22.131708+00:00
PT:nicolas otamendi,PT,nicolás otamendi,nicolas otamendi,2000,1000,1779730800,,[17],"[""nicolás otamendi""]",2026-05-26T06:47:22.131708+00:00
PT:nacionalidade,PT,nacionalidade,nacionalidade,1000,1000,1779747600,,[10],"[""nacionalidade""]",2026-05-26T06:47:22.131708+00:00
PT:giro d'italia,PT,giro d'italia,giro d'italia,2000,600,1779720600,,"[17, 8]","[""giro d'italia""]",2026-05-26T06:47:22.131708+00:00
PT:iptv,PT,iptv,iptv,2000,1000,1779698400,,[4],"[""iptv""]",2026-05-26T06:47:22.131708+00:00
PT:ferrari luce,PT,ferrari luce,ferrari luce,1000,800,1779740400,,[1],"[""ferrari luce""]",2026-05-26T06:47:22.131708+00:00
PT:paraskevas antzas,PT,paraskevas antzas,paraskevas antzas,1000,1000,1779740400,,[17],"[""paraskevas antzas""]",2026-05-26T06:47:22.131708+00:00
PT:veiculo eletrico,PT,veículo elétrico,veiculo eletrico,2000,400,1779735000,,[1],"[""veículo elétrico""]",2026-05-26T06:47:22.131708+00:00
PT:anthropic,PT,anthropic,anthropic,1000,700,1779708600,,[11],"[""anthropic""]",2026-05-26T06:47:22.131708+00:00
PT:soraia moreira,PT,soraia moreira,soraia moreira,5000,1000,1779739200,,[4],"[""soraia moreira"", ""big brother""]",2026-05-26T06:47:22.131708+00:00
PT:dhl vialonga,PT,dhl vialonga,dhl vialonga,5000,1000,1779715200,,[10],"[""dhl vialonga"", ""bombeiro"", ""vialonga"", ""incendio dhl"", ""incendio alverca"", ""incendio"", ""incendio vialonga"", ""incendio lisboa"", ""fogo""]",2026-05-26T06:47:22.131708+00:00
PT:salario,PT,salário,salario,500,1000,1779768600,,[10],"[""salário""]",2026-05-26T06:47:22.131708+00:00
PT:presidente da russia,PT,presidente da rússia,presidente da russia,1000,1000,1779728400,,"[3, 14]","[""presidente da rússia""]",2026-05-26T06:47:22.131708+00:00
PT:charlize theron,PT,charlize theron,charlize theron,1000,700,1779705600,,[4],"[""charlize theron""]",2026-05-26T06:47:22.131708+00:00
PT:santarem,PT,santarém,santarem,1000,1000,1779733800,,[10],"[""santarém""]",2026-05-26T06:47:22.131708+00:00
PT:ira,PT,irã,ira,500,1000,1779771600,,[17],"[""irã""]",2026-05-26T06:47:22.131708+00:00
PT:liga europa da uefa,PT,liga europa da uefa,liga europa da uefa,500,500,1779705000,,[17],"[""liga europa da uefa""]",2026-05-26T06:47:22.131708+00:00
PT:nate jacobs,PT,nate jacobs,nate jacobs,200,400,1779746400,,[4],"[""nate jacobs""]",2026-05-26T06:47:22.131708+00:00
PT:coritiba x bahia,PT,coritiba x bahia,coritiba x bahia,200,200,1779753000,,[17],"[""coritiba x bahia"", ""coritiba - bahia""]",2026-05-26T06:47:22.131708+00:00
PT:ministerio,PT,ministério,ministerio,200,300,1779774600,,"[10, 14]","[""ministério"", ""siresp""]",2026-05-26T06:47:22.131708+00:00
PT:knicks,PT,knicks,knicks,200,300,1779756000,,[17],"[""knicks""]",2026-05-26T06:47:22.131708+00:00
PT:frederico varandas,PT,frederico varandas,frederico varandas,100,400,1779772200,,[17],"[""frederico varandas""]",2026-05-26T06:47:22.131708+00:00
PT:copa do mundo,PT,copa do mundo,copa do mundo,100,300,1779758400,,[17],"[""copa do mundo""]",2026-05-26T06:47:22.131708+00:00
PT:alerta amber,PT,alerta amber,alerta amber,1000,1000,1779726000,1779772200,[10],"[""alerta amber""]",2026-05-26T06:47:22.131708+00:00
PT:christopher nolan,PT,christopher nolan,christopher nolan,200,500,1779732000,1779777600,[4],"[""christopher nolan""]",2026-05-26T06:47:22.131708+00:00
PT:enrico zanoncello,PT,enrico zanoncello,enrico zanoncello,2000,1000,1779706800,1779729600,"[17, 8]","[""enrico zanoncello""]",2026-05-26T06:47:22.131708+00:00
PT:economista,PT,economista,economista,1000,1000,1779727800,1779748800,[17],"[""economista""]",2026-05-26T06:47:22.131708+00:00
PT:jose milhazes,PT,josé milhazes,jose milhazes,1000,1000,1779694800,1779723600,[10],"[""josé milhazes""]",2026-05-26T06:47:22.131708+00:00
PT:dados,PT,dados,dados,500,900,1779741600,1779776400,[10],"[""dados""]",2026-05-26T06:47:22.131708+00:00
PT:gael monfils,PT,gael monfils,gael monfils,1000,1000,1779742200,1779759600,[17],"[""gael monfils"", ""hugo gaston"", ""monfils""]",2026-05-26T06:47:22.131708+00:00
PT:ana guiomar,PT,ana guiomar,ana guiomar,2000,1000,1779700800,1779715200,[4],"[""ana guiomar""]",2026-05-26T06:47:22.131708+00:00
PT:o ceo e o limite,PT,o ceo é o limite,o ceo e o limite,1000,1000,1779702000,1779726000,[14],"[""o ceo é o limite""]",2026-05-26T06:47:22.131708+00:00
PT:rio ave futebol clube,PT,rio ave futebol clube,rio ave futebol clube,500,900,1779733800,1779748200,[17],"[""rio ave futebol clube""]",2026-05-26T06:47:22.131708+00:00
PT:pablo rosario,PT,pablo rosario,pablo rosario,200,600,1779733200,1779777600,[17],"[""pablo rosario""]",2026-05-26T06:47:22.131708+00:00
PT:casados a primeira vista,PT,casados à primeira vista,casados a primeira vista,2000,1000,1779691800,1779715200,[4],"[""casados à primeira vista""]",2026-05-26T06:47:22.131708+00:00
PT:fogos,PT,fogos,fogos,1000,600,1779711000,1779723600,[10],"[""fogos""]",2026-05-26T06:47:22.131708+00:00
PT:fabregas,PT,fabregas,fabregas,200,1000,1779746400,1779754800,[17],"[""fabregas""]",2026-05-26T06:47:22.131708+00:00
PT:continente,PT,continente,continente,1000,50,1779738600,1779768600,[3],"[""continente""]",2026-05-26T06:47:22.131708+00:00
PT:wolfsburg,PT,wolfsburg,wolfsburg,200,800,1779744000,1779761400,[17],"[""wolfsburg""]",2026-05-26T06:47:22.131708+00:00
PT:easyjet airlines,PT,easyjet airlines,easyjet airlines,500,400,1779717000,1779730800,[11],"[""easyjet airlines""]",2026-05-26T06:47:22.131708+00:00
PT:zapatero,PT,zapatero,zapatero,200,700,1779743400,1779777000,"[14, 10]","[""zapatero""]",2026-05-26T06:47:22.131708+00:00
PT:cmtv,PT,cmtv,cmtv,500,500,1779711600,1779719400,[11],"[""cmtv""]",2026-05-26T06:47:22.131708+00:00
PT:quem foi expulso do desafio final hoje,PT,quem foi expulso do desafio final hoje,quem foi expulso do desafio final hoje,500,700,1779703800,1779713400,[4],"[""quem foi expulso do desafio final hoje""]",2026-05-26T06:47:22.131708+00:00
PT:ciclismo,PT,ciclismo,ciclismo,500,1000,1779709800,1779717600,"[8, 17, 4]","[""ciclismo""]",2026-05-26T06:47:22.131708+00:00
PT:roy keane,PT,roy keane,roy keane,100,400,1779743400,1779754200,[17],"[""roy keane""]",2026-05-26T06:47:22.131708+00:00
PT:donald trump,PT,donald trump,donald trump,500,1000,1779740400,1779742200,"[10, 14]","[""donald trump""]",2026-05-26T06:47:22.131708+00:00
PT:naughty dog,PT,naughty dog,naughty dog,200,1000,1779726000,1779731400,"[6, 18]","[""naughty dog""]",2026-05-26T06:47:22.131708+00:00
PT:cmtv direto,PT,cmtv direto,cmtv direto,200,900,1779712800,1779718200,[11],"[""cmtv direto""]",2026-05-26T06:47:22.131708+00:00
PT:ricky gervais,PT,ricky gervais,ricky gervais,200,1000,1779744000,1779746400,[4],"[""ricky gervais""]",2026-05-26T06:47:22.131708+00:00
PT:penalti,PT,pênalti,penalti,200,1000,1779699000,1779705000,[17],"[""pênalti""]",2026-05-26T06:47:22.131708+00:00
PT:alverca,PT,alverca,alverca,200,700,1779713400,1779718200,[17],"[""alverca""]",2026-05-26T06:47:22.131708+00:00
PT:grand theft auto vi,PT,grand theft auto vi,grand theft auto vi,200,600,1779693000,1779720600,[6],"[""grand theft auto vi""]",2026-05-26T06:47:22.131708+00:00
PT:joao reis,PT,joão reis,joao reis,100,1000,1779736800,1779739200,[4],"[""joão reis""]",2026-05-26T06:47:22.131708+00:00
PT:oliveira do hospital,PT,oliveira do hospital,oliveira do hospital,100,1000,1779732600,1779735000,[7],"[""oliveira do hospital""]",2026-05-26T06:47:22.131708+00:00
PT:betclic,PT,betclic,betclic,200,200,1779709800,1779711600,[17],"[""betclic""]",2026-05-26T06:47:22.131708+00:00
PT:incendios,PT,incendios,incendios,100,1000,1779714000,1779716400,[10],"[""incendios""]",2026-05-26T06:47:22.131708+00:00
PT:joe berardo,PT,joe berardo,joe berardo,100,1000,1779716400,1779718200,[3],"[""joe berardo""]",2026-05-26T06:47:22.131708+00:00
PT:coca cola,PT,coca cola,coca cola,100,75,1779691800,1779696000,[17],"[""coca cola""]",2026-05-26T06:47:22.131708+00:00
RO:rapid bucuresti - universitatea craiova,RO,rapid bucureşti - universitatea craiova,rapid bucuresti - universitatea craiova,50000,1000,1779727200,,[17],"[""rapid bucureşti - universitatea craiova"", ""rapid craiova"", ""rapid bucurești vs universitatea craiova"", ""rapid"", ""craiova rapid"", ""iuliana demetrescu""]",2026-05-26T06:48:10.418261+00:00
RO:economie,RO,economie,economie,10000,1000,1779710400,,[10],"[""economie""]",2026-05-26T06:48:10.418261+00:00
RO:eugen tomac,RO,eugen tomac,eugen tomac,5000,1000,1779697800,,"[14, 10]","[""eugen tomac""]",2026-05-26T06:48:10.418261+00:00
RO:companie aeriana,RO,companie aeriană,companie aeriana,5000,1000,1779708000,,[3],"[""companie aeriană""]",2026-05-26T06:48:10.418261+00:00
RO:legea salarizarii 2026,RO,legea salarizarii 2026,legea salarizarii 2026,5000,1000,1779696000,,[10],"[""legea salarizarii 2026"", ""proiect legea salarizarii 2026"", ""ministerul muncii legea salarizarii"", ""proiect legea salarizarii 2027"", ""noua lege a salarizarii"", ""legea salarizarii 2027""]",2026-05-26T06:48:10.418261+00:00
RO:aeroport,RO,aeroport,aeroport,2000,1000,1779764400,,"[3, 19]","[""aeroport"", ""aeroportul internațional al maktoum""]",2026-05-26T06:48:10.418261+00:00
RO:asigurari sociale,RO,asigurări sociale,asigurari sociale,1000,1000,1779775200,,"[3, 10]","[""asigurări sociale""]",2026-05-26T06:48:10.418261+00:00
RO:chefi la cutite 25 mai 2026,RO,chefi la cutite 25 mai 2026,chefi la cutite 25 mai 2026,2000,1000,1779760800,,[4],"[""chefi la cutite 25 mai 2026"", ""chefi la cuțite"", ""finala chefi la cutite 2026"", ""mauro uliassi"", ""chefi la cutite sezonul 17"", ""semifinala chefi la cutite 2026""]",2026-05-26T06:48:10.418261+00:00
RO:ion tiriac,RO,ion țiriac,ion tiriac,1000,1000,1779745800,,[11],"[""ion țiriac""]",2026-05-26T06:48:10.418261+00:00
RO:ferrari luce,RO,ferrari luce,ferrari luce,1000,1000,1779741600,,[1],"[""ferrari luce""]",2026-05-26T06:48:10.418261+00:00
RO:electricitate,RO,electricitate,electricitate,2000,1000,1779737400,,[3],"[""electricitate""]",2026-05-26T06:48:10.418261+00:00
RO:combustibil,RO,combustibil,combustibil,500,1000,1779775800,,"[3, 1]","[""combustibil""]",2026-05-26T06:48:10.418261+00:00
RO:vacanta de vara,RO,vacanță de vară,vacanta de vara,500,1000,1779772200,,[9],"[""vacanță de vară""]",2026-05-26T06:48:10.418261+00:00
RO:novak đokovic,RO,novak đoković,novak đokovic,1000,400,1779741000,,[17],"[""novak đoković""]",2026-05-26T06:48:10.418261+00:00
RO:ministrul culturii,RO,ministrul culturii,ministrul culturii,1000,1000,1779715800,,"[10, 14]","[""ministrul culturii""]",2026-05-26T06:48:10.418261+00:00
RO:florin lovin,RO,florin lovin,florin lovin,10000,1000,1779697800,1779777000,[17],"[""florin lovin""]",2026-05-26T06:48:10.418261+00:00
RO:camatarii,RO,camatarii,camatarii,2000,600,1779730800,,[4],"[""camatarii"", ""voyo"", ""camatarii serial"", ""nutu camataru"", ""camatarii pro tv"", ""pro tv program""]",2026-05-26T06:48:10.418261+00:00
RO:austeritate,RO,austeritate,austeritate,500,1000,1779768600,,[8],"[""austeritate""]",2026-05-26T06:48:10.418261+00:00
RO:kylie minogue,RO,kylie minogue,kylie minogue,200,1000,1779775200,,[4],"[""kylie minogue""]",2026-05-26T06:48:10.418261+00:00
RO:gael monfils,RO,gaël monfils,gael monfils,1000,600,1779776400,,[17],"[""gaël monfils"", ""gael monfils"", ""monfils"", ""hugo gaston""]",2026-05-26T06:48:10.418261+00:00
RO:ziarul financiar,RO,ziarul financiar,ziarul financiar,200,200,1779776400,,"[3, 15]","[""ziarul financiar""]",2026-05-26T06:48:10.418261+00:00
RO:ekaterina alexandrova,RO,ekaterina alexandrova,ekaterina alexandrova,200,1000,1779771000,,[17],"[""ekaterina alexandrova""]",2026-05-26T06:48:10.418261+00:00
RO:deficit bugetar,RO,deficit bugetar,deficit bugetar,2000,1000,1779723600,1779777600,[10],"[""deficit bugetar""]",2026-05-26T06:48:10.418261+00:00
RO:partidul social democrat,RO,partidul social democrat,partidul social democrat,2000,1000,1779714000,1779774600,[14],"[""partidul social democrat""]",2026-05-26T06:48:10.418261+00:00
RO:canada,RO,canada,canada,5000,1000,1779707400,1779765000,[14],"[""canada"", ""referendum""]",2026-05-26T06:48:10.418261+00:00
RO:didactica,RO,didactică,didactica,2000,1000,1779715200,1779772800,[9],"[""didactică""]",2026-05-26T06:48:10.418261+00:00
RO:andras demeter,RO,andrás demeter,andras demeter,2000,1000,1779718800,1779775800,[14],"[""andrás demeter"", ""botond csoma"", ""demeter andrás istván""]",2026-05-26T06:48:10.418261+00:00
RO:claudiu niculescu,RO,claudiu niculescu,claudiu niculescu,2000,1000,1779726000,1779772800,[17],"[""claudiu niculescu""]",2026-05-26T06:48:10.418261+00:00
RO:taximetrist,RO,taximetrist,taximetrist,2000,1000,1779718200,1779772800,[10],"[""taximetrist""]",2026-05-26T06:48:10.418261+00:00
RO:edward iordanescu,RO,edward iordănescu,edward iordanescu,2000,1000,1779700800,1779772800,[17],"[""edward iordănescu""]",2026-05-26T06:48:10.418261+00:00
RO:dom de caldura,RO,dom de căldură,dom de caldura,5000,1000,1779700200,1779723000,[20],"[""dom de căldură"", ""căldură"", ""caniculă""]",2026-05-26T06:48:10.418261+00:00
RO:dorinel munteanu,RO,dorinel munteanu,dorinel munteanu,500,200,1779737400,1779775200,[17],"[""dorinel munteanu""]",2026-05-26T06:48:10.418261+00:00
RO:liceu,RO,liceu,liceu,2000,600,1779698400,1779767400,[9],"[""liceu""]",2026-05-26T06:48:10.418261+00:00
RO:lucian bode,RO,lucian bode,lucian bode,2000,1000,1779706800,1779735000,[14],"[""lucian bode""]",2026-05-26T06:48:10.418261+00:00
RO:apa potabila,RO,apă potabilă,apa potabila,1000,1000,1779715200,1779771000,"[3, 15]","[""apă potabilă""]",2026-05-26T06:48:10.418261+00:00
RO:1 iunie,RO,1 iunie,1 iunie,100,200,1779777000,1779778200,[11],"[""1 iunie""]",2026-05-26T06:48:10.418261+00:00
RO:autostrada a7,RO,autostrada a7,autostrada a7,500,900,1779730200,1779771600,[3],"[""autostrada a7""]",2026-05-26T06:48:10.418261+00:00
RO:uefa conference league,RO,uefa conference league,uefa conference league,1000,1000,1779707400,1779732000,[17],"[""uefa conference league"", ""dinamo bucurești"", ""bilete dinamo fcsb baraj""]",2026-05-26T06:48:10.418261+00:00
RO:noroc,RO,noroc,noroc,1000,1000,1779716400,1779734400,[6],"[""noroc""]",2026-05-26T06:48:10.418261+00:00
RO:nicolas cage,RO,nicolas cage,nicolas cage,200,300,1779741600,1779777600,[4],"[""nicolas cage""]",2026-05-26T06:48:10.418261+00:00
RO:anna bondar,RO,anna bondár,anna bondar,500,900,1779725400,1779771000,[17],"[""anna bondár""]",2026-05-26T06:48:10.418261+00:00
RO:gazdasag,RO,gazdaság,gazdasag,500,600,1779726000,1779772800,[3],"[""gazdaság""]",2026-05-26T06:48:10.418261+00:00
RO:intreprinderi mici si mijlocii,RO,întreprinderi mici și mijlocii,intreprinderi mici si mijlocii,200,500,1779733200,1779776400,[11],"[""întreprinderi mici și mijlocii""]",2026-05-26T06:48:10.418261+00:00
RO:jose mourinho,RO,josé mourinho,jose mourinho,200,200,1779764400,1779772800,[17],"[""josé mourinho""]",2026-05-26T06:48:10.418261+00:00
RO:leo grozavu,RO,leo grozavu,leo grozavu,500,800,1779709800,1779767400,[17],"[""leo grozavu""]",2026-05-26T06:48:10.418261+00:00
RO:qinwen zheng,RO,qinwen zheng,qinwen zheng,500,800,1779720000,1779766200,[17],"[""qinwen zheng""]",2026-05-26T06:48:10.418261+00:00
RO:gheorghe hagi,RO,gheorghe hagi,gheorghe hagi,1000,1000,1779695400,1779717000,[17],"[""gheorghe hagi""]",2026-05-26T06:48:10.418261+00:00
RO:naomi osaka,RO,naomi osaka,naomi osaka,1000,800,1779714000,1779736800,[17],"[""naomi osaka""]",2026-05-26T06:48:10.418261+00:00
RO:fanatik,RO,fanatik,fanatik,1000,500,1779717600,1779729000,[11],"[""fanatik""]",2026-05-26T06:48:10.418261+00:00
RO:oscar piastri,RO,oscar piastri,oscar piastri,500,500,1779712800,1779769800,[17],"[""oscar piastri""]",2026-05-26T06:48:10.418261+00:00
RO:ultimatum,RO,ultimatum,ultimatum,1000,1000,1779708600,1779727200,"[14, 10]","[""ultimatum""]",2026-05-26T06:48:10.418261+00:00
RO:cupru,RO,cupru,cupru,500,800,1779724200,1779768600,[10],"[""cupru""]",2026-05-26T06:48:10.418261+00:00
RO:pablo carreno busta,RO,pablo carreño busta,pablo carreno busta,200,600,1779727800,1779769200,"[17, 4]","[""pablo carreño busta""]",2026-05-26T06:48:10.418261+00:00
"RO:ministerul mediului, apelor si padurilor",RO,"ministerul mediului, apelor și pădurilor","ministerul mediului, apelor si padurilor",500,1000,1779716400,1779733200,"[10, 3]","[""ministerul mediului, apelor și pădurilor""]",2026-05-26T06:48:10.418261+00:00
RO:prognoza,RO,prognoză,prognoza,100,600,1779762000,1779768600,[11],"[""prognoză""]",2026-05-26T06:48:10.418261+00:00
RO:radu dragusin,RO,radu dragusin,radu dragusin,500,400,1779733200,1779771600,[17],"[""radu dragusin"", ""roberto de zerbi""]",2026-05-26T06:48:10.418261+00:00
RO:calin georgescu,RO,călin georgescu,calin georgescu,500,1000,1779720600,1779732600,"[14, 10]","[""călin georgescu""]",2026-05-26T06:48:10.418261+00:00
RO:delta dunarii,RO,delta dunării,delta dunarii,1000,1000,1779700800,1779722400,[7],"[""delta dunării""]",2026-05-26T06:48:10.418261+00:00
RO:christian tour,RO,christian tour,christian tour,1000,100,1779699000,1779741600,[11],"[""christian tour""]",2026-05-26T06:48:10.418261+00:00
RO:rakhimova,RO,rakhimova,rakhimova,500,900,1779729000,1779737400,[17],"[""rakhimova"", ""kamilla rakhimova"", ""jaqueline cristian""]",2026-05-26T06:48:10.418261+00:00
RO:from episode 6,RO,from episode 6,from episode 6,200,400,1779730800,1779745800,[4],"[""from episode 6""]",2026-05-26T06:48:10.418261+00:00
RO:betano,RO,betano,betano,500,100,1779744000,1779748800,"[17, 6]","[""betano""]",2026-05-26T06:48:10.418261+00:00
RO:polgarmester,RO,polgármester,polgarmester,500,1000,1779696600,1779709200,[14],"[""polgármester""]",2026-05-26T06:48:10.418261+00:00
RO:sibiu 100%,RO,sibiu 100%,sibiu 100%,200,400,1779709200,1779718200,"[10, 1]","[""sibiu 100%""]",2026-05-26T06:48:10.418261+00:00
RO:grecia,RO,grecia,grecia,500,1000,1779721200,1779724800,[19],"[""grecia""]",2026-05-26T06:48:10.418261+00:00
RO:euphoria,RO,euphoria,euphoria,100,100,1779748200,1779753000,[4],"[""euphoria""]",2026-05-26T06:48:10.418261+00:00
RO:elina svitolina,RO,elina svitolina,elina svitolina,200,1000,1779736200,1779739800,[17],"[""elina svitolina""]",2026-05-26T06:48:10.418261+00:00
RO:protv live,RO,protv live,protv live,100,800,1779741600,1779745800,[10],"[""protv live""]",2026-05-26T06:48:10.418261+00:00
RO:marius croitoru,RO,marius croitoru,marius croitoru,100,600,1779699000,1779709800,[11],"[""marius croitoru""]",2026-05-26T06:48:10.418261+00:00
RO:belgia,RO,belgia,belgia,200,1000,1779696600,1779700800,[10],"[""belgia""]",2026-05-26T06:48:10.418261+00:00
RO:declaratie unica 2026,RO,declaratie unica 2026,declaratie unica 2026,100,100,1779739800,1779742200,"[3, 10]","[""declaratie unica 2026""]",2026-05-26T06:48:10.418261+00:00
RO:liudmila samsonova,RO,liudmila samsonova,liudmila samsonova,100,1000,1779721800,1779725400,[17],"[""liudmila samsonova""]",2026-05-26T06:48:10.418261+00:00
RO:elena udrea,RO,elena udrea,elena udrea,100,700,1779714000,1779718200,[10],"[""elena udrea""]",2026-05-26T06:48:10.418261+00:00
RO:pro tv online,RO,pro tv online,pro tv online,100,300,1779742800,1779744000,[11],"[""pro tv online"", ""protv""]",2026-05-26T06:48:10.418261+00:00
RO:taiwan,RO,taiwan,taiwan,100,900,1779723000,1779724200,[10],"[""taiwan""]",2026-05-26T06:48:10.418261+00:00
RU:каникулы,RU,каникулы,каникулы,50000,1000,1779704400,,[9],"[""каникулы""]",2026-05-26T06:48:58.467285+00:00
RU:втб,RU,втб,втб,20000,200,1779708000,,[11],"[""втб""]",2026-05-26T06:48:58.467285+00:00
RU:гисметео,RU,гисметео,гисметео,20000,200,1779712200,,[19],"[""гисметео""]",2026-05-26T06:48:58.467285+00:00
RU:плацкартныи вагон,RU,плацкартный вагон,плацкартныи вагон,5000,1000,1779718800,,"[3, 19]","[""плацкартный вагон""]",2026-05-26T06:48:58.467285+00:00
RU:виталии шулика,RU,виталий шулика,виталии шулика,10000,1000,1779695400,,"[10, 14]","[""виталий шулика"", ""олег савельев"", ""министр обороны"", ""министерство обороны""]",2026-05-26T06:48:58.467285+00:00
RU:2026,RU,2026,2026,10000,400,1779769800,,[17],"[""2026""]",2026-05-26T06:48:58.467285+00:00
RU:выручка,RU,выручка,выручка,5000,1000,1779718200,,[3],"[""выручка""]",2026-05-26T06:48:58.467285+00:00
RU:таджикистан,RU,таджикистан,таджикистан,5000,1000,1779727800,,[10],"[""таджикистан""]",2026-05-26T06:48:58.467285+00:00
RU:гамлет,RU,гамлет,гамлет,10000,1000,1779699600,,[4],"[""гамлет""]",2026-05-26T06:48:58.467285+00:00
RU:киев,RU,киев,киев,5000,1000,1779732600,,[10],"[""киев"", ""мид рф""]",2026-05-26T06:48:58.467285+00:00
RU:мария табакова,RU,мария табакова,мария табакова,5000,1000,1779708600,,[4],"[""мария табакова""]",2026-05-26T06:48:58.467285+00:00
RU:anthropic,RU,anthropic,anthropic,5000,1000,1779726000,,[11],"[""anthropic""]",2026-05-26T06:48:58.467285+00:00
RU:интернет,RU,интернет,интернет,5000,700,1779706800,,[11],"[""интернет"", ""дугин"", ""александр дугин""]",2026-05-26T06:48:58.467285+00:00
RU:федеральныи закон россиискои федерации,RU,федеральный закон российской федерации,федеральныи закон россиискои федерации,2000,1000,1779754800,,[11],"[""федеральный закон российской федерации""]",2026-05-26T06:48:58.467285+00:00
RU:митрополит иларион новости,RU,митрополит иларион новости,митрополит иларион новости,5000,900,1779738000,,[11],"[""митрополит иларион новости"", ""митрополит иларион"", ""иларион"", ""митрополит илларион""]",2026-05-26T06:48:58.467285+00:00
RU:мая,RU,мая,мая,100000,1000,1779757800,,[20],"[""мая"", ""погода"", ""погода в казани""]",2026-05-26T06:48:58.467285+00:00
RU:сервер,RU,сервер,сервер,2000,700,1779740400,,[11],"[""сервер""]",2026-05-26T06:48:58.467285+00:00
RU:усть-луга,RU,усть-луга,усть-луга,5000,800,1779708600,,[11],"[""усть-луга"", ""усть луга""]",2026-05-26T06:48:58.467285+00:00
RU:visa,RU,visa,visa,5000,900,1779706200,,[10],"[""visa""]",2026-05-26T06:48:58.467285+00:00
RU:автомобилист,RU,автомобилист,автомобилист,2000,800,1779723000,,[17],"[""автомобилист""]",2026-05-26T06:48:58.467285+00:00
RU:судья,RU,судья,судья,2000,1000,1779742800,,[10],"[""судья"", ""отставка""]",2026-05-26T06:48:58.467285+00:00
RU:шринкфляция,RU,шринкфляция,шринкфляция,2000,500,1779718200,,[11],"[""шринкфляция""]",2026-05-26T06:48:58.467285+00:00
RU:инспектор,RU,инспектор,инспектор,1000,1000,1779771600,,[10],"[""инспектор""]",2026-05-26T06:48:58.467285+00:00
RU:магнитные бури в мае 2026,RU,магнитные бури в мае 2026,магнитные бури в мае 2026,2000,500,1779727200,,[15],"[""магнитные бури в мае 2026"", ""магнитные бури""]",2026-05-26T06:48:58.467285+00:00
RU:максим березкин,RU,максим березкин,максим березкин,1000,1000,1779768600,,[17],"[""максим березкин""]",2026-05-26T06:48:58.467285+00:00
RU:губернатор ленинградскои области,RU,губернатор ленинградской области,губернатор ленинградскои области,1000,1000,1779771600,,[9],"[""губернатор ленинградской области""]",2026-05-26T06:48:58.467285+00:00
RU:cyberpunk 2077,RU,cyberpunk 2077,cyberpunk 2077,2000,300,1779696000,,[4],"[""cyberpunk 2077""]",2026-05-26T06:48:58.467285+00:00
RU:иран,RU,иран,иран,2000,400,1779771000,,[14],"[""иран""]",2026-05-26T06:48:58.467285+00:00
RU:марго робби,RU,марго робби,марго робби,1000,500,1779762600,,[4],"[""марго робби""]",2026-05-26T06:48:58.467285+00:00
RU:бензин,RU,бензин,бензин,2000,1000,1779773400,,[11],"[""бензин""]",2026-05-26T06:48:58.467285+00:00
RU:локомотив,RU,локомотив,локомотив,2000,700,1779738600,,[17],"[""локомотив""]",2026-05-26T06:48:58.467285+00:00
RU:26 мая праздник,RU,26 мая праздник,26 мая праздник,2000,200,1779716400,,[8],"[""26 мая праздник"", ""календарь""]",2026-05-26T06:48:58.467285+00:00
RU:бокс,RU,бокс,бокс,2000,200,1779715800,,[17],"[""бокс""]",2026-05-26T06:48:58.467285+00:00
RU:неит джеикобс,RU,нейт джейкобс,неит джеикобс,1000,200,1779739200,,[4],"[""нейт джейкобс""]",2026-05-26T06:48:58.467285+00:00
RU:сверхурочная работа,RU,сверхурочная работа,сверхурочная работа,1000,900,1779762600,,[11],"[""сверхурочная работа""]",2026-05-26T06:48:58.467285+00:00
RU:зеленскии,RU,зеленский,зеленскии,500,500,1779771600,,"[14, 10]","[""зеленский""]",2026-05-26T06:48:58.467285+00:00
RU:ван цун,RU,ван цун,ван цун,500,700,1779772200,,[17],"[""ван цун""]",2026-05-26T06:48:58.467285+00:00
RU:александр розенбаум,RU,александр розенбаум,александр розенбаум,1000,400,1779712200,,[4],"[""александр розенбаум""]",2026-05-26T06:48:58.467285+00:00
RU:красноярскии краи,RU,красноярский край,красноярскии краи,200,500,1779773400,,[11],"[""красноярский край""]",2026-05-26T06:48:58.467285+00:00
RU:окрошка,RU,окрошка,окрошка,1000,200,1779759600,,[11],"[""окрошка""]",2026-05-26T06:48:58.467285+00:00
RU:кинжал,RU,кинжал,кинжал,1000,300,1779715800,,[11],"[""кинжал""]",2026-05-26T06:48:58.467285+00:00
RU:портньюс,RU,портньюс,портньюс,200,400,1779772200,,[3],"[""портньюс""]",2026-05-26T06:48:58.467285+00:00
RU:чемпионат мира по хоккею с шаибои,RU,чемпионат мира по хоккею с шайбой,чемпионат мира по хоккею с шаибои,1000,400,1779769200,,[17],"[""чемпионат мира по хоккею с шайбой"", ""сборная норвегии по футболу"", ""чехия норвегия прогноз"", ""чехия норвегия""]",2026-05-26T06:48:58.467285+00:00
RU:день предпринимателя 2026,RU,день предпринимателя 2026,день предпринимателя 2026,1000,300,1779709800,,[3],"[""день предпринимателя 2026""]",2026-05-26T06:48:58.467285+00:00
RU:футбольные трансферы,RU,футбольные трансферы,футбольные трансферы,500,200,1779755400,,[17],"[""футбольные трансферы""]",2026-05-26T06:48:58.467285+00:00
RU:пенсионныи фонд,RU,пенсионный фонд,пенсионныи фонд,500,300,1779768000,,[10],"[""пенсионный фонд""]",2026-05-26T06:48:58.467285+00:00
RU:валютныи рынок,RU,валютный рынок,валютныи рынок,200,700,1779774600,,"[3, 19]","[""валютный рынок""]",2026-05-26T06:48:58.467285+00:00
RU:июня,RU,июня,июня,500,900,1779775200,,[11],"[""июня""]",2026-05-26T06:48:58.467285+00:00
RU:нэитан тодд,RU,нэйтан тодд,нэитан тодд,1000,200,1779735000,,[17],"[""нэйтан тодд""]",2026-05-26T06:48:58.467285+00:00
RU:запасы нефти,RU,запасы нефти,запасы нефти,1000,200,1779727800,,[3],"[""запасы нефти""]",2026-05-26T06:48:58.467285+00:00
RU:красноярск,RU,красноярск,красноярск,200,200,1779772200,,[3],"[""красноярск""]",2026-05-26T06:48:58.467285+00:00
RU:арсен адамов,RU,арсен адамов,арсен адамов,1000,200,1779733800,,[17],"[""арсен адамов""]",2026-05-26T06:48:58.467285+00:00
RU:марсоход,RU,марсоход,марсоход,200,200,1779766800,,"[15, 3]","[""марсоход""]",2026-05-26T06:48:58.467285+00:00
RU:ferrari luce,RU,ferrari luce,ferrari luce,200,200,1779769200,,[1],"[""ferrari luce""]",2026-05-26T06:48:58.467285+00:00
RU:международныи день защиты детеи,RU,международный день защиты детей,международныи день защиты детеи,100,400,1779775800,,[11],"[""международный день защиты детей""]",2026-05-26T06:48:58.467285+00:00
RU:наступление,RU,наступление,наступление,500,300,1779761400,,[11],"[""наступление""]",2026-05-26T06:48:58.467285+00:00
RU:выпускнои 2026,RU,выпускной 2026,выпускнои 2026,200,100,1779767400,,[11],"[""выпускной 2026""]",2026-05-26T06:48:58.467285+00:00
RU:когда курбан баирам 2026,RU,когда курбан байрам 2026,когда курбан баирам 2026,500,100,1779732600,,[8],"[""когда курбан байрам 2026"", ""когда курбан байрам"", ""курбан-байрам""]",2026-05-26T06:48:58.467285+00:00
RU:юрии бутусов,RU,юрий бутусов,юрии бутусов,200,100,1779743400,,[4],"[""юрий бутусов""]",2026-05-26T06:48:58.467285+00:00
RU:кавальерс – никс,RU,кавальерс – никс,кавальерс – никс,2000,900,1779756600,1779776400,[17],"[""кавальерс – никс"", ""кливленд нью йорк прогноз""]",2026-05-26T06:48:58.467285+00:00
RU:когда последнии звонок в 2026 году,RU,когда последний звонок в 2026 году,когда последнии звонок в 2026 году,1000,100,1779771000,,[9],"[""когда последний звонок в 2026 году"", ""последний звонок""]",2026-05-26T06:48:58.467285+00:00
RU:александр хинштеин,RU,александр хинштейн,александр хинштеин,200,100,1779769200,,[11],"[""александр хинштейн""]",2026-05-26T06:48:58.467285+00:00
RU:fpv-дрон,RU,fpv-дрон,fpv-дрон,200,200,1779773400,,[11],"[""fpv-дрон""]",2026-05-26T06:48:58.467285+00:00
RU:новости калининград,RU,новости калининград,новости калининград,2000,300,1779730800,,"[10, 14]","[""новости калининград"", ""калининград"", ""клопс""]",2026-05-26T06:48:58.467285+00:00
RU:день города спб 2026,RU,день города спб 2026,день города спб 2026,100,100,1779772200,,[11],"[""день города спб 2026""]",2026-05-26T06:48:58.467285+00:00
RU:курбан бекиевич бердыев,RU,курбан бекиевич бердыев,курбан бекиевич бердыев,100,100,1779775800,,[17],"[""курбан бекиевич бердыев""]",2026-05-26T06:48:58.467285+00:00
RU:погода москва,RU,погода москва,погода москва,5000,50,1779772200,1779774000,[20],"[""погода москва"", ""погода в самаре"", ""дождь"", ""погода сегодня москва"", ""погода в москве сегодня"", ""зима""]",2026-05-26T06:48:58.467285+00:00
RU:resident evil,RU,resident evil,resident evil,500,100,1779726600,,"[6, 4]","[""resident evil""]",2026-05-26T06:48:58.467285+00:00
RU:сергеи николаевич юран,RU,сергей николаевич юран,сергеи николаевич юран,2000,700,1779694800,1779776400,[17],"[""сергей николаевич юран""]",2026-05-26T06:48:58.467285+00:00
RU:кит харингтон,RU,кит харингтон,кит харингтон,200,100,1779721800,,[4],"[""кит харингтон""]",2026-05-26T06:48:58.467285+00:00
RU:новости,RU,новости,новости,5000,50,1779763800,1779769200,"[1, 10]","[""новости""]",2026-05-26T06:48:58.467285+00:00
RU:монреаль каролина,RU,монреаль каролина,монреаль каролина,2000,200,1779760800,1779774600,[17],"[""монреаль каролина"", ""монреаль каролина прогноз"", ""национальная хоккейная лига""]",2026-05-26T06:48:58.467285+00:00
RU:ульяновскии автомобильныи завод,RU,ульяновский автомобильный завод,ульяновскии автомобильныи завод,2000,200,1779703200,1779777600,[1],"[""ульяновский автомобильный завод""]",2026-05-26T06:48:58.467285+00:00
RU:погода казань,RU,погода казань,погода казань,2000,75,1779739200,1779773400,[20],"[""погода казань""]",2026-05-26T06:48:58.467285+00:00
RU:паулу коста,RU,паулу коста,паулу коста,1000,300,1779708600,1779772800,[17],"[""паулу коста""]",2026-05-26T06:48:58.467285+00:00
RU:индекс мосбиржи,RU,индекс мосбиржи,индекс мосбиржи,200,100,1779765000,1779777600,[3],"[""индекс мосбиржи""]",2026-05-26T06:48:58.467285+00:00
RU:ассортимент,RU,ассортимент,ассортимент,2000,700,1779691800,1779734400,[11],"[""ассортимент""]",2026-05-26T06:48:58.467285+00:00
RU:тоттенхэм хотспур,RU,тоттенхэм хотспур,тоттенхэм хотспур,1000,200,1779724200,1779774000,[17],"[""тоттенхэм хотспур""]",2026-05-26T06:48:58.467285+00:00
RU:маркиньос,RU,маркиньос,маркиньос,2000,500,1779705000,1779740400,[17],"[""маркиньос""]",2026-05-26T06:48:58.467285+00:00
RU:маикл джексон,RU,майкл джексон,маикл джексон,200,100,1779773400,1779777000,[4],"[""майкл джексон""]",2026-05-26T06:48:58.467285+00:00
RU:дина аверина,RU,дина аверина,дина аверина,1000,400,1779733800,1779772800,[17],"[""дина аверина""]",2026-05-26T06:48:58.467285+00:00
RU:министр обороны великобритании,RU,министр обороны великобритании,министр обороны великобритании,2000,500,1779699600,1779735600,[10],"[""министр обороны великобритании""]",2026-05-26T06:48:58.467285+00:00
RU:lg,RU,lg,lg,1000,300,1779708600,1779767400,[18],"[""lg""]",2026-05-26T06:48:58.467285+00:00
RU:погода саратов,RU,погода саратов,погода саратов,500,100,1779762600,1779769200,[20],"[""погода саратов""]",2026-05-26T06:48:58.467285+00:00
RU:погода курск,RU,погода курск,погода курск,200,100,1779766800,1779773400,[20],"[""погода курск""]",2026-05-26T06:48:58.467285+00:00
RU:солнце,RU,солнце,солнце,500,400,1779713400,1779776400,[15],"[""солнце""]",2026-05-26T06:48:58.467285+00:00
RU:сборная испании по футболу,RU,сборная испании по футболу,сборная испании по футболу,1000,400,1779714000,1779742800,[17],"[""сборная испании по футболу""]",2026-05-26T06:48:58.467285+00:00
RU:моиофис,RU,мойофис,моиофис,2000,400,1779695400,1779729000,[11],"[""мойофис"", ""мой офис""]",2026-05-26T06:48:58.467285+00:00
RU:суд европеиского союза,RU,суд европейского союза,суд европеиского союза,2000,400,1779710400,1779735000,[10],"[""суд европейского союза"", ""центральный банк""]",2026-05-26T06:48:58.467285+00:00
RU:андреи рублев,RU,андрей рублёв,андреи рублев,2000,900,1779719400,1779735600,[17],"[""андрей рублёв"", ""игнасио бусе"", ""рублев""]",2026-05-26T06:48:58.467285+00:00
RU:пост в день арафа,RU,пост в день арафа,пост в день арафа,500,200,1779732600,1779756000,[8],"[""пост в день арафа""]",2026-05-26T06:48:58.467285+00:00
RU:цска,RU,цска,цска,2000,300,1779714000,1779723600,[17],"[""цска""]",2026-05-26T06:48:58.467285+00:00
RU:гарри поттер,RU,гарри поттер,гарри поттер,500,200,1779736800,1779775200,[4],"[""гарри поттер""]",2026-05-26T06:48:58.467285+00:00
RU:зенит – уникс,RU,зенит – уникс,зенит – уникс,2000,1000,1779727800,1779739200,[17],"[""зенит – уникс"", ""зенит уникс"", ""уникс"", ""единая лига втб"", ""уникс зенит""]",2026-05-26T06:48:58.467285+00:00
RU:млечныи путь,RU,млечный путь,млечныи путь,500,100,1779713400,1779769200,[15],"[""млечный путь""]",2026-05-26T06:48:58.467285+00:00
RU:андреи аршавин,RU,андрей аршавин,андреи аршавин,1000,600,1779712800,1779733800,[17],"[""андрей аршавин""]",2026-05-26T06:48:58.467285+00:00
RU:джордж расселл,RU,джордж расселл,джордж расселл,1000,200,1779697200,1779739800,[17],"[""джордж расселл""]",2026-05-26T06:48:58.467285+00:00
RU:gorod48.ru,RU,gorod48.ru,gorod48.ru,1000,300,1779706200,1779734400,[10],"[""gorod48.ru""]",2026-05-26T06:48:58.467285+00:00
RU:александр кокорин,RU,александр кокорин,александр кокорин,1000,500,1779718200,1779738600,[17],"[""александр кокорин""]",2026-05-26T06:48:58.467285+00:00
RU:роман зобнин,RU,роман зобнин,роман зобнин,500,300,1779719400,1779765000,[17],"[""роман зобнин""]",2026-05-26T06:48:58.467285+00:00
RU:forbes,RU,forbes,forbes,1000,500,1779704400,1779728400,"[3, 4]","[""forbes""]",2026-05-26T06:48:58.467285+00:00
RU:погода тамбов,RU,погода тамбов,погода тамбов,100,100,1779771000,1779774600,[20],"[""погода тамбов""]",2026-05-26T06:48:58.467285+00:00
RU:эсекьель барко,RU,эсекьель барко,эсекьель барко,2000,900,1779697200,1779711000,[17],"[""эсекьель барко""]",2026-05-26T06:48:58.467285+00:00
RU:леонела мантурова,RU,леонела мантурова,леонела мантурова,1000,200,1779709800,1779739800,[4],"[""леонела мантурова"", ""денис мантуров""]",2026-05-26T06:48:58.467285+00:00
RU:погода пенза,RU,погода пенза,погода пенза,500,100,1779725400,1779772200,[20],"[""погода пенза""]",2026-05-26T06:48:58.467285+00:00
RU:татьяна арнтгольц,RU,татьяна арнтгольц,татьяна арнтгольц,500,300,1779729000,1779776400,[4],"[""татьяна арнтгольц"", ""арнтгольц""]",2026-05-26T06:48:58.467285+00:00
RU:a42.ru,RU,a42.ru,a42.ru,100,100,1779763800,1779770400,[10],"[""a42.ru""]",2026-05-26T06:48:58.467285+00:00
RU:екатерина климова,RU,екатерина климова,екатерина климова,500,500,1779721200,1779736800,[4],"[""екатерина климова""]",2026-05-26T06:48:58.467285+00:00
RU:падерборн вольфсбург прогноз,RU,падерборн вольфсбург прогноз,падерборн вольфсбург прогноз,500,200,1779728400,1779741000,[17],"[""падерборн вольфсбург прогноз"", ""вольфсбург фк"", ""вольфсбург""]",2026-05-26T06:48:58.467285+00:00
RU:чемпионат россии по фигурному катанию,RU,чемпионат россии по фигурному катанию,чемпионат россии по фигурному катанию,500,300,1779714000,1779733800,[17],"[""чемпионат россии по фигурному катанию""]",2026-05-26T06:48:58.467285+00:00
RU:беспилотная опасность калининград,RU,беспилотная опасность калининград,беспилотная опасность калининград,500,400,1779732000,1779744600,[11],"[""беспилотная опасность калининград"", ""храброво""]",2026-05-26T06:48:58.467285+00:00
RU:элина свитолина,RU,элина свитолина,элина свитолина,1000,1000,1779711600,1779721800,[17],"[""элина свитолина""]",2026-05-26T06:48:58.467285+00:00
RU:финансы,RU,финансы,финансы,2000,1000,1779723600,1779728400,[3],"[""финансы""]",2026-05-26T06:48:58.467285+00:00
RU:погода владимир,RU,погода владимир,погода владимир,100,100,1779767400,1779771600,[20],"[""погода владимир""]",2026-05-26T06:48:58.467285+00:00
RU:honda,RU,honda,honda,500,600,1779729000,1779766200,[1],"[""honda""]",2026-05-26T06:48:58.467285+00:00
RU:кристофер мартинс переира,RU,кристофер мартинс перейра,кристофер мартинс переира,1000,600,1779700200,1779715800,[17],"[""кристофер мартинс перейра""]",2026-05-26T06:48:58.467285+00:00
RU:ламин ямаль,RU,ламин ямаль,ламин ямаль,500,100,1779726000,1779748800,[17],"[""ламин ямаль""]",2026-05-26T06:48:58.467285+00:00
RU:станкович деян,RU,станкович деян,станкович деян,500,200,1779735600,1779768000,[17],"[""станкович деян"", ""станкович, деян""]",2026-05-26T06:48:58.467285+00:00
RU:дани карвахаль,RU,дани карвахаль,дани карвахаль,500,200,1779723600,1779744600,[17],"[""дани карвахаль""]",2026-05-26T06:48:58.467285+00:00
RU:димаш кудаиберген,RU,димаш кудайберген,димаш кудаиберген,500,200,1779705000,1779724800,[4],"[""димаш кудайберген""]",2026-05-26T06:48:58.467285+00:00
RU:елена рыбакина,RU,елена рыбакина,елена рыбакина,1000,1000,1779709800,1779717000,[17],"[""елена рыбакина""]",2026-05-26T06:48:58.467285+00:00
RU:козерог,RU,козерог,козерог,1000,300,1779715800,1779738000,[11],"[""козерог"", ""овен""]",2026-05-26T06:48:58.467285+00:00
RU:астана,RU,астана,астана,200,200,1779720600,1779766800,[11],"[""астана""]",2026-05-26T06:48:58.467285+00:00
RU:хуан карлос карседо,RU,хуан карлос карседо,хуан карлос карседо,500,400,1779724800,1779739200,[17],"[""хуан карлос карседо""]",2026-05-26T06:48:58.467285+00:00
RU:ливаи гарсия,RU,ливай гарсия,ливаи гарсия,500,700,1779709800,1779719400,[17],"[""ливай гарсия""]",2026-05-26T06:48:58.467285+00:00
RU:министерство внутренних дел,RU,министерство внутренних дел,министерство внутренних дел,500,400,1779722400,1779732600,[11],"[""министерство внутренних дел""]",2026-05-26T06:48:58.467285+00:00
RU:ледник судного дня,RU,ледник судного дня,ледник судного дня,500,300,1779708000,1779722400,[15],"[""ледник судного дня""]",2026-05-26T06:48:58.467285+00:00
RU:николас кеидж,RU,николас кейдж,николас кеидж,200,200,1779715200,1779733200,[4],"[""николас кейдж""]",2026-05-26T06:48:58.467285+00:00
RU:гела месхи,RU,гела месхи,гела месхи,500,200,1779732600,1779742800,[4],"[""гела месхи"", ""когда горит огонь"", ""когда горит огонь сериал""]",2026-05-26T06:48:58.467285+00:00
RU:шон стриклэнд,RU,шон стриклэнд,шон стриклэнд,1000,1000,1779691800,1779699600,[17],"[""шон стриклэнд""]",2026-05-26T06:48:58.467285+00:00
RU:словения италия прогноз,RU,словения италия прогноз,словения италия прогноз,200,200,1779728400,1779739800,[17],"[""словения италия прогноз""]",2026-05-26T06:48:58.467285+00:00
RU:егор пруцев,RU,егор пруцев,егор пруцев,200,200,1779718800,1779730800,[17],"[""егор пруцев""]",2026-05-26T06:48:58.467285+00:00
RU:погода калуга,RU,погода калуга,погода калуга,100,75,1779769200,1779771600,[20],"[""погода калуга""]",2026-05-26T06:48:58.467285+00:00
RU:сергеи степашин,RU,сергей степашин,сергеи степашин,1000,300,1779703200,1779711600,[14],"[""сергей степашин""]",2026-05-26T06:48:58.467285+00:00
RU:доротея вирер,RU,доротея вирер,доротея вирер,200,100,1779727800,1779775800,[17],"[""доротея вирер""]",2026-05-26T06:48:58.467285+00:00
RU:pg er ru голосование через госуслуги,RU,pg er ru голосование через госуслуги,pg er ru голосование через госуслуги,1000,200,1779708000,1779716400,[14],"[""pg er ru голосование через госуслуги"", ""единая россия предварительное голосование"", ""pg.er.tu"", ""проголосовать"", ""предварительное"", ""предварительное голосование единой россии 2026""]",2026-05-26T06:48:58.467285+00:00
RU:манфред угальде,RU,манфред угальде,манфред угальде,200,100,1779708600,1779732000,[17],"[""манфред угальде""]",2026-05-26T06:48:58.467285+00:00
"RU:свентек, ига",RU,"свёнтек, ига","свентек, ига",500,1000,1779705000,1779711600,[17],"[""свёнтек, ига""]",2026-05-26T06:48:58.467285+00:00
RU:чемпионат мира по хоккею,RU,чемпионат мира по хоккею,чемпионат мира по хоккею,500,100,1779725400,1779742200,[17],"[""чемпионат мира по хоккею"", ""чм по хоккею""]",2026-05-26T06:48:58.467285+00:00
RU:первая ракетка,RU,первая ракетка,первая ракетка,200,75,1779738000,1779745200,[17],"[""первая ракетка""]",2026-05-26T06:48:58.467285+00:00
RU:лунныи календарь,RU,лунный календарь,лунныи календарь,100,100,1779761400,1779765000,[11],"[""лунный календарь""]",2026-05-26T06:48:58.467285+00:00
RU:погода краснодар,RU,погода краснодар,погода краснодар,1000,200,1779707400,1779711600,[11],"[""погода краснодар""]",2026-05-26T06:48:58.467285+00:00
RU:kick,RU,kick,kick,200,100,1779745200,1779755400,[4],"[""kick""]",2026-05-26T06:48:58.467285+00:00
RU:мчс россии,RU,мчс россии,мчс россии,500,200,1779697800,1779710400,[11],"[""мчс россии""]",2026-05-26T06:48:58.467285+00:00
RU:ребенок,RU,ребёнок,ребенок,500,1000,1779708600,1779712800,[11],"[""ребёнок""]",2026-05-26T06:48:58.467285+00:00
RU:тамара глоба,RU,тамара глоба,тамара глоба,200,1000,1779750000,1779753000,[11],"[""тамара глоба""]",2026-05-26T06:48:58.467285+00:00
RU:что сказал звягинцев в каннах,RU,что сказал звягинцев в каннах,что сказал звягинцев в каннах,200,200,1779717000,1779726600,[4],"[""что сказал звягинцев в каннах""]",2026-05-26T06:48:58.467285+00:00
RU:объединенные арабские эмираты,RU,объединенные арабские эмираты,объединенные арабские эмираты,500,700,1779700200,1779706800,[11],"[""объединенные арабские эмираты""]",2026-05-26T06:48:58.467285+00:00
RU:погода миасс,RU,погода миасс,погода миасс,100,50,1779762600,1779766800,[11],"[""погода миасс""]",2026-05-26T06:48:58.467285+00:00
RU:аманда анисимова,RU,аманда анисимова,аманда анисимова,200,400,1779724200,1779730200,[17],"[""аманда анисимова""]",2026-05-26T06:48:58.467285+00:00
RU:тихановская,RU,тихановская,тихановская,200,100,1779704400,1779714600,[14],"[""тихановская""]",2026-05-26T06:48:58.467285+00:00
RU:станислав агкацев,RU,станислав агкацев,станислав агкацев,200,100,1779715200,1779727800,[17],"[""станислав агкацев""]",2026-05-26T06:48:58.467285+00:00
RU:яблоко,RU,яблоко,яблоко,100,100,1779727200,1779772200,[3],"[""яблоко""]",2026-05-26T06:48:58.467285+00:00
RU:тото вольфф,RU,тото вольфф,тото вольфф,200,100,1779709800,1779726000,[17],"[""тото вольфф""]",2026-05-26T06:48:58.467285+00:00
RU:боевая машина пехоты,RU,боевая машина пехоты,боевая машина пехоты,200,300,1779702600,1779709800,[10],"[""боевая машина пехоты""]",2026-05-26T06:48:58.467285+00:00
RU:погода омск,RU,погода омск,погода омск,1000,200,1779696000,1779698400,[20],"[""погода омск""]",2026-05-26T06:48:58.467285+00:00
RU:челябинск,RU,челябинск,челябинск,200,100,1779706800,1779712200,[11],"[""челябинск""]",2026-05-26T06:48:58.467285+00:00
RU:дело тархова,RU,дело тархова,дело тархова,200,500,1779720000,1779724200,[10],"[""дело тархова""]",2026-05-26T06:48:58.467285+00:00
RU:каспер рууд,RU,каспер рууд,каспер рууд,100,300,1779733800,1779737400,[17],"[""каспер рууд""]",2026-05-26T06:48:58.467285+00:00
RU:соль-илецк,RU,соль-илецк,соль-илецк,100,100,1779715800,1779723600,[19],"[""соль-илецк""]",2026-05-26T06:48:58.467285+00:00
RU:сша венгрия прогноз,RU,сша венгрия прогноз,сша венгрия прогноз,100,100,1779717600,1779722400,[17],"[""сша венгрия прогноз""]",2026-05-26T06:48:58.467285+00:00
RU:энгельс,RU,энгельс,энгельс,200,100,1779705000,1779709800,[3],"[""энгельс""]",2026-05-26T06:48:58.467285+00:00
RU:энергодар,RU,энергодар,энергодар,200,500,1779705000,1779708600,[11],"[""энергодар""]",2026-05-26T06:48:58.467285+00:00
RU:илья варламов,RU,илья варламов,илья варламов,100,200,1779730800,1779734400,[10],"[""илья варламов""]",2026-05-26T06:48:58.467285+00:00
RU:кирилл кузьменко дтп,RU,кирилл кузьменко дтп,кирилл кузьменко дтп,200,500,1779696600,1779700200,[17],"[""кирилл кузьменко дтп""]",2026-05-26T06:48:58.467285+00:00
RU:кевин уорш,RU,кевин уорш,кевин уорш,100,200,1779693600,1779699000,[11],"[""кевин уорш""]",2026-05-26T06:48:58.467285+00:00
RU:открытыи чемпионат франции по теннису 2026,RU,открытый чемпионат франции по теннису 2026,открытыи чемпионат франции по теннису 2026,100,200,1779727800,1779730800,[17],"[""открытый чемпионат франции по теннису 2026""]",2026-05-26T06:48:58.467285+00:00
RU:янис тимма,RU,янис тимма,янис тимма,100,100,1779705600,1779717000,[11],"[""янис тимма""]",2026-05-26T06:48:58.467285+00:00
RU:карелия,RU,карелия,карелия,100,100,1779729000,1779732000,[20],"[""карелия""]",2026-05-26T06:48:58.467285+00:00
RU:мфца,RU,мфца,мфца,100,300,1779695400,1779699600,[3],"[""мфца""]",2026-05-26T06:48:58.467285+00:00
RU:ханна мюрреи,RU,ханна мюррей,ханна мюрреи,100,300,1779706200,1779709200,[4],"[""ханна мюррей""]",2026-05-26T06:48:58.467285+00:00
RU:погода новороссииск,RU,погода новороссийск,погода новороссииск,200,200,1779706800,1779708600,[11],"[""погода новороссийск""]",2026-05-26T06:48:58.467285+00:00
RU:облигации федерального заима,RU,облигации федерального займа,облигации федерального заима,100,200,1779698400,1779701400,[3],"[""облигации федерального займа""]",2026-05-26T06:48:58.467285+00:00
RU:милана хаметова,RU,милана хаметова,милана хаметова,100,100,1779720600,1779723000,[4],"[""милана хаметова""]",2026-05-26T06:48:58.467285+00:00
RU:12 июня праздник,RU,12 июня праздник,12 июня праздник,100,75,1779700200,1779701400,[10],"[""12 июня праздник""]",2026-05-26T06:48:58.467285+00:00
SA:ابشر,SA,أبشر,ابشر,5000,400,1779716400,,[10],"[""أبشر""]",2026-05-26T06:49:40.492800+00:00
SA:دعاء ليلة عرفة,SA,دعاء ليلة عرفة,دعاء ليلة عرفة,10000,900,1779726000,,[11],"[""دعاء ليلة عرفة"", ""ادعيه ليوم عرفه"", ""دعاء عرفة"", ""حكم صيام يوم عرفة"", ""دعاء يوم عرفة مستجاب"", ""ادعيه عرفه"", ""الدعاء يوم عرفة"", ""دعاء ليوم عرفه"", ""ادعية عرفة"", ""أدعية يوم عرفة"", ""دعاء يوم عرفه مستجاب"", ""دعاء"", ""اللهم في يوم عرفه"", ""دعوات يوم عرفه"", ""فضل صيام يوم عرفه"", ""ادعية عرفه"", ""وقت الدعاء في يوم عرفة لغير الحاج"", ""ليلة عرفة"", ""دعاء ليله عرفه"", ""فضل صيام عرفه"", ""صوم يوم عرفة"", ""دعاء ليلة عرفه"", ""دعاء الترويه"", ""فضل صيام عرفة"", ""ليلة عرفه""]",2026-05-26T06:49:40.492800+00:00
SA:شوكولاتة,SA,شوكولاتة,شوكولاتة,5000,1000,1779727200,,"[5, 3]","[""شوكولاتة""]",2026-05-26T06:49:40.492800+00:00
SA:المرشد الاعلى في ايران,SA,المرشد الأعلى في إيران,المرشد الاعلى في ايران,5000,1000,1779718800,,[11],"[""المرشد الأعلى في إيران""]",2026-05-26T06:49:40.492800+00:00
SA:تطبيع العلاقات بين الدول العربية واسراييل,SA,تطبيع العلاقات بين الدول العربية وإسرائيل,تطبيع العلاقات بين الدول العربية واسراييل,2000,1000,1779728400,,"[14, 10]","[""تطبيع العلاقات بين الدول العربية وإسرائيل""]",2026-05-26T06:49:40.492800+00:00
SA:صاروخ,SA,صاروخ,صاروخ,2000,1000,1779726000,,[10],"[""صاروخ""]",2026-05-26T06:49:40.492800+00:00
SA:اذان الفجر,SA,اذان الفجر,اذان الفجر,100000,300,1779745200,1779762000,[11],"[""اذان الفجر"", ""صلاة الفجر"", ""موعد اذان الفجر"", ""الفجر"", ""اذان المغرب"", ""مواقيت الصلاة"", ""موعد صلاة الفجر"", ""اذان الفجر."", ""الاذان"", ""موعد صلاه الفجر"", ""موعد اذان"", ""اذان الفجر اليوم"", ""العصر"", ""اذان المغرب."", ""العشاء""]",2026-05-26T06:49:40.492800+00:00
SA:انضباط,SA,انضباط,انضباط,2000,1000,1779745200,,[17],"[""انضباط""]",2026-05-26T06:49:40.492800+00:00
SA:weather,SA,weather,weather,2000,75,1779777600,,[20],"[""weather""]",2026-05-26T06:49:40.492800+00:00
SA:عرفات,SA,عرفات,عرفات,2000,300,1779714600,,[11],"[""عرفات"", ""جبل عرفات"", ""لبيك اللهم لبيك لبيك لا شريك لك لبيك"", ""جبل عرفة"", ""الحج مباشر"", ""جبل عرفه"", ""الوقوف بعرفة"", ""اذكار يوم عرفه""]",2026-05-26T06:49:40.492800+00:00
SA:arafat,SA,arafat,arafat,1000,300,1779699600,,[11],"[""arafat"", ""makkah weather"", ""weather makkah""]",2026-05-26T06:49:40.492800+00:00
SA:قران,SA,قران,قران,2000,200,1779757200,,[11],"[""قران""]",2026-05-26T06:49:40.492800+00:00
SA:عيد اضحى مبارك,SA,عيد اضحى مبارك,عيد اضحى مبارك,500,200,1779702600,,[8],"[""عيد اضحى مبارك""]",2026-05-26T06:49:40.492800+00:00
SA:خطبة عرفة,SA,خطبة عرفة,خطبة عرفة,200,500,1779761400,,[11],"[""خطبة عرفة"", ""خطبة عرفة 1447""]",2026-05-26T06:49:40.492800+00:00
SA:تبرع,SA,تبرع,تبرع,500,300,1779721200,,[11],"[""تبرع""]",2026-05-26T06:49:40.492800+00:00
SA:pakistan,SA,pakistan,pakistan,1000,600,1779701400,,[14],"[""pakistan"", ""abraham accords""]",2026-05-26T06:49:40.492800+00:00
SA:আরাফার দিনের দোযা,SA,আরাফার দিনের দোয়া,আরাফার দিনের দোযা,200,200,1779759000,,[11],"[""আরাফার দিনের দোয়া""]",2026-05-26T06:49:40.492800+00:00
SA:احسان.,SA,احسان.,احسان.,200,200,1779757800,,"[7, 10]","[""احسان.""]",2026-05-26T06:49:40.492800+00:00
SA:محمد هنيدي,SA,محمد هنيدي,محمد هنيدي,500,300,1779723000,,[4],"[""محمد هنيدي""]",2026-05-26T06:49:40.492800+00:00
SA:بتروناس,SA,بتروناس,بتروناس,200,400,1779769800,,[3],"[""بتروناس"", ""أرامكو السعودية""]",2026-05-26T06:49:40.492800+00:00
SA:cavaliers vs knicks,SA,cavaliers vs knicks,cavaliers vs knicks,1000,1000,1779756000,1779777000,[17],"[""cavaliers vs knicks""]",2026-05-26T06:49:40.492800+00:00
SA:سعود عبد الحميد,SA,سعود عبد الحميد,سعود عبد الحميد,5000,700,1779705000,1779751800,[17],"[""سعود عبد الحميد""]",2026-05-26T06:49:40.492800+00:00
SA:القران الكريم,SA,القران الكريم,القران الكريم,500,200,1779757800,,[11],"[""القران الكريم""]",2026-05-26T06:49:40.492800+00:00
SA:الشروق,SA,الشروق,الشروق,1000,500,1779753000,1779771000,[10],"[""الشروق""]",2026-05-26T06:49:40.492800+00:00
SA:تكبيرات عيد الاضحى,SA,تكبيرات عيد الاضحى,تكبيرات عيد الاضحى,200,200,1779774600,,[8],"[""تكبيرات عيد الاضحى"", ""صلاة العيد""]",2026-05-26T06:49:40.492800+00:00
SA:تكبيرات العيد,SA,تكبيرات العيد,تكبيرات العيد,500,100,1779717000,,"[4, 18]","[""تكبيرات العيد"", ""طريقة الحج""]",2026-05-26T06:49:40.492800+00:00
SA:ادوارد ميندي,SA,إدوارد ميندي,ادوارد ميندي,1000,600,1779721800,1779767400,[17],"[""إدوارد ميندي""]",2026-05-26T06:49:40.492800+00:00
SA:صلاة عيد الاضحى 2026,SA,صلاة عيد الاضحى 2026,صلاة عيد الاضحى 2026,500,200,1779763200,,[8],"[""صلاة عيد الاضحى 2026"", ""صلاة عيد الاضحى"", ""صلاة الرياض"", ""موعد الصلاة""]",2026-05-26T06:49:40.492800+00:00
SA:النادي الاهلي السعودي لكرة القدم,SA,النادي الأهلي السعودي لكرة القدم,النادي الاهلي السعودي لكرة القدم,2000,600,1779715200,1779744600,[17],"[""النادي الأهلي السعودي لكرة القدم""]",2026-05-26T06:49:40.492800+00:00
SA:موعد اذان المغرب,SA,موعد اذان المغرب,موعد اذان المغرب,5000,100,1779724800,1779760800,[8],"[""موعد اذان المغرب"", ""صلاة المغرب""]",2026-05-26T06:49:40.492800+00:00
SA:مروان بابلو,SA,مروان بابلو,مروان بابلو,500,400,1779736800,1779777600,[10],"[""مروان بابلو""]",2026-05-26T06:49:40.492800+00:00
SA:اتجاه القبلة,SA,اتجاه القبلة,اتجاه القبلة,1000,100,1779725400,1779778200,[11],"[""اتجاه القبلة""]",2026-05-26T06:49:40.492800+00:00
SA:new zealand women vs england women,SA,new zealand women vs england women,new zealand women vs england women,2000,1000,1779715200,1779740400,[17],"[""new zealand women vs england women""]",2026-05-26T06:49:40.492800+00:00
SA:روسيا,SA,روسيا,روسيا,1000,200,1779721800,1779775800,[17],"[""روسيا"", ""ماتش""]",2026-05-26T06:49:40.492800+00:00
SA:الظهر,SA,الظهر,الظهر,2000,200,1779756600,1779778200,[11],"[""الظهر"", ""ادعية يوم الترويه"", ""اللهم في يوم الترويه"", ""دعاء يوم التروية لغير الحاج"", ""أدعية يوم التروية"", ""ادعيه ليوم الترويه"", ""يوم التروية 2026"", ""أعمال يوم التروية"", ""دعاء يوم الترويه لغير الحاج"", ""يوم الترويه دعاء"", ""ما هو يوم الترويه"", ""التروية""]",2026-05-26T06:49:40.492800+00:00
SA:قران كريم,SA,قران كريم,قران كريم,200,400,1779758400,1779777000,[11],"[""قران كريم""]",2026-05-26T06:49:40.492800+00:00
SA:متى يبدا يوم عرفة,SA,متى يبدأ يوم عرفة,متى يبدا يوم عرفة,500,200,1779737400,1779769200,[11],"[""متى يبدأ يوم عرفة"", ""التكبيرات"", ""التكبير المقيد في عيد الأضحى"", ""تكبيرات العيد mp3""]",2026-05-26T06:49:40.492800+00:00
SA:الامير نواف بن نايف بن ممدوح بن عبدالعزيز,SA,الامير نواف بن نايف بن ممدوح بن عبدالعزيز,الامير نواف بن نايف بن ممدوح بن عبدالعزيز,200,300,1779723600,1779777600,[10],"[""الامير نواف بن نايف بن ممدوح بن عبدالعزيز""]",2026-05-26T06:49:40.492800+00:00
SA:جوزاف عون,SA,جوزاف عون,جوزاف عون,500,300,1779718800,1779774000,[14],"[""جوزاف عون""]",2026-05-26T06:49:40.492800+00:00
SA:دفاع جوي,SA,دفاع جوي,دفاع جوي,500,600,1779711600,1779747000,[10],"[""دفاع جوي""]",2026-05-26T06:49:40.492800+00:00
SA:afghanistan,SA,afghanistan,afghanistan,100,100,1779742800,,[11],"[""afghanistan""]",2026-05-26T06:49:40.492800+00:00
SA:الصلاة,SA,الصلاة,الصلاة,500,200,1779753000,1779761400,[11],"[""الصلاة""]",2026-05-26T06:49:40.492800+00:00
SA:niat puasa arafah,SA,niat puasa arafah,niat puasa arafah,200,600,1779750600,1779762000,[8],"[""niat puasa arafah""]",2026-05-26T06:49:40.492800+00:00
SA:فيلم برشامه,SA,فيلم برشامه,فيلم برشامه,200,100,1779741000,1779775200,[4],"[""فيلم برشامه"", ""برشامة""]",2026-05-26T06:49:40.492800+00:00
SA:memorial day 2026,SA,memorial day 2026,memorial day 2026,500,300,1779699000,1779753000,[11],"[""memorial day 2026""]",2026-05-26T06:49:40.492800+00:00
SA:اضحية,SA,اضحية,اضحية,500,100,1779705000,1779777000,[11],"[""اضحية"", ""اضحية العيد""]",2026-05-26T06:49:40.492800+00:00
SA:رياض محرز,SA,رياض محرز,رياض محرز,200,300,1779728400,1779750000,[17],"[""رياض محرز""]",2026-05-26T06:49:40.492800+00:00
SA:روي كين,SA,روي كين,روي كين,200,300,1779745200,1779778200,[17],"[""روي كين"", ""رقم نجم""]",2026-05-26T06:49:40.492800+00:00
SA:الحرم مباشر,SA,الحرم مباشر,الحرم مباشر,200,100,1779724800,1779776400,[4],"[""الحرم مباشر""]",2026-05-26T06:49:40.492800+00:00
SA:البنك الاهلي المصري,SA,البنك الأهلي المصري,البنك الاهلي المصري,200,300,1779724800,1779741000,[11],"[""البنك الأهلي المصري""]",2026-05-26T06:49:40.492800+00:00
SA:قطر,SA,قطر,قطر,200,300,1779727200,1779769800,"[14, 10]","[""قطر""]",2026-05-26T06:49:40.492800+00:00
SA:شي جين بينغ,SA,شي جين بينغ,شي جين بينغ,200,400,1779708600,1779730800,"[14, 10]","[""شي جين بينغ""]",2026-05-26T06:49:40.492800+00:00
SA:mark zuckerberg,SA,mark zuckerberg,mark zuckerberg,200,200,1779702000,1779729600,[3],"[""mark zuckerberg""]",2026-05-26T06:49:40.492800+00:00
SA:جاهز,SA,جاهز,جاهز,100,100,1779748200,1779756600,[17],"[""جاهز""]",2026-05-26T06:49:40.492800+00:00
SA:paderborn vs wolfsburg,SA,paderborn vs wolfsburg,paderborn vs wolfsburg,200,500,1779735600,1779745200,[17],"[""paderborn vs wolfsburg""]",2026-05-26T06:49:40.492800+00:00
SA:from episode 6,SA,from episode 6,from episode 6,200,200,1779717600,1779742800,[4],"[""from episode 6""]",2026-05-26T06:49:40.492800+00:00
SA:خروف العيد,SA,خروف العيد,خروف العيد,100,200,1779710400,1779768000,[11],"[""خروف العيد""]",2026-05-26T06:49:40.492800+00:00
SA:وزارة الداخلية,SA,وزارة الداخلية,وزارة الداخلية,200,200,1779696000,1779739800,[10],"[""وزارة الداخلية""]",2026-05-26T06:49:40.492800+00:00
SA:المغرب,SA,المغرب,المغرب,500,50,1779723000,1779727800,[17],"[""المغرب""]",2026-05-26T06:49:40.492800+00:00
SA:bahrain,SA,bahrain,bahrain,200,100,1779700200,1779730800,"[10, 14]","[""bahrain""]",2026-05-26T06:49:40.492800+00:00
SA:تركي ال الشيخ,SA,تركي آل الشيخ,تركي ال الشيخ,200,500,1779708000,1779714600,[4],"[""تركي آل الشيخ""]",2026-05-26T06:49:40.492800+00:00
SA:الدفاع المدني,SA,الدفاع المدني,الدفاع المدني,100,200,1779710400,1779720600,[10],"[""الدفاع المدني""]",2026-05-26T06:49:40.492800+00:00
SA:ريال سعودي,SA,ريال سعودي,ريال سعودي,500,200,1779745800,1779747000,[11],"[""ريال سعودي"", ""سعر الريال مقابل الجنيه المصري"", ""سعر الريال مقابل الجنيه المصري اليوم"", ""الريال مقابل الجنيه"", ""سعر الريال اليوم في مصر""]",2026-05-26T06:49:40.492800+00:00
SA:الحرم,SA,الحرم,الحرم,100,100,1779711000,1779729600,[11],"[""الحرم""]",2026-05-26T06:49:40.492800+00:00
SA:bsf,SA,bsf,bsf,100,400,1779726000,1779729600,[11],"[""bsf""]",2026-05-26T06:49:40.492800+00:00
SA:سعر الصرف,SA,سعر الصرف,سعر الصرف,200,300,1779699000,1779702600,[3],"[""سعر الصرف"", ""الدولار مقابل الجنيه المصري"", ""الدولار مقابل الجنيه""]",2026-05-26T06:49:40.492800+00:00
SA:اذان مغرب,SA,اذان مغرب,اذان مغرب,100,100,1779725400,1779727200,[3],"[""اذان مغرب""]",2026-05-26T06:49:40.492800+00:00
SA:indigo,SA,indigo,indigo,100,75,1779696600,1779699600,[19],"[""indigo""]",2026-05-26T06:49:40.492800+00:00
SE:michail antonio,SE,michail antonio,michail antonio,10000,1000,1779701400,,[17],"[""michail antonio""]",2026-05-26T06:50:30.247760+00:00
SE:molly nutley,SE,molly nutley,molly nutley,2000,1000,1779738000,,[4],"[""molly nutley""]",2026-05-26T06:50:30.247760+00:00
SE:smalandsposten,SE,smålandsposten,smalandsposten,5000,1000,1779704400,,[10],"[""smålandsposten""]",2026-05-26T06:50:30.247760+00:00
SE:ferrari luce,SE,ferrari luce,ferrari luce,2000,1000,1779741600,,[1],"[""ferrari luce""]",2026-05-26T06:50:30.247760+00:00
SE:artificiell intelligens,SE,artificiell intelligens,artificiell intelligens,2000,1000,1779728400,,[11],"[""artificiell intelligens""]",2026-05-26T06:50:30.247760+00:00
SE:iran,SE,iran,iran,5000,300,1779717000,,"[14, 10]","[""iran"", ""donald trump""]",2026-05-26T06:50:30.247760+00:00
SE:modo hockey,SE,modo hockey,modo hockey,5000,1000,1779711000,,[17],"[""modo hockey""]",2026-05-26T06:50:30.247760+00:00
SE:alice stenlof,SE,alice stenlöf,alice stenlof,2000,900,1779717000,,[4],"[""alice stenlöf""]",2026-05-26T06:50:30.247760+00:00
SE:alex letic,SE,alex letic,alex letic,2000,1000,1779694200,,[4],"[""alex letic""]",2026-05-26T06:50:30.247760+00:00
SE:damian clara,SE,damian clara,damian clara,500,1000,1779771000,,[17],"[""damian clara""]",2026-05-26T06:50:30.247760+00:00
SE:kid eriksson,SE,kid eriksson,kid eriksson,500,1000,1779775800,,[4],"[""kid eriksson""]",2026-05-26T06:50:30.247760+00:00
SE:e4,SE,e4,e4,2000,1000,1779736800,,[11],"[""e4""]",2026-05-26T06:50:30.247760+00:00
SE:noah philp,SE,noah philp,noah philp,1000,800,1779729600,,[17],"[""noah philp""]",2026-05-26T06:50:30.247760+00:00
SE:auston matthews,SE,auston matthews,auston matthews,500,700,1779737400,,[17],"[""auston matthews""]",2026-05-26T06:50:30.247760+00:00
SE:sonny rollins,SE,sonny rollins,sonny rollins,200,1000,1779771000,,[4],"[""sonny rollins""]",2026-05-26T06:50:30.247760+00:00
SE:miles davis,SE,miles davis,miles davis,1000,1000,1779726000,,[4],"[""miles davis""]",2026-05-26T06:50:30.247760+00:00
SE:zara larsson,SE,zara larsson,zara larsson,500,600,1779763200,,"[4, 8]","[""zara larsson""]",2026-05-26T06:50:30.247760+00:00
SE:kollektivtrafik,SE,kollektivtrafik,kollektivtrafik,200,500,1779748800,,[11],"[""kollektivtrafik""]",2026-05-26T06:50:30.247760+00:00
SE:ferrari,SE,ferrari,ferrari,200,400,1779747000,,[1],"[""ferrari""]",2026-05-26T06:50:30.247760+00:00
SE:vfl wolfsburg,SE,vfl wolfsburg,vfl wolfsburg,100,600,1779774600,,[17],"[""vfl wolfsburg""]",2026-05-26T06:50:30.247760+00:00
SE:elfsborg mot hacken,SE,elfsborg mot häcken,elfsborg mot hacken,5000,1000,1779725400,1779763800,[17],"[""elfsborg mot häcken"", ""bonus"", ""elfsborg"", ""elfsborg häcken"", ""häcken"", ""hus"", ""elfsborg matcher""]",2026-05-26T06:50:30.247760+00:00
SE:norrkoping mot oster,SE,norrköping mot öster,norrkoping mot oster,5000,1000,1779725400,1779777000,[17],"[""norrköping mot öster"", ""ifk norrköping"", ""östers if""]",2026-05-26T06:50:30.247760+00:00
SE:ifk goteborg mot mjallby,SE,ifk göteborg mot mjällby,ifk goteborg mot mjallby,10000,1000,1779725400,1779740400,[17],"[""ifk göteborg mot mjällby"", ""ifk göteborg"", ""ifk"", ""ifk mjällby"", ""ifk göteborg matcher"", ""göteborg mjällby"", ""göteborg vs mjällby"", ""blåvitt""]",2026-05-26T06:50:30.247760+00:00
SE:nicole falciani,SE,nicole falciani,nicole falciani,2000,1000,1779705000,1779776400,[4],"[""nicole falciani""]",2026-05-26T06:50:30.247760+00:00
SE:raddningsinsats,SE,räddningsinsats,raddningsinsats,5000,1000,1779709200,1779745200,[10],"[""räddningsinsats""]",2026-05-26T06:50:30.247760+00:00
SE:eid,SE,eid,eid,100,200,1779776400,,[8],"[""eid""]",2026-05-26T06:50:30.247760+00:00
SE:lucas ekestahl jonsson,SE,lucas ekeståhl jonsson,lucas ekestahl jonsson,2000,1000,1779706800,1779772800,[17],"[""lucas ekeståhl jonsson""]",2026-05-26T06:50:30.247760+00:00
SE:hagastaden,SE,hagastaden,hagastaden,2000,1000,1779693600,1779777600,[11],"[""hagastaden"", ""ericsson kista"", ""ericsson hagastaden""]",2026-05-26T06:50:30.247760+00:00
SE:goteborg,SE,göteborg,goteborg,5000,700,1779708600,1779757800,[19],"[""göteborg"", ""självkörande buss göteborg""]",2026-05-26T06:50:30.247760+00:00
SE:e22,SE,e22,e22,2000,1000,1779712800,1779733800,"[1, 10]","[""e22""]",2026-05-26T06:50:30.247760+00:00
SE:gefle dagblad,SE,gefle dagblad,gefle dagblad,500,600,1779722400,1779776400,[14],"[""gefle dagblad""]",2026-05-26T06:50:30.247760+00:00
SE:varnamo nyheter,SE,värnamo nyheter,varnamo nyheter,200,200,1779743400,1779776400,[11],"[""värnamo nyheter""]",2026-05-26T06:50:30.247760+00:00
SE:bjorn ferry,SE,björn ferry,bjorn ferry,2000,1000,1779692400,1779721800,[17],"[""björn ferry"", ""hanna öberg""]",2026-05-26T06:50:30.247760+00:00
SE:jorma kontio,SE,jorma kontio,jorma kontio,100,400,1779771600,1779776400,"[17, 6]","[""jorma kontio""]",2026-05-26T06:50:30.247760+00:00
SE:ama,SE,ama,ama,100,500,1779771600,1779776400,[4],"[""ama""]",2026-05-26T06:50:30.247760+00:00
SE:blodomloppet umea,SE,blodomloppet umeå,blodomloppet umea,2000,300,1779718200,1779743400,[17],"[""blodomloppet umeå"", ""blodomloppet umeå 2026""]",2026-05-26T06:50:30.247760+00:00
SE:8 sidor,SE,8 sidor,8 sidor,1000,800,1779715200,1779751800,[10],"[""8 sidor""]",2026-05-26T06:50:30.247760+00:00
SE:ada hegerberg,SE,ada hegerberg,ada hegerberg,1000,1000,1779711600,1779774000,[17],"[""ada hegerberg""]",2026-05-26T06:50:30.247760+00:00
SE:kiev,SE,kiev,kiev,500,600,1779727800,1779769200,[11],"[""kiev""]",2026-05-26T06:50:30.247760+00:00
SE:nvidia,SE,nvidia,nvidia,1000,1000,1779728400,1779744000,[3],"[""nvidia""]",2026-05-26T06:50:30.247760+00:00
SE:conan gray,SE,conan gray,conan gray,500,500,1779720600,1779774000,[4],"[""conan gray""]",2026-05-26T06:50:30.247760+00:00
SE:hotels,SE,hotels,hotels,100,100,1779771600,1779775800,[19],"[""hotels""]",2026-05-26T06:50:30.247760+00:00
SE:eid al adha 2026,SE,eid al adha 2026,eid al adha 2026,100,100,1779772800,1779776400,[8],"[""eid al adha 2026""]",2026-05-26T06:50:30.247760+00:00
SE:neculai toader nyaker,SE,neculai toader nyåker,neculai toader nyaker,500,500,1779722400,1779742800,[11],"[""neculai toader nyåker"", ""pojke hittad""]",2026-05-26T06:50:30.247760+00:00
SE:monfils,SE,monfils,monfils,500,700,1779737400,1779750600,[17],"[""monfils""]",2026-05-26T06:50:30.247760+00:00
SE:rattegang,SE,rättegång,rattegang,200,600,1779736200,1779771600,[11],"[""rättegång""]",2026-05-26T06:50:30.247760+00:00
SE:brott,SE,brott,brott,1000,1000,1779703200,1779714600,[11],"[""brott""]",2026-05-26T06:50:30.247760+00:00
SE:victor nilsson lindelof,SE,victor nilsson lindelöf,victor nilsson lindelof,1000,1000,1779705000,1779729000,[17],"[""victor nilsson lindelöf""]",2026-05-26T06:50:30.247760+00:00
SE:harry potter,SE,harry potter,harry potter,500,300,1779718800,1779741600,"[4, 16]","[""harry potter""]",2026-05-26T06:50:30.247760+00:00
SE:simon strand,SE,simon strand,simon strand,500,600,1779739800,1779748200,[17],"[""simon strand""]",2026-05-26T06:50:30.247760+00:00
SE:debatt,SE,debatt,debatt,1000,800,1779699600,1779713400,"[10, 14]","[""debatt""]",2026-05-26T06:50:30.247760+00:00
SE:stellantis,SE,stellantis,stellantis,500,800,1779702600,1779720600,[3],"[""stellantis""]",2026-05-26T06:50:30.247760+00:00
SE:jimmie akesson,SE,jimmie åkesson,jimmie akesson,100,400,1779766800,1779769800,"[14, 10]","[""jimmie åkesson""]",2026-05-26T06:50:30.247760+00:00
SE:ishockey i norge,SE,ishockey i norge,ishockey i norge,500,1000,1779732000,1779738600,[17],"[""ishockey i norge""]",2026-05-26T06:50:30.247760+00:00
SE:the boroughs,SE,the boroughs,the boroughs,500,200,1779735600,1779741000,[4],"[""the boroughs""]",2026-05-26T06:50:30.247760+00:00
SE:andree hult,SE,andreé hult,andree hult,500,1000,1779700200,1779725400,[17],"[""andreé hult""]",2026-05-26T06:50:30.247760+00:00
SE:dagens industri,SE,dagens industri,dagens industri,500,300,1779724200,1779769200,[3],"[""dagens industri""]",2026-05-26T06:50:30.247760+00:00
SE:frankrike,SE,frankrike,frankrike,200,600,1779714600,1779724800,"[14, 10]","[""frankrike""]",2026-05-26T06:50:30.247760+00:00
SE:jersey,SE,jersey,jersey,200,1000,1779729600,1779733800,[10],"[""jersey""]",2026-05-26T06:50:30.247760+00:00
SE:alan cumming,SE,alan cumming,alan cumming,200,300,1779728400,1779733200,[4],"[""alan cumming""]",2026-05-26T06:50:30.247760+00:00
SE:hagastaden stockholm,SE,hagastaden stockholm,hagastaden stockholm,500,800,1779694800,1779727800,[3],"[""hagastaden stockholm""]",2026-05-26T06:50:30.247760+00:00
SE:25 maj,SE,25 maj,25 maj,200,400,1779696000,1779706200,[11],"[""25 maj""]",2026-05-26T06:50:30.247760+00:00
SE:varmebolja,SE,värmebölja,varmebolja,200,400,1779729000,1779733800,[20],"[""värmebölja""]",2026-05-26T06:50:30.247760+00:00
SE:tasmanien,SE,tasmanien,tasmanien,200,700,1779727800,1779732600,"[3, 10]","[""tasmanien""]",2026-05-26T06:50:30.247760+00:00
SE:silas andersen,SE,silas andersen,silas andersen,100,500,1779739200,1779743400,[17],"[""silas andersen""]",2026-05-26T06:50:30.247760+00:00
SE:insandare,SE,insändare,insandare,200,600,1779697200,1779703800,[11],"[""insändare""]",2026-05-26T06:50:30.247760+00:00
SE:storbritannien,SE,storbritannien,storbritannien,200,600,1779717000,1779729000,"[14, 10]","[""storbritannien""]",2026-05-26T06:50:30.247760+00:00
SE:djuragare,SE,djurägare,djuragare,100,700,1779729000,1779740400,[10],"[""djurägare""]",2026-05-26T06:50:30.247760+00:00
SE:stockholm marathon,SE,stockholm marathon,stockholm marathon,200,100,1779691800,1779706800,"[17, 4, 8]","[""stockholm marathon""]",2026-05-26T06:50:30.247760+00:00
SE:paderborn,SE,paderborn,paderborn,100,500,1779744600,1779747000,[17],"[""paderborn""]",2026-05-26T06:50:30.247760+00:00
SE:gaston tennis,SE,gaston tennis,gaston tennis,100,600,1779739800,1779741600,"[17, 4]","[""gaston tennis""]",2026-05-26T06:50:30.247760+00:00
SE:memorial day,SE,memorial day,memorial day,100,200,1779718800,1779748800,[11],"[""memorial day""]",2026-05-26T06:50:30.247760+00:00
SE:sivers semiconductors,SE,sivers semiconductors,sivers semiconductors,100,400,1779699000,1779705600,[3],"[""sivers semiconductors""]",2026-05-26T06:50:30.247760+00:00
SE:karlskrona,SE,karlskrona,karlskrona,100,600,1779730800,1779732000,[11],"[""karlskrona""]",2026-05-26T06:50:30.247760+00:00
SE:kinnevik,SE,kinnevik,kinnevik,100,600,1779697200,1779698400,[3],"[""kinnevik""]",2026-05-26T06:50:30.247760+00:00
SG:kim tae hee,SG,kim tae hee,kim tae hee,5000,1000,1779694800,,[4],"[""kim tae hee"", ""kim tae-hee""]",2026-05-26T06:51:19.514919+00:00
SG:sun xueling cross-border transport crackdown,SG,sun xueling cross-border transport crackdown,sun xueling cross-border transport crackdown,2000,1000,1779725400,,[10],"[""sun xueling cross-border transport crackdown""]",2026-05-26T06:51:19.514919+00:00
SG:hari raya haji,SG,hari raya haji,hari raya haji,1000,100,1779748800,,[19],"[""hari raya haji""]",2026-05-26T06:51:19.514919+00:00
SG:ferrari luce,SG,ferrari luce,ferrari luce,500,900,1779754200,,[1],"[""ferrari luce""]",2026-05-26T06:51:19.514919+00:00
SG:bankruptcy,SG,bankruptcy,bankruptcy,500,1000,1779766800,,"[3, 10]","[""bankruptcy""]",2026-05-26T06:51:19.514919+00:00
SG:hodlnaut,SG,hodlnaut,hodlnaut,100,1000,1779775800,,[3],"[""hodlnaut""]",2026-05-26T06:51:19.514919+00:00
SG:knicks,SG,knicks,knicks,2000,700,1779753000,1779777600,[17],"[""knicks"", ""cavaliers vs knicks"", ""knicks vs cavs"", ""games""]",2026-05-26T06:51:19.514919+00:00
SG:退休,SG,退休,退休,200,900,1779774000,,[3],"[""退休""]",2026-05-26T06:51:19.514919+00:00
SG:niat puasa arafah,SG,niat puasa arafah,niat puasa arafah,5000,1000,1779708600,1779753000,[8],"[""niat puasa arafah"", ""doa puasa arafah"", ""puasa arafah"", ""puasa arafah niat"", ""niat puasa hari arafah""]",2026-05-26T06:51:19.514919+00:00
SG:telok blangah,SG,telok blangah,telok blangah,1000,1000,1779702000,1779757200,[10],"[""telok blangah""]",2026-05-26T06:51:19.514919+00:00
SG:vijay,SG,vijay,vijay,200,400,1779771600,1779777000,"[14, 4]","[""vijay""]",2026-05-26T06:51:19.514919+00:00
SG:abraham accords,SG,abraham accords,abraham accords,200,400,1779744600,1779761400,[14],"[""abraham accords""]",2026-05-26T06:51:19.514919+00:00
SG:retail,SG,retail,retail,200,500,1779747600,1779755400,[16],"[""retail""]",2026-05-26T06:51:19.514919+00:00
SG:paderborn vs wolfsburg,SG,paderborn vs wolfsburg,paderborn vs wolfsburg,200,500,1779744600,1779756600,[17],"[""paderborn vs wolfsburg""]",2026-05-26T06:51:19.514919+00:00
SG:electronic road pricing,SG,electronic road pricing,electronic road pricing,1000,900,1779696600,1779709200,[11],"[""electronic road pricing"", ""road pricing""]",2026-05-26T06:51:19.514919+00:00
SG:is us market open today,SG,is us market open today,is us market open today,500,900,1779715200,1779726000,[3],"[""is us market open today"", ""us holiday today"", ""us market closed today"", ""nyse holidays 2026"", ""us market holidays""]",2026-05-26T06:51:19.514919+00:00
SG:pep guardiola,SG,pep guardiola,pep guardiola,100,200,1779744600,1779751200,[17],"[""pep guardiola""]",2026-05-26T06:51:19.514919+00:00
SG:muis,SG,muis,muis,200,100,1779742800,1779748800,[10],"[""muis""]",2026-05-26T06:51:19.514919+00:00
SG:road,SG,road,road,100,600,1779709200,1779715800,"[8, 13, 10]","[""road""]",2026-05-26T06:51:19.514919+00:00
SG:us stock market today,SG,us stock market today,us stock market today,100,900,1779718800,1779723000,[3],"[""us stock market today""]",2026-05-26T06:51:19.514919+00:00
SG:us holiday,SG,us holiday,us holiday,100,300,1779717600,1779721800,[11],"[""us holiday""]",2026-05-26T06:51:19.514919+00:00
SG:treasury bill,SG,treasury bill,treasury bill,200,300,1779709800,1779750600,[3],"[""treasury bill""]",2026-05-26T06:51:19.514919+00:00
TH:ธ ระ ศกด แกว อมต วงศ,TH,ธี ระ ศักดิ์ แก้ว อมต วงศ์,ธ ระ ศกด แกว อมต วงศ,5000,1000,1779717600,,[11],"[""ธี ระ ศักดิ์ แก้ว อมต วงศ์"", ""ธีระศักดิ์ แก้วอมตวงศ์"", ""รศ.นพ.ธีระศักดิ์ แก้วอมตวงศ์"", ""ธีระศักดิ์แก้วอมตวงศ์"", ""รศ.นพ. ธีระศักดิ์ แก้วอมตวงศ์""]",2026-05-26T06:52:00.297938+00:00
TH:รกหกหลงตอนท 16,TH,รักหักหลังตอนที่ 16,รกหกหลงตอนท 16,5000,600,1779720000,,[4],"[""รักหักหลังตอนที่ 16"", ""รัก หักหลัง ตอน ที่ 16"", ""รักหักหลัง"", ""รักหักหลัง ep 16""]",2026-05-26T06:52:00.297938+00:00
TH:ลาว,TH,ลาว,ลาว,5000,500,1779696000,,[11],"[""ลาว""]",2026-05-26T06:52:00.297938+00:00
TH:ณฐพงษ เรองปญญาวฒ,TH,ณัฐพงษ์ เรืองปัญญาวุฒิ,ณฐพงษ เรองปญญาวฒ,2000,400,1779712200,,[11],"[""ณัฐพงษ์ เรืองปัญญาวุฒิ""]",2026-05-26T06:52:00.297938+00:00
TH:หวยลาว25/5/69,TH,หวยลาว25/5/69,หวยลาว25/5/69,2000,500,1779715200,,[6],"[""หวยลาว25/5/69"", ""ตรวจหวยลาว25/5/69"", ""หวยลาว 25/5/69"", ""หวยพัฒนา"", ""หวยลาววันที่ 25""]",2026-05-26T06:52:00.297938+00:00
TH:นกบน,TH,นักบิน,นกบน,1000,200,1779714600,,[11],"[""นักบิน""]",2026-05-26T06:52:00.297938+00:00
TH:ชวนนท อนทรโกมาลยสต,TH,ชวนนท์ อินทรโกมาลย์สุต,ชวนนท อนทรโกมาลยสต,500,400,1779756600,,[10],"[""ชวนนท์ อินทรโกมาลย์สุต""]",2026-05-26T06:52:00.297938+00:00
TH:ferrari luce,TH,ferrari luce,ferrari luce,200,300,1779769800,,[1],"[""ferrari luce""]",2026-05-26T06:52:00.297938+00:00
TH:เงนเดอนขาราชการ,TH,เงินเดือนข้าราชการ,เงนเดอนขาราชการ,20000,1000,1779738600,1779759000,"[10, 9]","[""เงินเดือนข้าราชการ"", ""เงินเดือนข้าราชการ 2569"", ""เงินเดือน"", ""เงินเดือน ข้าราชการ 2569"", ""เงินเดือนพฤษภาคม 2569""]",2026-05-26T06:52:00.297938+00:00
TH:rick and morty season 9,TH,rick and morty season 9,rick and morty season 9,1000,200,1779705600,,[4],"[""rick and morty season 9""]",2026-05-26T06:52:00.297938+00:00
TH:วนท 2 มย 69 หยดไหม,TH,วันที่ 2 มิย 69 หยุดไหม,วนท 2 มย 69 หยดไหม,500,200,1779759000,,[11],"[""วันที่ 2 มิย 69 หยุดไหม""]",2026-05-26T06:52:00.297938+00:00
TH:ferrari,TH,ferrari,ferrari,200,600,1779774000,,[1],"[""ferrari""]",2026-05-26T06:52:00.297938+00:00
TH:เหมนตตะวนรอน,TH,เหมันต์ตะวันรอน,เหมนตตะวนรอน,500,200,1779718200,,[4],"[""เหมันต์ตะวันรอน""]",2026-05-26T06:52:00.297938+00:00
TH:หน,TH,หุ้น,หน,2000,300,1779712800,1779759600,[3],"[""หุ้น""]",2026-05-26T06:52:00.297938+00:00
TH:cavaliers vs knicks,TH,cavaliers vs knicks,cavaliers vs knicks,500,300,1779758400,1779766800,[17],"[""cavaliers vs knicks"", ""knicks""]",2026-05-26T06:52:00.297938+00:00
TH:ชอง3,TH,ช่อง3,ชอง3,5000,100,1779715800,1779751200,[4],"[""ช่อง3"", ""ช่อง 3""]",2026-05-26T06:52:00.297938+00:00
TH:ฟตบอลทมชาตสเปน,TH,ฟุตบอลทีมชาติสเปน,ฟตบอลทมชาตสเปน,500,300,1779717000,1779760800,[17],"[""ฟุตบอลทีมชาติสเปน""]",2026-05-26T06:52:00.297938+00:00
TH:realme c100x,TH,realme c100x,realme c100x,2000,1000,1779708000,1779720600,[18],"[""realme c100x""]",2026-05-26T06:52:00.297938+00:00
TH:ราศ,TH,ราศี,ราศ,500,300,1779745800,1779755400,[11],"[""ราศี""]",2026-05-26T06:52:00.297938+00:00
TH:รฐสภา,TH,รัฐสภา,รฐสภา,200,200,1779746400,1779760200,[11],"[""รัฐสภา""]",2026-05-26T06:52:00.297938+00:00
TH:โวลฟสบวรก,TH,โวล์ฟสบวร์ก,โวลฟสบวรก,500,500,1779735000,1779746400,[17],"[""โวล์ฟสบวร์ก"", ""พาเดอร์บอร์น""]",2026-05-26T06:52:00.297938+00:00
TH:อนทามระ 36,TH,อินทามระ 36,อนทามระ 36,2000,500,1779694800,1779712800,[11],"[""อินทามระ 36"", ""ไฟไหม้ตอนนี้"", ""ไฟไหม้"", ""อินทามระ""]",2026-05-26T06:52:00.297938+00:00
TH:สหพนธตะกรอนานาชาต,TH,สหพันธ์ตะกร้อนานาชาติ,สหพนธตะกรอนานาชาต,500,100,1779720000,1779761400,[17],"[""สหพันธ์ตะกร้อนานาชาติ"", ""สมาคมกีฬาตะกร้อแห่งประเทศไทย""]",2026-05-26T06:52:00.297938+00:00
TH:ชอง 3 ออนไลน,TH,ช่อง 3 ออนไลน์,ชอง 3 ออนไลน,2000,100,1779715800,1779723000,[4],"[""ช่อง 3 ออนไลน์"", ""ช่อง3 ออนไลน์""]",2026-05-26T06:52:00.297938+00:00
TH:covid-19,TH,covid-19,covid-19,500,200,1779693600,1779752400,"[7, 10]","[""covid-19""]",2026-05-26T06:52:00.297938+00:00
TH:อรสยา เสปอรบนด,TH,อุรัสยา เสปอร์บันด์,อรสยา เสปอรบนด,1000,600,1779697800,1779709200,[4],"[""อุรัสยา เสปอร์บันด์""]",2026-05-26T06:52:00.297938+00:00
TH:airline,TH,airline,airline,500,200,1779696600,1779718800,"[3, 19]","[""airline""]",2026-05-26T06:52:00.297938+00:00
TH:กรมบญชกลาง,TH,กรมบัญชีกลาง,กรมบญชกลาง,200,300,1779744600,1779751800,[11],"[""กรมบัญชีกลาง""]",2026-05-26T06:52:00.297938+00:00
TH:การวางงาน,TH,การว่างงาน,การวางงาน,200,200,1779707400,1779758400,[11],"[""การว่างงาน""]",2026-05-26T06:52:00.297938+00:00
TH:roland garros,TH,roland garros,roland garros,200,100,1779706800,1779723600,"[17, 4]","[""roland garros""]",2026-05-26T06:52:00.297938+00:00
TH:หมำ จกมก,TH,หม่ำ จ๊กมก,หมำ จกมก,200,200,1779715200,1779753000,[4],"[""หม่ำ จ๊กมก""]",2026-05-26T06:52:00.297938+00:00
TH:ราคานำมนพรงน,TH,ราคาน้ำมันพรุ่งนี้,ราคานำมนพรงน,200,400,1779718200,1779721800,[3],"[""ราคาน้ำมันพรุ่งนี้""]",2026-05-26T06:52:00.297938+00:00
TH:ไทย ชวย ไทย พลส เตม เงน เทา ไหร,TH,ไทย ช่วย ไทย พลัส เติม เงิน เท่า ไหร่,ไทย ชวย ไทย พลส เตม เงน เทา ไหร,200,200,1779697200,1779702600,[11],"[""ไทย ช่วย ไทย พลัส เติม เงิน เท่า ไหร่"", ""เงิน""]",2026-05-26T06:52:00.297938+00:00
TH:ch3,TH,ch3,ch3,200,75,1779716400,1779720600,[4],"[""ch3""]",2026-05-26T06:52:00.297938+00:00
TH:ทเดด 4 ค วนน สยาม สปอรต,TH,ทีเด็ด 4 คู่ วันนี้ สยาม สปอร์ต,ทเดด 4 ค วนน สยาม สปอรต,100,200,1779712200,1779715800,[17],"[""ทีเด็ด 4 คู่ วันนี้ สยาม สปอร์ต""]",2026-05-26T06:52:00.297938+00:00
TH:netflix,TH,netflix,netflix,200,50,1779742800,1779744000,[4],"[""netflix""]",2026-05-26T06:52:00.297938+00:00
TR:bulent tezcan,TR,bülent tezcan,bulent tezcan,20000,1000,1779729000,,[14],"[""bülent tezcan""]",2026-05-26T06:52:43.997384+00:00
TR:tekstil,TR,tekstil,tekstil,20000,1000,1779717000,,[3],"[""tekstil""]",2026-05-26T06:52:43.997384+00:00
TR:togg,TR,togg,togg,20000,500,1779712800,,[16],"[""togg""]",2026-05-26T06:52:43.997384+00:00
TR:serenay sarıkaya,TR,serenay sarıkaya,serenay sarıkaya,20000,800,1779695400,,[11],"[""serenay sarıkaya""]",2026-05-26T06:52:43.997384+00:00
TR:anayasa mahkemesi,TR,anayasa mahkemesi,anayasa mahkemesi,50000,1000,1779700200,,[10],"[""anayasa mahkemesi""]",2026-05-26T06:52:43.997384+00:00
TR:anket,TR,anket,anket,20000,1000,1779715200,,[14],"[""anket""]",2026-05-26T06:52:43.997384+00:00
TR:ibrahim anlasması nedir,TR,ibrahim anlaşması nedir,ibrahim anlasması nedir,10000,1000,1779712200,,[11],"[""ibrahim anlaşması nedir"", ""ibrahim anlaşmaları"", ""ibrahim anlaşmalari ve türkiye""]",2026-05-26T06:52:43.997384+00:00
TR:elektrik tuketimi,TR,elektrik tüketimi,elektrik tuketimi,5000,1000,1779739200,,[3],"[""elektrik tüketimi""]",2026-05-26T06:52:43.997384+00:00
TR:batuhan ahmet sen,TR,batuhan ahmet şen,batuhan ahmet sen,20000,1000,1779715200,,[17],"[""batuhan ahmet şen"", ""fatih karagümrük sk"", ""batuhan şen""]",2026-05-26T06:52:43.997384+00:00
TR:bayram namazı kacta istanbul,TR,bayram namazı kaçta istanbul,bayram namazı kacta istanbul,20000,300,1779703200,,[8],"[""bayram namazı kaçta istanbul"", ""ankara bayram namazı saati"", ""bayram namazı kaçta ankara"", ""istanbul bayram namazı saat kaçta"", ""2026 kurban bayramı namazı saat kaçta"", ""izmir bayram namazı saat kaçta"", ""bayram namazı ne zaman"", ""kurban bayramı namazı"", ""kurban bayramı namazı kaçta"", ""bayram namazı kaçta izmir"", ""bayram namazı saati"", ""bursa bayram namazı kaçta"", ""ezan vakti"", ""bayram namazi saat kacta"", ""bayram namazi"", ""bayram"", ""bayram ne zaman"", ""istanbul"", ""ezan saatleri"", ""bayram namazı kaçta 2026"", ""sabah namazı kaçta"", ""izmir namaz vakti"", ""sabah namazı vakti"", ""konya namaz"", ""sabah namazı saat kaçta"", ""konya namaz vakitleri"", ""bursa namaz vakitleri"", ""namaz saatleri"", ""kocaeli namaz vakitleri"", ""bursa namaz"", ""namaz vakitleri konya"", ""izmir namaz"", ""konya namaz vakti"", ""şanlıurfa"", ""diyanet"", ""diyanet kurban""]",2026-05-26T06:52:43.997384+00:00
TR:indirim,TR,indirim,indirim,10000,1000,1779708600,,"[3, 1]","[""indirim""]",2026-05-26T06:52:43.997384+00:00
TR:razvan lucescu,TR,răzvan lucescu,razvan lucescu,10000,1000,1779694800,,[17],"[""răzvan lucescu""]",2026-05-26T06:52:43.997384+00:00
TR:acun ilıcalı,TR,acun ilıcalı,acun ilıcalı,5000,800,1779737400,,[17],"[""acun ilıcalı""]",2026-05-26T06:52:43.997384+00:00
TR:arefe gunu eczaneler acık mı,TR,arefe günü eczaneler açık mı,arefe gunu eczaneler acık mı,5000,300,1779717000,,[8],"[""arefe günü eczaneler açık mı"", ""arefe günü kargo açık mı"", ""arefe"", ""sağlık ocakları bugün açık mı"", ""bugün eczaneler açık mı"", ""ptt bugün açık mı"", ""26 mayıs"", ""kargolar bugün açık mı"", ""arefe günü sağlık ocağı açık mı"", ""26 mayıs eczaneler açık mı"", ""arife günü"", ""bankalar arefe günü açık mı"", ""arefe günü noter açık mı"", ""noterler bugün açık mı"", ""bankalar açık mı bugün"", ""hutbe"", ""eczaneler açık mı"", ""bankalar açıkmı"", ""bugün ptt açık mı"", ""bugün kargolar açık mı"", ""25 mayıs 2026 bankalar açık mı"", ""saglik ocagi pazartesi acikmi""]",2026-05-26T06:52:43.997384+00:00
TR:nuno espirito santo,TR,nuno espirito santo,nuno espirito santo,5000,1000,1779739800,,[17],"[""nuno espirito santo"", ""filipe luis""]",2026-05-26T06:52:43.997384+00:00
TR:ferrari luce,TR,ferrari luce,ferrari luce,2000,600,1779745200,,[1],"[""ferrari luce""]",2026-05-26T06:52:43.997384+00:00
TR:nicolo zaniolo,TR,nicolò zaniolo,nicolo zaniolo,5000,1000,1779721800,,[17],"[""nicolò zaniolo"", ""zaniolo""]",2026-05-26T06:52:43.997384+00:00
TR:wolfsburg,TR,wolfsburg,wolfsburg,5000,600,1779733800,,[17],"[""wolfsburg"", ""sc paderborn – wolfsburg"", ""paderborn wolfsburg"", ""paderborn""]",2026-05-26T06:52:43.997384+00:00
TR:silivri,TR,silivri,silivri,1000,1000,1779773400,,[14],"[""silivri""]",2026-05-26T06:52:43.997384+00:00
TR:vakıfbank spor kulubu,TR,vakıfbank spor kulübü,vakıfbank spor kulubu,2000,700,1779735000,,[17],"[""vakıfbank spor kulübü"", ""sultanlar ligi""]",2026-05-26T06:52:43.997384+00:00
TR:ibrahim hatipoglu,TR,ibrahim hatipoğlu,ibrahim hatipoglu,2000,800,1779705000,,[17],"[""ibrahim hatipoğlu""]",2026-05-26T06:52:43.997384+00:00
TR:uzak sehir yeni bolum ne zaman,TR,uzak şehir yeni bölüm ne zaman,uzak sehir yeni bolum ne zaman,20000,900,1779722400,,[4],"[""uzak şehir yeni bölüm ne zaman"", ""uzak şehir 63 bölüm"", ""uzak şehir"", ""uzak şehir sezon finali ne zaman"", ""uzak şehir bu akşam var mı"", ""bugün uzak şehir var mı"", ""bu akşam uzak şehir var mı"", ""uzak şehir yeni bölüm"", ""uzak şehir bugün var mı"", ""uzak şehir fragman"", ""25 mayıs uzak şehir var mı"", ""uzak şehir yeni bölüm var mı"", ""uzak sehir""]",2026-05-26T06:52:43.997384+00:00
TR:dolandırıcılık,TR,dolandırıcılık,dolandırıcılık,2000,400,1779737400,,[11],"[""dolandırıcılık""]",2026-05-26T06:52:43.997384+00:00
TR:osmaniye,TR,osmaniye,osmaniye,2000,700,1779736200,,[20],"[""osmaniye"", ""afad deprem"", ""osmaniye deprem""]",2026-05-26T06:52:43.997384+00:00
TR:cavaliers - knicks,TR,cavaliers - knicks,cavaliers - knicks,2000,1000,1779754800,,[17],"[""cavaliers - knicks"", ""new york knicks""]",2026-05-26T06:52:43.997384+00:00
TR:kaplumbaga,TR,kaplumbağa,kaplumbaga,2000,400,1779726600,,[11],"[""kaplumbağa""]",2026-05-26T06:52:43.997384+00:00
TR:giris-cıkıs sistemi,TR,giriş-çıkış sistemi,giris-cıkıs sistemi,5000,900,1779767400,,[10],"[""giriş-çıkış sistemi"", ""giriş/çıkış sistemi""]",2026-05-26T06:52:43.997384+00:00
TR:borsa bugun acık mı,TR,borsa bugün açık mı,borsa bugun acık mı,1000,600,1779768000,,[3],"[""borsa bugün açık mı"", ""bugün borsa açık mı"", ""26 mayıs borsa açık mı"", ""arefe günü borsa açık mı"", ""yarın borsa açık mı""]",2026-05-26T06:52:43.997384+00:00
TR:bim 25 mayıs 2026 katalogu,TR,bim 25 mayıs 2026 kataloğu,bim 25 mayıs 2026 katalogu,2000,300,1779700800,,[11],"[""bim 25 mayıs 2026 kataloğu"", ""25 mayıs bim kataloğu 2026""]",2026-05-26T06:52:43.997384+00:00
TR:rahmi koc,TR,rahmi koç,rahmi koc,2000,500,1779737400,,[11],"[""rahmi koç"", ""koç"", ""kerim rahmi koç""]",2026-05-26T06:52:43.997384+00:00
TR:tokat,TR,tokat,tokat,2000,400,1779739200,,[11],"[""tokat""]",2026-05-26T06:52:43.997384+00:00
TR:alvaro arbeloa,TR,álvaro arbeloa,alvaro arbeloa,2000,300,1779702600,,[17],"[""álvaro arbeloa""]",2026-05-26T06:52:43.997384+00:00
TR:mustafa gunay,TR,mustafa günay,mustafa gunay,500,800,1779772800,,[10],"[""mustafa günay"", ""güzelbahçe belediyesi""]",2026-05-26T06:52:43.997384+00:00
TR:iran,TR,iran,iran,500,400,1779773400,,[14],"[""iran"", ""fox tv""]",2026-05-26T06:52:43.997384+00:00
TR:sabah ezanı,TR,sabah ezanı,sabah ezanı,20000,200,1779744000,1779766200,[8],"[""sabah ezanı"", ""arife"", ""imsak"", ""imsak vakti"", ""sabah namazı"", ""arife günü oruç tutulur mu"", ""arefe orucu niyeti nasıl yapılır"", ""arefe günü oruç tutmanın sevabı"", ""istanbul imsak vakti"", ""izmir imsak"", ""istanbul için imsak vakti"", ""arefe günü oruç tutulur mu"", ""imsak vakti istanbul"", ""arefe günü oruç tutmak için nasıl niyet edilir"", ""sabah namazı istanbul"", ""imsak kaçta"", ""arefe günü oruca nasıl niyet edilir"", ""arefe günü oruç niyeti nasıl edilir"", ""imsak saati"", ""arefe günü orucu niyeti""]",2026-05-26T06:52:43.997384+00:00
TR:vize,TR,vize,vize,500,1000,1779774600,,[10],"[""vize""]",2026-05-26T06:52:43.997384+00:00
TR:tesrik tekbirleri,TR,tesrik tekbirleri,tesrik tekbirleri,2000,200,1779738000,,[8],"[""tesrik tekbirleri"", ""teşrik tekbirleri"", ""kurban bayramı tekbirleri ne zaman başlıyor"", ""teşrik tekbiri ne zaman getirilir"", ""tesrik tekbiri ne zaman baslar"", ""teşrik tekbiri ne zaman başlar"", ""kurban tekbiri"", ""kurban tekbirleri ne zaman getirilir"", ""kurban tekbiri ne zaman başlar"", ""teşrik tekbirleri ne zaman başlıyor""]",2026-05-26T06:52:43.997384+00:00
TR:elazıg deprem,TR,elazığ deprem,elazıg deprem,1000,1000,1779766800,,[20],"[""elazığ deprem"", ""elazığ son dakika deprem"", ""elazığ deprem son dakika""]",2026-05-26T06:52:43.997384+00:00
TR:adem yesilyurt,TR,adem yeşilyurt,adem yesilyurt,2000,300,1779713400,,[17],"[""adem yeşilyurt"", ""alaettin ekici""]",2026-05-26T06:52:43.997384+00:00
TR:12 yargı paketi ne zaman cıkacak,TR,12 yargı paketi ne zaman çıkacak,12 yargı paketi ne zaman cıkacak,5000,500,1779768000,,"[10, 14]","[""12 yargı paketi ne zaman çıkacak"", ""12. yargı paketi""]",2026-05-26T06:52:43.997384+00:00
TR:arefe gunu mesajları,TR,arefe günü mesajları,arefe gunu mesajları,200,600,1779772200,,[8],"[""arefe günü mesajları""]",2026-05-26T06:52:43.997384+00:00
TR:5g,TR,5g,5g,1000,300,1779720600,,[11],"[""5g""]",2026-05-26T06:52:43.997384+00:00
TR:kurban bayramı mesajları,TR,kurban bayramı mesajları,kurban bayramı mesajları,200,400,1779770400,,[8],"[""kurban bayramı mesajları""]",2026-05-26T06:52:43.997384+00:00
TR:hakan safi kimdir,TR,hakan safi kimdir,hakan safi kimdir,5000,600,1779736200,,[17],"[""hakan safi kimdir"", ""hakan safi"", ""hakan safi nereli"", ""maldini"", ""hakan safi serveti""]",2026-05-26T06:52:43.997384+00:00
TR:duru nayman,TR,duru nayman,duru nayman,500,200,1779726600,,"[17, 4]","[""duru nayman""]",2026-05-26T06:52:43.997384+00:00
TR:son depremler,TR,son depremler,son depremler,5000,1000,1779766800,1779771600,[20],"[""son depremler"", ""kandilli rasathanesi"", ""kandilli"", ""son deprem"", ""en son deprem""]",2026-05-26T06:52:43.997384+00:00
TR:ispanya dunya kupası kadrosu,TR,ispanya dünya kupası kadrosu,ispanya dunya kupası kadrosu,1000,200,1779721800,,[17],"[""ispanya dünya kupası kadrosu"", ""ispanya millî futbol takımı""]",2026-05-26T06:52:43.997384+00:00
TR:saadet gurses,TR,saadet gürses,saadet gurses,500,200,1779720000,,[4],"[""saadet gürses""]",2026-05-26T06:52:43.997384+00:00
TR:kucukler barajı,TR,küçükler barajı,kucukler barajı,100,500,1779775200,,[11],"[""küçükler barajı""]",2026-05-26T06:52:43.997384+00:00
TR:pavlovic,TR,pavlovic,pavlovic,1000,100,1779703200,,[17],"[""pavlovic""]",2026-05-26T06:52:43.997384+00:00
TR:bitcoin,TR,bitcoin,bitcoin,200,100,1779764400,,[3],"[""bitcoin""]",2026-05-26T06:52:43.997384+00:00
TR:kurban bagısı,TR,kurban bağışı,kurban bagısı,200,100,1779775800,,[8],"[""kurban bağışı"", ""kurban vekaleti nasıl verilir"", ""kızılay bağış""]",2026-05-26T06:52:43.997384+00:00
TR:sibel kekilli kimdir,TR,sibel kekilli kimdir,sibel kekilli kimdir,500,100,1779704400,,[4],"[""sibel kekilli kimdir""]",2026-05-26T06:52:43.997384+00:00
TR:cem kucuk,TR,cem küçük,cem kucuk,500,200,1779739800,,[14],"[""cem küçük""]",2026-05-26T06:52:43.997384+00:00
TR:salih ozcan,TR,salih özcan,salih ozcan,200,100,1779742200,,[17],"[""salih özcan""]",2026-05-26T06:52:43.997384+00:00
TR:baglantı yolu,TR,bağlantı yolu,baglantı yolu,500,100,1779695400,,[11],"[""bağlantı yolu""]",2026-05-26T06:52:43.997384+00:00
TR:et,TR,et,et,100,100,1779771000,,[4],"[""et""]",2026-05-26T06:52:43.997384+00:00
TR:son dakika deprem,TR,son dakika deprem,son dakika deprem,2000,1000,1779767400,1779771000,[20],"[""son dakika deprem""]",2026-05-26T06:52:43.997384+00:00
TR:دعاء يوم عرفة,TR,دعاء يوم عرفة,دعاء يوم عرفة,200,100,1779756000,,[11],"[""دعاء يوم عرفة""]",2026-05-26T06:52:43.997384+00:00
TR:toral bayramov,TR,toral bayramov,toral bayramov,2000,800,1779714600,1779749400,[17],"[""toral bayramov"", ""bursa hakimiyet""]",2026-05-26T06:52:43.997384+00:00
TR:icisleri bakanlıgı radar,TR,içişleri bakanlığı radar,icisleri bakanlıgı radar,200,200,1779771000,,[11],"[""içişleri bakanlığı radar"", ""radar uygulaması""]",2026-05-26T06:52:43.997384+00:00
TR:kurban bayramı kac gun,TR,kurban bayramı kaç gün,kurban bayramı kac gun,100,75,1779776400,,[8],"[""kurban bayramı kaç gün"", ""bayram kaç gün""]",2026-05-26T06:52:43.997384+00:00
TR:jean onana,TR,jean onana,jean onana,2000,300,1779693000,1779773400,[17],"[""jean onana""]",2026-05-26T06:52:43.997384+00:00
TR:25 mayıs 2026 sayısal loto sonucları,TR,25 mayıs 2026 sayısal loto sonuçları,25 mayıs 2026 sayısal loto sonucları,500,100,1779770400,,[6],"[""25 mayıs 2026 sayısal loto sonuçları"", ""sayısal loto sonuçları"", ""çılgın sayısal"", ""çılgın sayısal loto""]",2026-05-26T06:52:43.997384+00:00
TR:alanya,TR,alanya,alanya,500,100,1779777000,,"[20, 8]","[""alanya"", ""van hava durumu""]",2026-05-26T06:52:43.997384+00:00
TR:izmir cumhuriyet meydanı,TR,izmir cumhuriyet meydanı,izmir cumhuriyet meydanı,200,100,1779736200,,[14],"[""izmir cumhuriyet meydanı""]",2026-05-26T06:52:43.997384+00:00
TR:lebron james,TR,lebron james,lebron james,200,100,1779724200,,[17],"[""lebron james""]",2026-05-26T06:52:43.997384+00:00
TR:meyve,TR,meyve,meyve,500,200,1779727200,1779774600,[3],"[""meyve""]",2026-05-26T06:52:43.997384+00:00
TR:mateta,TR,mateta,mateta,1000,200,1779730800,1779777600,[17],"[""mateta""]",2026-05-26T06:52:43.997384+00:00
TR:zeynep sonmez,TR,zeynep sönmez,zeynep sonmez,5000,700,1779697800,1779729000,[17],"[""zeynep sönmez"", ""kasatkina"", ""daria kasatkina""]",2026-05-26T06:52:43.997384+00:00
TR:obsession,TR,obsession,obsession,2000,100,1779745800,1779763200,[4],"[""obsession"", ""obsession 2026"", ""obsession film""]",2026-05-26T06:52:43.997384+00:00
TR:bulent kusoglu,TR,bülent kuşoğlu,bulent kusoglu,500,300,1779737400,,[14],"[""bülent kuşoğlu"", ""iktidar""]",2026-05-26T06:52:43.997384+00:00
TR:omer celik,TR,ömer çelik,omer celik,2000,400,1779708000,1779742200,[14],"[""ömer çelik""]",2026-05-26T06:52:43.997384+00:00
TR:mohamed salah,TR,mohamed salah,mohamed salah,2000,200,1779696000,1779745800,[17],"[""mohamed salah"", ""muhammed salah"", ""salah fenerbahçe""]",2026-05-26T06:52:43.997384+00:00
TR:calvin bassey,TR,calvin bassey,calvin bassey,2000,400,1779720000,1779754200,[17],"[""calvin bassey""]",2026-05-26T06:52:43.997384+00:00
TR:adil demirbag,TR,adil demirbağ,adil demirbag,1000,300,1779730200,1779776400,[17],"[""adil demirbağ""]",2026-05-26T06:52:43.997384+00:00
TR:aziz yıldırım,TR,aziz yıldırım,aziz yıldırım,5000,300,1779730800,1779738000,[17],"[""aziz yıldırım"", ""aziz yıldırım kaç yaşında"", ""feridun geçgel""]",2026-05-26T06:52:43.997384+00:00
TR:yargıtay,TR,yargıtay,yargıtay,500,400,1779729600,1779772800,"[10, 3]","[""yargıtay""]",2026-05-26T06:52:43.997384+00:00
TR:kanye west istanbul,TR,kanye west istanbul,kanye west istanbul,2000,100,1779723600,1779758400,[4],"[""kanye west istanbul"", ""kanye west konser""]",2026-05-26T06:52:43.997384+00:00
TR:prestij meselesi oyuncuları,TR,prestij meselesi oyuncuları,prestij meselesi oyuncuları,2000,1000,1779730800,1779741000,[4],"[""prestij meselesi oyuncuları"", ""hilmi topaloğlu eşi"", ""hilmi topaloğlu jale"", ""hilmi topaloğlu neden öldü""]",2026-05-26T06:52:43.997384+00:00
TR:rize hava durumu,TR,rize hava durumu,rize hava durumu,500,75,1779759000,1779776400,[20],"[""rize hava durumu""]",2026-05-26T06:52:43.997384+00:00
TR:موعد اذان الفجر,TR,موعد اذان الفجر,موعد اذان الفجر,500,300,1779750000,1779763200,[11],"[""موعد اذان الفجر"", ""موعد اذان المغرب""]",2026-05-26T06:52:43.997384+00:00
TR:bild,TR,bild,bild,100,100,1779772200,1779777600,[11],"[""bild""]",2026-05-26T06:52:43.997384+00:00
TR:zion suzuki,TR,zion suzuki,zion suzuki,1000,300,1779723600,1779747000,[17],"[""zion suzuki""]",2026-05-26T06:52:43.997384+00:00
TR:ezan,TR,ezan,ezan,1000,100,1779755400,1779763800,[11],"[""ezan"", ""ezan vakitleri""]",2026-05-26T06:52:43.997384+00:00
TR:faiz,TR,faiz,faiz,2000,1000,1779721800,1779730800,[3],"[""faiz""]",2026-05-26T06:52:43.997384+00:00
TR:kim elendi,TR,kim elendi,kim elendi,2000,300,1779694200,1779729600,[4],"[""kim elendi"", ""survivor beyza kaç yaşında"", ""sercan"", ""beyza gemici kaç yaşında"", ""survivor beyza kimdir"", ""survivor sercan""]",2026-05-26T06:52:43.997384+00:00
TR:igor thiago,TR,igor thiago,igor thiago,1000,1000,1779733800,1779751200,[17],"[""igor thiago"", ""ıgor thiago""]",2026-05-26T06:52:43.997384+00:00
TR:atv yayın akısı,TR,atv yayın akışı,atv yayın akısı,500,200,1779773400,1779776400,[4],"[""atv yayın akışı"", ""tv yayın akışı"", ""yayın akışı""]",2026-05-26T06:52:43.997384+00:00
TR:paderborn fc,TR,paderborn fc,paderborn fc,500,200,1779735000,1779775800,[17],"[""paderborn fc""]",2026-05-26T06:52:43.997384+00:00
TR:playstation 3,TR,playstation 3,playstation 3,1000,100,1779709800,1779775800,"[6, 18]","[""playstation 3""]",2026-05-26T06:52:43.997384+00:00
TR:chp-ayvalık ilce baskanlıgı,TR,chp-ayvalık ilçe başkanlığı,chp-ayvalık ilce baskanlıgı,1000,400,1779693000,1779738600,[14],"[""chp-ayvalık ilçe başkanlığı"", ""internet haber""]",2026-05-26T06:52:43.997384+00:00
TR:bursa imsak,TR,bursa imsak,bursa imsak,200,100,1779751800,1779764400,[11],"[""bursa imsak""]",2026-05-26T06:52:43.997384+00:00
TR:adile nasit neden oldu,TR,adile naşit neden öldü,adile nasit neden oldu,500,200,1779736800,1779750000,[4],"[""adile naşit neden öldü""]",2026-05-26T06:52:43.997384+00:00
TR:francesco farioli,TR,francesco farioli,francesco farioli,1000,200,1779725400,1779739800,[17],"[""francesco farioli"", ""farioli""]",2026-05-26T06:52:43.997384+00:00
TR:kanye west,TR,kanye west,kanye west,1000,75,1779725400,1779750000,[4],"[""kanye west""]",2026-05-26T06:52:43.997384+00:00
TR:alfa romeo giulietta,TR,alfa romeo giulietta,alfa romeo giulietta,500,200,1779725400,1779747600,[1],"[""alfa romeo giulietta""]",2026-05-26T06:52:43.997384+00:00
TR:pulisic,TR,pulisic,pulisic,500,300,1779745800,1779754800,[17],"[""pulisic""]",2026-05-26T06:52:43.997384+00:00
TR:rick and morty,TR,rick and morty,rick and morty,500,100,1779733200,1779757800,[4],"[""rick and morty""]",2026-05-26T06:52:43.997384+00:00
TR:christ inao oulai,TR,christ inao oulaï,christ inao oulai,1000,1000,1779705000,1779715200,[17],"[""christ inao oulaï""]",2026-05-26T06:52:43.997384+00:00
TR:burak yoruk,TR,burak yörük,burak yoruk,500,200,1779743400,1779751800,[4],"[""burak yörük""]",2026-05-26T06:52:43.997384+00:00
TR:joseph opoku,TR,joseph opoku,joseph opoku,500,400,1779727200,1779737400,[17],"[""joseph opoku""]",2026-05-26T06:52:43.997384+00:00
TR:ndour,TR,ndour,ndour,1000,300,1779701400,1779718800,[4],"[""ndour""]",2026-05-26T06:52:43.997384+00:00
TR:bruno genesio,TR,bruno genesio,bruno genesio,500,200,1779732600,1779742200,[17],"[""bruno genesio""]",2026-05-26T06:52:43.997384+00:00
TR:lamborghini,TR,lamborghini,lamborghini,500,200,1779735000,1779742800,[1],"[""lamborghini""]",2026-05-26T06:52:43.997384+00:00
TR:esenyurt,TR,esenyurt,esenyurt,200,200,1779733200,1779743400,[11],"[""esenyurt""]",2026-05-26T06:52:43.997384+00:00
TR:sercan yıldırım kac yasında,TR,sercan yıldırım kaç yaşında,sercan yıldırım kac yasında,500,400,1779732000,1779739800,[4],"[""sercan yıldırım kaç yaşında""]",2026-05-26T06:52:43.997384+00:00
TR:terviye namazı nasıl kılınır,TR,terviye namazı nasıl kılınır,terviye namazı nasıl kılınır,500,200,1779705000,1779719400,[8],"[""terviye namazı nasıl kılınır""]",2026-05-26T06:52:43.997384+00:00
TR:diken,TR,diken,diken,100,75,1779774600,1779775800,[1],"[""diken""]",2026-05-26T06:52:43.997384+00:00
TR:dunya kupası macları,TR,dünya kupası maçları,dunya kupası macları,500,100,1779736800,1779775800,[17],"[""dünya kupası maçları"", ""türkiye dünya kupası maçları"", ""türkiye maçı ne zaman""]",2026-05-26T06:52:43.997384+00:00
TR:hoffenheim,TR,hoffenheim,hoffenheim,200,200,1779734400,1779743400,[17],"[""hoffenheim""]",2026-05-26T06:52:43.997384+00:00
TR:moskova'nın sifresi temel,TR,moskova'nın şifresi temel,moskova'nın sifresi temel,200,300,1779733800,1779749400,[4],"[""moskova'nın şifresi temel""]",2026-05-26T06:52:43.997384+00:00
TR:emlak vergisi odeme,TR,emlak vergisi ödeme,emlak vergisi odeme,1000,100,1779692400,1779705600,[11],"[""emlak vergisi ödeme""]",2026-05-26T06:52:43.997384+00:00
TR:tanju kaya,TR,tanju kaya,tanju kaya,500,500,1779734400,1779738600,[11],"[""tanju kaya"", ""aziz yıldırım serveti""]",2026-05-26T06:52:43.997384+00:00
TR:bassey,TR,bassey,bassey,200,300,1779720600,1779728400,[17],"[""bassey""]",2026-05-26T06:52:43.997384+00:00
TR:conceicao,TR,conceiçao,conceicao,100,300,1779752400,1779756600,[17],"[""conceiçao""]",2026-05-26T06:52:43.997384+00:00
TR:kızılay,TR,kızılay,kızılay,1000,75,1779696600,1779706800,[8],"[""kızılay""]",2026-05-26T06:52:43.997384+00:00
TR:star tv yayın akısı,TR,star tv yayın akışı,star tv yayın akısı,500,75,1779726600,1779731400,[4],"[""star tv yayın akışı"", ""show tv yayın akışı"", ""star yayın akışı"", ""show yayın akışı""]",2026-05-26T06:52:43.997384+00:00
TR:agustin rossi,TR,agustin rossi,agustin rossi,200,300,1779717600,1779724200,[11],"[""agustin rossi""]",2026-05-26T06:52:43.997384+00:00
TR:esenyurt belediyesi,TR,esenyurt belediyesi,esenyurt belediyesi,500,200,1779694200,1779711600,[8],"[""esenyurt belediyesi""]",2026-05-26T06:52:43.997384+00:00
TR:monfils,TR,monfils,monfils,200,100,1779739800,1779748800,[17],"[""monfils""]",2026-05-26T06:52:43.997384+00:00
TR:kolo muani,TR,kolo muani,kolo muani,100,100,1779736200,1779777600,[17],"[""kolo muani""]",2026-05-26T06:52:43.997384+00:00
TR:kayseri imsak,TR,kayseri imsak,kayseri imsak,100,100,1779754200,1779758400,[11],"[""kayseri imsak""]",2026-05-26T06:52:43.997384+00:00
TR:yellowstone,TR,yellowstone,yellowstone,200,300,1779737400,1779741600,[4],"[""yellowstone""]",2026-05-26T06:52:43.997384+00:00
TR:bender abbas,TR,bender abbas,bender abbas,200,500,1779742800,1779745800,[11],"[""bender abbas""]",2026-05-26T06:52:43.997384+00:00
TR:ilayda alisan,TR,ilayda alişan,ilayda alisan,200,100,1779724800,1779731400,[4],"[""ilayda alişan""]",2026-05-26T06:52:43.997384+00:00
TR:molde,TR,molde,molde,200,200,1779726000,1779732000,[17],"[""molde""]",2026-05-26T06:52:43.997384+00:00
TR:the boroughs,TR,the boroughs,the boroughs,200,100,1779736800,1779748200,[4],"[""the boroughs""]",2026-05-26T06:52:43.997384+00:00
TR:hava durumu van,TR,hava durumu van,hava durumu van,200,100,1779758400,1779761400,[20],"[""hava durumu van"", ""safranbolu hava durumu""]",2026-05-26T06:52:43.997384+00:00
TR:zuhal topal,TR,zuhal topal,zuhal topal,100,200,1779746400,1779750600,[4],"[""zuhal topal""]",2026-05-26T06:52:43.997384+00:00
TR:baklava,TR,baklava,baklava,200,100,1779711600,1779731400,[5],"[""baklava""]",2026-05-26T06:52:43.997384+00:00
TR:iptv,TR,iptv,iptv,200,600,1779723600,1779727800,[4],"[""iptv""]",2026-05-26T06:52:43.997384+00:00
TR:nagihan karadere,TR,nagihan karadere,nagihan karadere,200,300,1779736800,1779739800,[11],"[""nagihan karadere""]",2026-05-26T06:52:43.997384+00:00
TR:pilav ustu ask oyuncuları,TR,pilav üstü aşk oyuncuları,pilav ustu ask oyuncuları,100,200,1779741000,1779744600,[4],"[""pilav üstü aşk oyuncuları""]",2026-05-26T06:52:43.997384+00:00
TR:bist 100,TR,bist 100,bist 100,2000,400,1779694800,1779696600,[3],"[""bist 100""]",2026-05-26T06:52:43.997384+00:00
TR:kırklareli,TR,kırklareli,kırklareli,100,200,1779736800,1779741000,[11],"[""kırklareli""]",2026-05-26T06:52:43.997384+00:00
TR:ihh,TR,ihh,ihh,500,75,1779700200,1779705000,[10],"[""ihh""]",2026-05-26T06:52:43.997384+00:00
TR:cimsa,TR,çimsa,cimsa,100,100,1779739200,1779769800,[3],"[""çimsa""]",2026-05-26T06:52:43.997384+00:00
TR:malatya ezan vakti,TR,malatya ezan vakti,malatya ezan vakti,100,100,1779727200,1779756000,[8],"[""malatya ezan vakti""]",2026-05-26T06:52:43.997384+00:00
TR:st mirren,TR,st mirren,st mirren,100,100,1779742200,1779745200,[17],"[""st mirren""]",2026-05-26T06:52:43.997384+00:00
TR:kırıkkale hava durumu,TR,kırıkkale hava durumu,kırıkkale hava durumu,500,100,1779700800,1779703800,[11],"[""kırıkkale hava durumu""]",2026-05-26T06:52:43.997384+00:00
TR:ali oztunc,TR,ali öztunç,ali oztunc,200,200,1779697200,1779702000,[14],"[""ali öztunç""]",2026-05-26T06:52:43.997384+00:00
TR:istanbul yangın,TR,istanbul yangın,istanbul yangın,200,300,1779728400,1779730800,[10],"[""istanbul yangın""]",2026-05-26T06:52:43.997384+00:00
TR:fransa acık,TR,fransa açık,fransa acık,200,200,1779700200,1779705000,[17],"[""fransa açık""]",2026-05-26T06:52:43.997384+00:00
TR:miatk,TR,miatk,miatk,100,300,1779727200,1779730200,[3],"[""miatk""]",2026-05-26T06:52:43.997384+00:00
TR:diyanet vakfı,TR,diyanet vakfı,diyanet vakfı,200,100,1779700200,1779705600,[11],"[""diyanet vakfı""]",2026-05-26T06:52:43.997384+00:00
TR:aydın,TR,aydın,aydın,100,100,1779725400,1779732600,[14],"[""aydın""]",2026-05-26T06:52:43.997384+00:00
TR:prens,TR,prens,prens,100,75,1779750600,1779754800,[10],"[""prens""]",2026-05-26T06:52:43.997384+00:00
TR:cingene kızı,TR,çingene kızı,cingene kızı,100,100,1779723600,1779727800,[4],"[""çingene kızı""]",2026-05-26T06:52:43.997384+00:00
TR:ormanya,TR,ormanya,ormanya,200,100,1779696600,1779702000,"[8, 13]","[""ormanya""]",2026-05-26T06:52:43.997384+00:00
TR:mke,TR,mke,mke,100,100,1779729600,1779747000,[3],"[""mke""]",2026-05-26T06:52:43.997384+00:00
TR:chp genel baskanları,TR,chp genel başkanları,chp genel baskanları,100,100,1779729000,1779732600,[14],"[""chp genel başkanları""]",2026-05-26T06:52:43.997384+00:00
TR:derry city,TR,derry city,derry city,100,100,1779741600,1779743400,[17],"[""derry city""]",2026-05-26T06:52:43.997384+00:00
TR:tuncer bakırhan,TR,tuncer bakırhan,tuncer bakırhan,100,200,1779714000,1779717000,[14],"[""tuncer bakırhan""]",2026-05-26T06:52:43.997384+00:00
TR:kadıkoy belediyesi,TR,kadıköy belediyesi,kadıkoy belediyesi,200,100,1779694800,1779699000,[11],"[""kadıköy belediyesi""]",2026-05-26T06:52:43.997384+00:00
TR:poyraz yosmaoglu,TR,poyraz yosmaoğlu,poyraz yosmaoglu,100,200,1779695400,1779699000,[4],"[""poyraz yosmaoğlu""]",2026-05-26T06:52:43.997384+00:00
TR:anlık altın fiyatları,TR,anlık altın fiyatları,anlık altın fiyatları,100,50,1779763200,1779764400,[3],"[""anlık altın fiyatları"", ""ata altın""]",2026-05-26T06:52:43.997384+00:00
TR:guldur guldur,TR,güldür güldür,guldur guldur,100,100,1779732000,1779734400,[4],"[""güldür güldür""]",2026-05-26T06:52:43.997384+00:00
TR:rapid wien,TR,rapid wien,rapid wien,100,100,1779729000,1779730800,[17],"[""rapid wien""]",2026-05-26T06:52:43.997384+00:00
TR:karaman,TR,karaman,karaman,100,200,1779697800,1779700800,[11],"[""karaman""]",2026-05-26T06:52:43.997384+00:00
TR:kurbann bayramı,TR,kurbann bayramı,kurbann bayramı,100,100,1779693000,1779697200,[11],"[""kurbann bayramı""]",2026-05-26T06:52:43.997384+00:00
TR:تمثال,TR,تمثال,تمثال,100,100,1779718800,1779720600,[19],"[""تمثال""]",2026-05-26T06:52:43.997384+00:00
TR:declan rice,TR,declan rice,declan rice,100,100,1779695400,1779723000,[17],"[""declan rice""]",2026-05-26T06:52:43.997384+00:00
TR:zeki celik,TR,zeki çelik,zeki celik,100,100,1779700200,1779702600,[17],"[""zeki çelik""]",2026-05-26T06:52:43.997384+00:00
TR:yerebatan sarnıcı,TR,yerebatan sarnıcı,yerebatan sarnıcı,100,100,1779710400,1779711600,[8],"[""yerebatan sarnıcı""]",2026-05-26T06:52:43.997384+00:00
TR:umraniye belediyesi,TR,ümraniye belediyesi,umraniye belediyesi,200,100,1779700200,1779701400,[10],"[""ümraniye belediyesi""]",2026-05-26T06:52:43.997384+00:00
TW:尹衍樑,TW,尹衍樑,尹衍樑,100000,1000,1779756000,,[11],"[""尹衍樑"", ""潤泰集團"", ""王金平"", ""潤泰"", ""尹崇恩"", ""尹崇堯"", ""葉世文"", ""陸學森"", ""陳銳"", ""尹衍樑 什麼 病"", ""黃少岑"", ""高 血壓"", ""尹衍樑過世"", ""尹衍樑兒子"", ""尹衍樑辭世"", ""尹衍樑 gogoro"", ""唐獎"", ""陳凱倫"", ""潤 泰 尹衍樑"", ""gogoro"", ""尹"", ""潤泰新"", ""潤泰集團總裁"", ""南山人壽董事長"", ""南山人壽"", ""台大"", ""潤泰全"", ""大潤發"", ""尹衍樑 生病"", ""南山""]",2026-05-26T06:53:37.884896+00:00
TW:證券,TW,證券,證券,10000,1000,1779727200,,[3],"[""證券"", ""口袋證券""]",2026-05-26T06:53:37.884896+00:00
TW:鱷雀鱔,TW,鱷雀鱔,鱷雀鱔,10000,1000,1779729000,,[11],"[""鱷雀鱔"", ""成大釣魚社"", ""鱷魚火箭"", ""228公園"", ""成大"", ""成大釣魚""]",2026-05-26T06:53:37.884896+00:00
TW:阿部慎之助,TW,阿部慎之助,阿部慎之助,5000,1000,1779717000,,[10],"[""阿部慎之助"", ""阿部慎之助女兒""]",2026-05-26T06:53:37.884896+00:00
TW:汪小菲,TW,汪小菲,汪小菲,5000,1000,1779715800,,[4],"[""汪小菲""]",2026-05-26T06:53:37.884896+00:00
TW:7 eleven,TW,7 eleven,7 eleven,5000,1000,1779702600,,"[3, 5]","[""7 eleven"", ""7-eleven""]",2026-05-26T06:53:37.884896+00:00
TW:淡水火災,TW,淡水火災,淡水火災,10000,1000,1779718200,,[11],"[""淡水火災"", ""淡水"", ""淡水大火"", ""北投子"", ""淡水 火災"", ""淡水失火"", ""淡水北投子"", ""淡水火警"", ""新北火災"", ""淡水 北投子""]",2026-05-26T06:53:37.884896+00:00
TW:明星賽投票,TW,明星賽投票,明星賽投票,5000,1000,1779768600,,[17],"[""明星賽投票"", ""中職明星賽投票"", ""中職明星賽"", ""中華職棒明星賽"", ""中華職棒明星賽投票"", ""明星賽""]",2026-05-26T06:53:37.884896+00:00
TW:張元瀚,TW,張元瀚,張元瀚,2000,600,1779694800,,[7],"[""張元瀚"", ""張元瀚醫師過世原因"", ""張元瀚醫師怎麼了""]",2026-05-26T06:53:37.884896+00:00
TW:低 軌 衛星,TW,低 軌 衛星,低 軌 衛星,5000,1000,1779693600,,[3],"[""低 軌 衛星"", ""6 月"", ""低軌衛星""]",2026-05-26T06:53:37.884896+00:00
TW:美琪,TW,美琪,美琪,5000,600,1779694200,,"[8, 13]","[""美琪"", ""陳美琪狗狗"", ""陳美琪狗"", ""美琪狗"", ""美琪 50 萬"", ""陳美琪找到了嗎""]",2026-05-26T06:53:37.884896+00:00
TW:統一 發票 34 月,TW,統一 發票 34 月,統一 發票 34 月,10000,900,1779704400,,[11],"[""統一 發票 34 月"", ""發票34月"", ""115 年 3 4 月 統一 發票 中獎 號碼"", ""統一 發票 3 4 月"", ""ㄊㄨㄥㄧ發票"", ""统一发票"", ""3.4月統一發票"", ""統一 發票 34"", ""統一發票 3 4 月"", ""全聯"", ""1 2月發票"", ""發票對獎"", ""發票號碼"", ""115年1月2月統一發票中獎號碼"", ""雲端發票中獎"", ""雲端發票專屬獎"", ""雲端發票專屬獎開獎時間"", ""專屬獎"", ""發票34"", ""三四月發票""]",2026-05-26T06:53:37.884896+00:00
TW:美國 伊朗,TW,美國 伊朗,美國 伊朗,2000,1000,1779770400,,[10],"[""美國 伊朗"", ""美國伊朗"", ""美軍""]",2026-05-26T06:53:37.884896+00:00
TW:神童,TW,神童,神童,5000,1000,1779704400,,[4],"[""神童""]",2026-05-26T06:53:37.884896+00:00
TW:中 鋼 漲停,TW,中 鋼 漲停,中 鋼 漲停,5000,1000,1779694200,,[3],"[""中 鋼 漲停"", ""中鋼股票"", ""2002股價"", ""中鴻"", ""2002 中鋼""]",2026-05-26T06:53:37.884896+00:00
TW:2344,TW,2344,2344,1000,600,1779775800,,[3],"[""2344""]",2026-05-26T06:53:37.884896+00:00
TW:東元 電機,TW,東元 電機,東元 電機,2000,1000,1779741000,,[3],"[""東元 電機""]",2026-05-26T06:53:37.884896+00:00
TW:2409,TW,2409,2409,2000,100,1779758400,,[3],"[""2409"", ""友達股票""]",2026-05-26T06:53:37.884896+00:00
TW:麥可·傑克森,TW,麥可·傑克森,麥可·傑克森,2000,800,1779747600,,[4],"[""麥可·傑克森""]",2026-05-26T06:53:37.884896+00:00
TW:富邦金,TW,富邦金,富邦金,2000,300,1779759000,,[3],"[""富邦金"", ""2881"", ""富邦金股價"", ""富 邦 金""]",2026-05-26T06:53:37.884896+00:00
TW:陽明海運,TW,陽明海運,陽明海運,2000,600,1779739200,,[17],"[""陽明海運""]",2026-05-26T06:53:37.884896+00:00
TW:軍 公教 調 薪,TW,軍 公教 調 薪,軍 公教 調 薪,2000,600,1779777000,,[11],"[""軍 公教 調 薪"", ""軍公教"", ""年金 改革""]",2026-05-26T06:53:37.884896+00:00
TW:3037,TW,3037,3037,2000,500,1779775200,,[3],"[""3037"", ""欣興"", ""欣興目標價"", ""欣 興 目標 價""]",2026-05-26T06:53:37.884896+00:00
TW:群創,TW,群創,群創,20000,100,1779757800,1779775200,[3],"[""群創"", ""友達 新聞"", ""友達股價"", ""群 創"", ""群創股票"", ""群創股價"", ""群創目標價"", ""聯華電子"", ""3481"", ""友達目標價"", ""群創股東會""]",2026-05-26T06:53:37.884896+00:00
TW:台 股,TW,台 股,台 股,2000,900,1779693000,,[3],"[""台 股"", ""台股大盤""]",2026-05-26T06:53:37.884896+00:00
TW:熱帶擾動,TW,熱帶擾動,熱帶擾動,2000,600,1779742800,,[20],"[""熱帶擾動"", ""熱帶性低氣壓"", ""ettoday新闻云""]",2026-05-26T06:53:37.884896+00:00
TW:8110,TW,8110,8110,500,800,1779775200,,[3],"[""8110"", ""華東""]",2026-05-26T06:53:37.884896+00:00
TW:6239,TW,6239,6239,2000,600,1779775200,,[3],"[""6239"", ""力成"", ""力成股票"", ""力成股價"", ""力成目標價""]",2026-05-26T06:53:37.884896+00:00
TW:春韭,TW,春韭,春韭,2000,400,1779709200,,[11],"[""春韭"", ""黃仁勳父母"", ""經濟"", ""黃仁勳老婆"", ""林百里"", ""張忠謀"", ""台北""]",2026-05-26T06:53:37.884896+00:00
TW:中 美 三 個 聯合 公報,TW,中 美 三 個 聯合 公報,中 美 三 個 聯合 公報,1000,800,1779774000,,[10],"[""中 美 三 個 聯合 公報"", ""中美三個聯合公報""]",2026-05-26T06:53:37.884896+00:00
TW:今井達也,TW,今井達也,今井達也,1000,400,1779753600,,[17],"[""今井達也""]",2026-05-26T06:53:37.884896+00:00
TW:羅子惟,TW,羅子惟,羅子惟,2000,400,1779723000,,[4],"[""羅子惟"", ""蘇晏霈"", ""罗子惟""]",2026-05-26T06:53:37.884896+00:00
TW:6806,TW,6806,6806,500,800,1779777000,,[3],"[""6806""]",2026-05-26T06:53:37.884896+00:00
TW:台 達 電,TW,台 達 電,台 達 電,500,700,1779772200,,[3],"[""台 達 電"", ""美股幾點開盤"", ""彩晶目標價"", ""台股盤後""]",2026-05-26T06:53:37.884896+00:00
TW:黃大煒,TW,黃大煒,黃大煒,500,900,1779771000,,[4],"[""黃大煒""]",2026-05-26T06:53:37.884896+00:00
TW:00406a,TW,00406a,00406a,1000,100,1779753600,,[3],"[""00406a""]",2026-05-26T06:53:37.884896+00:00
TW:騎士 對 尼克,TW,騎士 對 尼克,騎士 對 尼克,10000,1000,1779752400,1779768000,[17],"[""騎士 對 尼克"", ""尼克"", ""尼克對騎士"", ""騎士尼克"", ""騎士對尼克"", ""紐約尼克"", ""騎士"", ""杰倫·布朗森"", ""og·阿努諾比""]",2026-05-26T06:53:37.884896+00:00
TW:育 碧,TW,育 碧,育 碧,500,600,1779774000,,[6],"[""育 碧"", ""育碧""]",2026-05-26T06:53:37.884896+00:00
TW:老師跳樓,TW,老師跳樓,老師跳樓,1000,400,1779717600,,[11],"[""老師跳樓"", ""高雄國小老師跳樓""]",2026-05-26T06:53:37.884896+00:00
TW:王瞳,TW,王瞳,王瞳,500,300,1779763200,,[4],"[""王瞳""]",2026-05-26T06:53:37.884896+00:00
TW:退休,TW,退休,退休,20000,600,1779699000,1779756600,"[3, 10]","[""退休"", ""年金改革""]",2026-05-26T06:53:37.884896+00:00
TW:jalen brunson,TW,jalen brunson,jalen brunson,500,400,1779763200,,[17],"[""jalen brunson""]",2026-05-26T06:53:37.884896+00:00
TW:西田陸浮,TW,西田陸浮,西田陸浮,1000,200,1779736800,,[17],"[""西田陸浮""]",2026-05-26T06:53:37.884896+00:00
TW:任天堂,TW,任天堂,任天堂,500,400,1779771600,,[18],"[""任天堂""]",2026-05-26T06:53:37.884896+00:00
TW:智利,TW,智利,智利,500,400,1779766800,,[20],"[""智利""]",2026-05-26T06:53:37.884896+00:00
TW:友達,TW,友達,友達,5000,200,1779746400,1779775200,[11],"[""友達""]",2026-05-26T06:53:37.884896+00:00
TW:概念 股,TW,概念 股,概念 股,5000,1000,1779702600,1779777000,[3],"[""概念 股"", ""量子 電腦 概念 股""]",2026-05-26T06:53:37.884896+00:00
TW:taiwan march april lottery numbers,TW,taiwan march april lottery numbers,taiwan march april lottery numbers,500,200,1779744600,,[11],"[""taiwan march april lottery numbers""]",2026-05-26T06:53:37.884896+00:00
TW:2449,TW,2449,2449,1000,200,1779762600,,[3],"[""2449"", ""京元電""]",2026-05-26T06:53:37.884896+00:00
TW:沈玉琳,TW,沈玉琳,沈玉琳,200,1000,1779777600,,[4],"[""沈玉琳""]",2026-05-26T06:53:37.884896+00:00
TW:2312,TW,2312,2312,2000,400,1779757800,,[3],"[""2312"", ""金寶股價"", ""泰金寶 dr""]",2026-05-26T06:53:37.884896+00:00
TW:蔡英文,TW,蔡英文,蔡英文,200,500,1779777000,,[14],"[""蔡英文""]",2026-05-26T06:53:37.884896+00:00
TW:新加坡羽球公開賽,TW,新加坡羽球公開賽,新加坡羽球公開賽,200,200,1779769800,,[17],"[""新加坡羽球公開賽""]",2026-05-26T06:53:37.884896+00:00
TW:端午 加碼,TW,端午 加碼,端午 加碼,200,500,1779774600,,[6],"[""端午 加碼"", ""台彩"", ""樂透""]",2026-05-26T06:53:37.884896+00:00
TW:6442,TW,6442,6442,500,500,1779768000,,[3],"[""6442"", ""光聖""]",2026-05-26T06:53:37.884896+00:00
TW:仁 寶,TW,仁 寶,仁 寶,2000,200,1779772800,,[3],"[""仁 寶"", ""英業達"", ""英業達目標價"", ""英業達股票""]",2026-05-26T06:53:37.884896+00:00
TW:6449,TW,6449,6449,100,400,1779776400,,[3],"[""6449""]",2026-05-26T06:53:37.884896+00:00
TW:友達 跌停,TW,友達 跌停,友達 跌停,500,400,1779774000,,[3],"[""友達 跌停"", ""3481股價""]",2026-05-26T06:53:37.884896+00:00
TW:00878,TW,00878,00878,10000,300,1779695400,1779755400,[3],"[""00878""]",2026-05-26T06:53:37.884896+00:00
TW:彩晶股價,TW,彩晶股價,彩晶股價,5000,100,1779757200,1779775800,[3],"[""彩晶股價"", ""彩晶"", ""6116"", ""6116彩晶""]",2026-05-26T06:53:37.884896+00:00
TW:8926,TW,8926,8926,100,300,1779777600,,[3],"[""8926""]",2026-05-26T06:53:37.884896+00:00
TW:2369,TW,2369,2369,500,300,1779709800,,[3],"[""2369""]",2026-05-26T06:53:37.884896+00:00
TW:安立奎·赫南德茲,TW,安立奎·赫南德茲,安立奎·赫南德茲,1000,1000,1779760200,1779777000,[17],"[""安立奎·赫南德茲""]",2026-05-26T06:53:37.884896+00:00
TW:2481,TW,2481,2481,500,200,1779777000,,[3],"[""2481"", ""強茂""]",2026-05-26T06:53:37.884896+00:00
TW:電動 汽車,TW,電動 汽車,電動 汽車,5000,1000,1779708000,1779756600,[1],"[""電動 汽車""]",2026-05-26T06:53:37.884896+00:00
TW:長打,TW,長打,長打,100,400,1779777600,,[17],"[""長打""]",2026-05-26T06:53:37.884896+00:00
TW:鄭 明典,TW,鄭 明典,鄭 明典,2000,500,1779703200,1779775200,[20],"[""鄭 明典""]",2026-05-26T06:53:37.884896+00:00
TW:川 普 伊朗,TW,川 普 伊朗,川 普 伊朗,500,300,1779775800,,[11],"[""川 普 伊朗"", ""美伊"", ""亞伯拉罕協議""]",2026-05-26T06:53:37.884896+00:00
TW:5/25美股休市,TW,5/25美股休市,5/25美股休市,5000,1000,1779712800,1779759600,[3],"[""5/25美股休市"", ""美股今天有開盤嗎"", ""美國股市休市"", ""美股開盤"", ""美股休市2026"", ""美股休市日"", ""美股今天休市嗎"", ""美股 休市"", ""今天美股休市嗎"", ""美股5/25"", ""5/25美股"", ""美國休市""]",2026-05-26T06:53:37.884896+00:00
TW:補貼,TW,補貼,補貼,5000,500,1779741000,1779755400,"[1, 3]","[""補貼""]",2026-05-26T06:53:37.884896+00:00
TW:高秀玲,TW,高秀玲,高秀玲,1000,300,1779722400,1779778200,[3],"[""高秀玲""]",2026-05-26T06:53:37.884896+00:00
TW:鍾 東 錦,TW,鍾 東 錦,鍾 東 錦,2000,900,1779725400,1779764400,[11],"[""鍾 東 錦"", ""鍾東錦""]",2026-05-26T06:53:37.884896+00:00
TW:禾伸堂,TW,禾伸堂,禾伸堂,2000,100,1779748800,1779768600,[3],"[""禾伸堂"", ""禾伸堂股價""]",2026-05-26T06:53:37.884896+00:00
TW:症狀,TW,症狀,症狀,1000,400,1779708000,1779771600,[7],"[""症狀""]",2026-05-26T06:53:37.884896+00:00
TW:營養,TW,營養,營養,1000,500,1779701400,1779759600,"[7, 5]","[""營養""]",2026-05-26T06:53:37.884896+00:00
TW:宏捷科,TW,宏捷科,宏捷科,100,200,1779774600,,[3],"[""宏捷科""]",2026-05-26T06:53:37.884896+00:00
TW:處置股,TW,處置股,處置股,5000,100,1779704400,1779763200,[3],"[""處置股"", ""被動元件"", ""國巨"", ""國巨股價"", ""國巨 處置"", ""注意股"", ""廣達股價"", ""大量"", ""昇達科""]",2026-05-26T06:53:37.884896+00:00
TW:英業達股價,TW,英業達股價,英業達股價,1000,100,1779758400,1779773400,[3],"[""英業達股價""]",2026-05-26T06:53:37.884896+00:00
TW:rikuu nishida,TW,rikuu nishida,rikuu nishida,500,400,1779753000,1779774000,[17],"[""rikuu nishida""]",2026-05-26T06:53:37.884896+00:00
TW:緯 穎,TW,緯 穎,緯 穎,2000,500,1779706200,1779757800,[3],"[""緯 穎"", ""緯穎"", ""6669"", ""緯穎股價""]",2026-05-26T06:53:37.884896+00:00
TW:納豆,TW,納豆,納豆,200,400,1779772800,1779778200,"[5, 4]","[""納豆""]",2026-05-26T06:53:37.884896+00:00
TW:ferrari luce,TW,ferrari luce,ferrari luce,500,200,1779757800,1779778200,[1],"[""ferrari luce""]",2026-05-26T06:53:37.884896+00:00
TW:卡爾-安東尼·唐斯,TW,卡爾-安東尼·唐斯,卡爾-安東尼·唐斯,500,400,1779760800,1779772800,[17],"[""卡爾-安東尼·唐斯""]",2026-05-26T06:53:37.884896+00:00
TW:黃暐瀚,TW,黃暐瀚,黃暐瀚,1000,500,1779741000,1779760800,[14],"[""黃暐瀚""]",2026-05-26T06:53:37.884896+00:00
TW:cavaliers vs knicks,TW,cavaliers vs knicks,cavaliers vs knicks,1000,1000,1779754200,1779766200,[17],"[""cavaliers vs knicks"", ""knicks""]",2026-05-26T06:53:37.884896+00:00
TW:ewc,TW,ewc,ewc,2000,400,1779695400,1779746400,[6],"[""ewc""]",2026-05-26T06:53:37.884896+00:00
TW:台玻,TW,台玻,台玻,2000,100,1779759000,1779772800,[3],"[""台玻"", ""台玻股價""]",2026-05-26T06:53:37.884896+00:00
TW:蕭薔,TW,蕭薔,蕭薔,1000,500,1779714600,1779755400,[4],"[""蕭薔""]",2026-05-26T06:53:37.884896+00:00
TW:6182,TW,6182,6182,500,200,1779721800,1779777000,[3],"[""6182""]",2026-05-26T06:53:37.884896+00:00
TW:半導體,TW,半導體,半導體,2000,300,1779744000,1779754800,"[3, 18]","[""半導體"", ""韜定律""]",2026-05-26T06:53:37.884896+00:00
TW:市長,TW,市長,市長,1000,700,1779743400,1779756600,"[14, 10]","[""市長""]",2026-05-26T06:53:37.884896+00:00
TW:金寶,TW,金寶,金寶,1000,100,1779749400,1779765000,[3],"[""金寶""]",2026-05-26T06:53:37.884896+00:00
TW:computex 2026,TW,computex 2026,computex 2026,1000,50,1779759000,1779770400,"[18, 15, 3]","[""computex 2026""]",2026-05-26T06:53:37.884896+00:00
TW:瑞軒,TW,瑞軒,瑞軒,1000,100,1779759000,1779773400,[3],"[""瑞軒""]",2026-05-26T06:53:37.884896+00:00
TW:openai,TW,openai,openai,500,100,1779746400,1779775800,[3],"[""openai""]",2026-05-26T06:53:37.884896+00:00
TW:積體電路,TW,積體電路,積體電路,1000,700,1779703200,1779756600,"[18, 3, 15]","[""積體電路""]",2026-05-26T06:53:37.884896+00:00
TW:華爾街,TW,華爾街,華爾街,500,500,1779716400,1779756600,[11],"[""華爾街""]",2026-05-26T06:53:37.884896+00:00
TW:林美照,TW,林美照,林美照,500,200,1779714000,1779766200,[11],"[""林美照""]",2026-05-26T06:53:37.884896+00:00
TW:桃園,TW,桃園,桃園,500,700,1779729600,1779758400,[11],"[""桃園""]",2026-05-26T06:53:37.884896+00:00
TW:良維,TW,良維,良維,200,100,1779748200,1779777600,[3],"[""良維""]",2026-05-26T06:53:37.884896+00:00
TW:長 鑫 存儲,TW,長 鑫 存儲,長 鑫 存儲,1000,600,1779692400,1779755400,[11],"[""長 鑫 存儲""]",2026-05-26T06:53:37.884896+00:00
TW:南亞 科,TW,南亞 科,南亞 科,2000,300,1779705600,1779753600,[3],"[""南亞 科"", ""南亞""]",2026-05-26T06:53:37.884896+00:00
TW:北極星藥業,TW,北極星藥業,北極星藥業,200,300,1779757200,1779769800,[3],"[""北極星藥業""]",2026-05-26T06:53:37.884896+00:00
TW:00919 配 息,TW,00919 配 息,00919 配 息,1000,500,1779700200,1779753600,[3],"[""00919 配 息""]",2026-05-26T06:53:37.884896+00:00
TW:蘋果,TW,蘋果,蘋果,1000,600,1779709200,1779756600,"[18, 16]","[""蘋果""]",2026-05-26T06:53:37.884896+00:00
TW:廖繼斌是誰,TW,廖繼斌是誰,廖繼斌是誰,500,300,1779693000,1779753000,"[14, 10]","[""廖繼斌是誰""]",2026-05-26T06:53:37.884896+00:00
TW:楊進添,TW,楊進添,楊進添,500,200,1779696600,1779757800,"[10, 14]","[""楊進添""]",2026-05-26T06:53:37.884896+00:00
TW:computex,TW,computex,computex,1000,75,1779761400,1779766800,[11],"[""computex""]",2026-05-26T06:53:37.884896+00:00
TW:馬拉松,TW,馬拉松,馬拉松,500,300,1779716400,1779759600,"[4, 17]","[""馬拉松""]",2026-05-26T06:53:37.884896+00:00
TW:勞動部勞動力發展署,TW,勞動部勞動力發展署,勞動部勞動力發展署,500,600,1779706800,1779754800,[9],"[""勞動部勞動力發展署""]",2026-05-26T06:53:37.884896+00:00
TW:2356,TW,2356,2356,500,200,1779758400,1779765000,[3],"[""2356""]",2026-05-26T06:53:37.884896+00:00
TW:新闻主播,TW,新闻主播,新闻主播,200,200,1779754800,1779765600,"[4, 14]","[""新闻主播""]",2026-05-26T06:53:37.884896+00:00
TW:景碩,TW,景碩,景碩,500,75,1779758400,1779772800,[3],"[""景碩""]",2026-05-26T06:53:37.884896+00:00
TW:肯德基,TW,肯德基,肯德基,500,200,1779718200,1779754200,[5],"[""肯德基""]",2026-05-26T06:53:37.884896+00:00
TW:瑞軒股價,TW,瑞軒股價,瑞軒股價,500,100,1779759000,1779765600,[3],"[""瑞軒股價"", ""2489""]",2026-05-26T06:53:37.884896+00:00
TW:日經指數,TW,日經指數,日經指數,1000,100,1779755400,1779759600,[3],"[""日經指數"", ""日本股市"", ""日經"", ""日經平均指數""]",2026-05-26T06:53:37.884896+00:00
TW:國泰 人壽,TW,國泰 人壽,國泰 人壽,500,500,1779751800,1779760200,[3],"[""國泰 人壽"", ""國泰人壽""]",2026-05-26T06:53:37.884896+00:00
TW:曹承衍,TW,曹承衍,曹承衍,500,200,1779709200,1779757800,[4],"[""曹承衍""]",2026-05-26T06:53:37.884896+00:00
TW:晶技,TW,晶技,晶技,200,200,1779758400,1779765600,[3],"[""晶技""]",2026-05-26T06:53:37.884896+00:00
TW:田羽安,TW,田羽安,田羽安,200,300,1779759000,1779769800,[4],"[""田羽安""]",2026-05-26T06:53:37.884896+00:00
TW:鄺澤東,TW,鄺澤東,鄺澤東,1000,800,1779705000,1779750000,[4],"[""鄺澤東"", ""超級紅人榜""]",2026-05-26T06:53:37.884896+00:00
TW:火災,TW,火災,火災,1000,900,1779718200,1779735600,[3],"[""火災""]",2026-05-26T06:53:37.884896+00:00
TW:華通目標價,TW,華通目標價,華通目標價,100,200,1779771000,1779774600,[3],"[""華通目標價""]",2026-05-26T06:53:37.884896+00:00
TW:立隆電,TW,立隆電,立隆電,200,100,1779759000,1779765600,[3],"[""立隆電""]",2026-05-26T06:53:37.884896+00:00
TW:高頻寬 記憶 體,TW,高頻寬 記憶 體,高頻寬 記憶 體,500,400,1779743400,1779757800,[11],"[""高頻寬 記憶 體"", ""高頻寬記憶體""]",2026-05-26T06:53:37.884896+00:00
TW:小食蟻獸,TW,小食蟻獸,小食蟻獸,200,200,1779728400,1779756600,"[8, 13]","[""小食蟻獸""]",2026-05-26T06:53:37.884896+00:00
TW:鄭愷,TW,鄭愷,鄭愷,100,200,1779771600,1779774600,[4],"[""鄭愷""]",2026-05-26T06:53:37.884896+00:00
TW:載具歸戶,TW,載具歸戶,載具歸戶,500,300,1779693600,1779752400,[11],"[""載具歸戶""]",2026-05-26T06:53:37.884896+00:00
TW:新聞主播,TW,新聞主播,新聞主播,200,700,1779753000,1779760200,[4],"[""新聞主播""]",2026-05-26T06:53:37.884896+00:00
TW:華邦電目標價,TW,華邦電目標價,華邦電目標價,200,200,1779759000,1779764400,[3],"[""華邦電目標價""]",2026-05-26T06:53:37.884896+00:00
TW:日月光股價,TW,日月光股價,日月光股價,500,75,1779759600,1779763200,[3],"[""日月光股價""]",2026-05-26T06:53:37.884896+00:00
TW:唐綺陽,TW,唐綺陽,唐綺陽,200,500,1779743400,1779754200,[11],"[""唐綺陽""]",2026-05-26T06:53:37.884896+00:00
TW:台半,TW,台半,台半,200,100,1779762600,1779766200,[3],"[""台半""]",2026-05-26T06:53:37.884896+00:00
TW:呂寧莉法官,TW,呂寧莉法官,呂寧莉法官,1000,600,1779705000,1779719400,"[14, 10]","[""呂寧莉法官"", ""審判""]",2026-05-26T06:53:37.884896+00:00
TW:6147,TW,6147,6147,500,300,1779758400,1779762000,[3],"[""6147"", ""頎邦""]",2026-05-26T06:53:37.884896+00:00
TW:侯友宜,TW,侯友宜,侯友宜,200,200,1779714600,1779751200,[10],"[""侯友宜""]",2026-05-26T06:53:37.884896+00:00
TW:内閣支持率,TW,内閣支持率,内閣支持率,500,300,1779693000,1779714600,[14],"[""内閣支持率""]",2026-05-26T06:53:37.884896+00:00
TW:極限 競 速 地平線 6,TW,極限 競 速 地平線 6,極限 競 速 地平線 6,500,600,1779697200,1779712800,[6],"[""極限 競 速 地平線 6""]",2026-05-26T06:53:37.884896+00:00
TW:環球晶,TW,環球晶,環球晶,200,75,1779757200,1779761400,[3],"[""環球晶"", ""6488""]",2026-05-26T06:53:37.884896+00:00
TW:3189,TW,3189,3189,100,100,1779771000,1779772800,[3],"[""3189""]",2026-05-26T06:53:37.884896+00:00
TW:朴旻曙,TW,朴旻曙,朴旻曙,200,100,1779710400,1779755400,[11],"[""朴旻曙""]",2026-05-26T06:53:37.884896+00:00
TW:海力士股價,TW,海力士股價,海力士股價,500,75,1779756000,1779759600,[3],"[""海力士股價"", ""記憶 體""]",2026-05-26T06:53:37.884896+00:00
TW:謝金燕,TW,謝金燕,謝金燕,200,100,1779757800,1779774000,[4],"[""謝金燕"", ""孫淑媚開球""]",2026-05-26T06:53:37.884896+00:00
TW:盟立,TW,盟立,盟立,200,100,1779758400,1779762000,[3],"[""盟立"", ""盟立股價""]",2026-05-26T06:53:37.884896+00:00
TW:史哲,TW,史哲,史哲,200,600,1779754200,1779759600,[19],"[""史哲""]",2026-05-26T06:53:37.884896+00:00
TW:金門機場,TW,金門機場,金門機場,500,200,1779702000,1779751200,[11],"[""金門機場""]",2026-05-26T06:53:37.884896+00:00
TW:徐若晗,TW,徐若晗,徐若晗,200,100,1779725400,1779757800,[4],"[""徐若晗""]",2026-05-26T06:53:37.884896+00:00
TW:宏碁股票,TW,宏碁股票,宏碁股票,200,100,1779758400,1779762000,[3],"[""宏碁股票"", ""宏碁股價""]",2026-05-26T06:53:37.884896+00:00
TW:3026,TW,3026,3026,100,200,1779762600,1779765600,[3],"[""3026""]",2026-05-26T06:53:37.884896+00:00
TW:力積電目標價,TW,力積電目標價,力積電目標價,1000,200,1779758400,1779762600,[3],"[""力積電目標價"", ""力積電股價""]",2026-05-26T06:53:37.884896+00:00
TW:砲車,TW,砲車,砲車,200,300,1779699600,1779746400,[10],"[""砲車""]",2026-05-26T06:53:37.884896+00:00
TW:天道盟美鷹會,TW,天道盟美鷹會,天道盟美鷹會,200,400,1779696600,1779710400,[10],"[""天道盟美鷹會""]",2026-05-26T06:53:37.884896+00:00
TW:8261,TW,8261,8261,200,200,1779756600,1779760200,[3],"[""8261"", ""富鼎股價""]",2026-05-26T06:53:37.884896+00:00
TW:力積電,TW,力積電,力積電,1000,50,1779760800,1779762000,[3],"[""力積電""]",2026-05-26T06:53:37.884896+00:00
TW:肖戰,TW,肖戰,肖戰,100,200,1779745800,1779756600,[4],"[""肖戰""]",2026-05-26T06:53:37.884896+00:00
TW:海關,TW,海關,海關,200,300,1779701400,1779714600,"[16, 10]","[""海關""]",2026-05-26T06:53:37.884896+00:00
TW:鳳梨酥,TW,鳳梨酥,鳳梨酥,200,200,1779709200,1779753600,[11],"[""鳳梨酥""]",2026-05-26T06:53:37.884896+00:00
TW:1513,TW,1513,1513,100,100,1779759000,1779763200,[3],"[""1513""]",2026-05-26T06:53:37.884896+00:00
TW:高鐵 延伸 屏 東,TW,高鐵 延伸 屏 東,高鐵 延伸 屏 東,100,200,1779747600,1779755400,[11],"[""高鐵 延伸 屏 東""]",2026-05-26T06:53:37.884896+00:00
TW:韓國指數,TW,韓國指數,韓國指數,100,100,1779756000,1779759600,[3],"[""韓國指數""]",2026-05-26T06:53:37.884896+00:00
TW:鄭欽文,TW,鄭欽文,鄭欽文,100,100,1779747000,1779755400,[17],"[""鄭欽文""]",2026-05-26T06:53:37.884896+00:00
TW:平野惠一,TW,平野惠一,平野惠一,100,400,1779747600,1779753000,[17],"[""平野惠一""]",2026-05-26T06:53:37.884896+00:00
TW:人工智慧,TW,人工智慧,人工智慧,100,200,1779742800,1779751200,[11],"[""人工智慧""]",2026-05-26T06:53:37.884896+00:00
TW:法網,TW,法網,法網,200,100,1779744600,1779752400,[17],"[""法網""]",2026-05-26T06:53:37.884896+00:00
TW:西區聯盟,TW,西區聯盟,西區聯盟,100,500,1779755400,1779758400,[17],"[""西區聯盟""]",2026-05-26T06:53:37.884896+00:00
TW:米契爾·羅賓森,TW,米契爾·羅賓森,米契爾·羅賓森,100,200,1779763200,1779765600,[17],"[""米契爾·羅賓森""]",2026-05-26T06:53:37.884896+00:00
TW:康舒股價,TW,康舒股價,康舒股價,200,75,1779760800,1779765000,[3],"[""康舒股價""]",2026-05-26T06:53:37.884896+00:00
TW:孟佳,TW,孟佳,孟佳,100,200,1779714000,1779742800,[4],"[""孟佳""]",2026-05-26T06:53:37.884896+00:00
TW:匹茲堡海盜,TW,匹茲堡海盜,匹茲堡海盜,200,500,1779704400,1779711600,[17],"[""匹茲堡海盜""]",2026-05-26T06:53:37.884896+00:00
TW:銀座,TW,銀座,銀座,200,200,1779702000,1779710400,[11],"[""銀座""]",2026-05-26T06:53:37.884896+00:00
TW:中華電信,TW,中華電信,中華電信,200,100,1779737400,1779742200,[11],"[""中華電信""]",2026-05-26T06:53:37.884896+00:00
TW:美股期貨,TW,美股期貨,美股期貨,200,75,1779750600,1779754800,[3],"[""美股期貨"", ""期貨"", ""石油價格""]",2026-05-26T06:53:37.884896+00:00
TW:2404,TW,2404,2404,100,100,1779761400,1779763200,[3],"[""2404""]",2026-05-26T06:53:37.884896+00:00
TW:高科大,TW,高科大,高科大,100,100,1779763800,1779765000,"[9, 4]","[""高科大""]",2026-05-26T06:53:37.884896+00:00
TW:祥碩,TW,祥碩,祥碩,100,200,1779729000,1779752400,[3],"[""祥碩""]",2026-05-26T06:53:37.884896+00:00
TW:鬆獅犬,TW,鬆獅犬,鬆獅犬,200,200,1779715200,1779720600,"[8, 13]","[""鬆獅犬""]",2026-05-26T06:53:37.884896+00:00
TW:張鈞甯,TW,張鈞甯,張鈞甯,100,200,1779720000,1779737400,[4],"[""張鈞甯""]",2026-05-26T06:53:37.884896+00:00
TW:永豐金,TW,永豐金,永豐金,200,50,1779728400,1779759600,[3],"[""永豐金"", ""永豐金股價""]",2026-05-26T06:53:37.884896+00:00
TW:漢唐,TW,漢唐,漢唐,200,100,1779718200,1779760200,[3],"[""漢唐""]",2026-05-26T06:53:37.884896+00:00
TW:8150,TW,8150,8150,100,100,1779759000,1779760800,[3],"[""8150""]",2026-05-26T06:53:37.884896+00:00
TW:三星股價,TW,三星股價,三星股價,200,50,1779757200,1779758400,"[3, 18]","[""三星股價""]",2026-05-26T06:53:37.884896+00:00
TW:雷科,TW,雷科,雷科,200,100,1779759000,1779760200,[3],"[""雷科""]",2026-05-26T06:53:37.884896+00:00
TW:大同公司,TW,大同公司,大同公司,200,500,1779698400,1779702600,[3],"[""大同公司""]",2026-05-26T06:53:37.884896+00:00
TW:陳盈潔,TW,陳盈潔,陳盈潔,200,300,1779750000,1779751200,[4],"[""陳盈潔""]",2026-05-26T06:53:37.884896+00:00
TW:新北消防,TW,新北消防,新北消防,100,500,1779722400,1779726000,[10],"[""新北消防""]",2026-05-26T06:53:37.884896+00:00
TW:瑪雅·赫瓦林斯卡,TW,瑪雅·赫瓦林斯卡,瑪雅·赫瓦林斯卡,100,500,1779707400,1779747600,[17],"[""瑪雅·赫瓦林斯卡""]",2026-05-26T06:53:37.884896+00:00
TW:牧德,TW,牧德,牧德,100,100,1779721800,1779753000,[3],"[""牧德"", ""牧德股價""]",2026-05-26T06:53:37.884896+00:00
TW:威力採,TW,威力採,威力採,100,100,1779715800,1779720000,[6],"[""威力採""]",2026-05-26T06:53:37.884896+00:00
TW:潛艦,TW,潛艦,潛艦,100,100,1779705000,1779710400,[10],"[""潛艦""]",2026-05-26T06:53:37.884896+00:00
TW:工兵,TW,工兵,工兵,100,200,1779708600,1779746400,[10],"[""工兵""]",2026-05-26T06:53:37.884896+00:00
TW:雙鴻股價,TW,雙鴻股價,雙鴻股價,100,200,1779716400,1779719400,[3],"[""雙鴻股價""]",2026-05-26T06:53:37.884896+00:00
TW:李泳知,TW,李泳知,李泳知,100,300,1779705600,1779709800,"[4, 2]","[""李泳知""]",2026-05-26T06:53:37.884896+00:00
TW:2467,TW,2467,2467,100,200,1779692400,1779694200,[3],"[""2467""]",2026-05-26T06:53:37.884896+00:00
UA:снег,UA,снег,снег,5000,1000,1779698400,,[20],"[""снег""]",2026-05-26T06:54:31.267134+00:00
UA:26 травня,UA,26 травня,26 травня,5000,1000,1779718200,,[8],"[""26 травня"", ""26 травня свято""]",2026-05-26T06:54:31.267134+00:00
UA:норвегія,UA,норвегія,норвегія,5000,900,1779696000,,[14],"[""норвегія""]",2026-05-26T06:54:31.267134+00:00
UA:закон,UA,закон,закон,5000,1000,1779719400,,[10],"[""закон""]",2026-05-26T06:54:31.267134+00:00
UA:нафтогаз украіни,UA,нафтогаз україни,нафтогаз украіни,5000,1000,1779717000,,[3],"[""нафтогаз україни""]",2026-05-26T06:54:31.267134+00:00
UA:2026,UA,2026,2026,10000,400,1779721200,,[17],"[""2026""]",2026-05-26T06:54:31.267134+00:00
UA:владимир зеленскии,UA,владимир зеленский,владимир зеленскии,2000,1000,1779757800,,"[14, 10]","[""владимир зеленский""]",2026-05-26T06:54:31.267134+00:00
UA:россия,UA,россия,россия,2000,1000,1779737400,,[10],"[""россия""]",2026-05-26T06:54:31.267134+00:00
UA:постанова кабінету міністрів украіни,UA,постанова кабінету міністрів україни,постанова кабінету міністрів украіни,2000,1000,1779695400,,[10],"[""постанова кабінету міністрів україни""]",2026-05-26T06:54:31.267134+00:00
UA:пропагандист,UA,пропагандист,пропагандист,1000,1000,1779764400,,[10],"[""пропагандист""]",2026-05-26T06:54:31.267134+00:00
UA:ветеран,UA,ветеран,ветеран,1000,1000,1779769200,,[10],"[""ветеран""]",2026-05-26T06:54:31.267134+00:00
UA:курс нбу,UA,курс нбу,курс нбу,2000,100,1779726600,,[3],"[""курс нбу"", ""нбу""]",2026-05-26T06:54:31.267134+00:00
UA:володимир зеленськии,UA,володимир зеленський,володимир зеленськии,500,1000,1779770400,,"[14, 10]","[""володимир зеленський""]",2026-05-26T06:54:31.267134+00:00
UA:pmg ua,UA,pmg ua,pmg ua,20000,1000,1779754200,1779776400,[3],"[""pmg ua"", ""pmg.ua""]",2026-05-26T06:54:31.267134+00:00
UA:паспорт,UA,паспорт,паспорт,1000,500,1779762000,,[10],"[""паспорт""]",2026-05-26T06:54:31.267134+00:00
UA:черкаська область,UA,черкаська область,черкаська область,200,900,1779770400,,[11],"[""черкаська область""]",2026-05-26T06:54:31.267134+00:00
UA:вода,UA,вода,вода,2000,800,1779763800,1779772800,"[3, 10]","[""вода""]",2026-05-26T06:54:31.267134+00:00
UA:погода киев,UA,погода киев,погода киев,2000,50,1779766200,1779774000,[20],"[""погода киев"", ""синоптик киев""]",2026-05-26T06:54:31.267134+00:00
UA:віина на виснаження,UA,війна на виснаження,віина на виснаження,1000,600,1779720000,1779777600,[10],"[""війна на виснаження""]",2026-05-26T06:54:31.267134+00:00
UA:переговори,UA,переговори,переговори,1000,1000,1779762000,1779771600,[10],"[""переговори""]",2026-05-26T06:54:31.267134+00:00
UA:біла церква,UA,біла церква,біла церква,1000,1000,1779763200,1779774600,[11],"[""біла церква""]",2026-05-26T06:54:31.267134+00:00
UA:марко рубіо,UA,марко рубіо,марко рубіо,500,300,1779766800,,[10],"[""марко рубіо"", ""новое время"", ""впк""]",2026-05-26T06:54:31.267134+00:00
"UA:вільям, принц уельськии",UA,"вільям, принц уельський","вільям, принц уельськии",100,400,1779775800,,[10],"[""вільям, принц уельський""]",2026-05-26T06:54:31.267134+00:00
UA:гаель монфіс,UA,гаель монфіс,гаель монфіс,1000,1000,1779734400,1779777600,[17],"[""гаель монфіс""]",2026-05-26T06:54:31.267134+00:00
UA:ракета,UA,ракета,ракета,10000,1000,1779696000,1779720600,[11],"[""ракета""]",2026-05-26T06:54:31.267134+00:00
UA:кіровоградська область,UA,кіровоградська область,кіровоградська область,500,600,1779759600,1779777600,[11],"[""кіровоградська область""]",2026-05-26T06:54:31.267134+00:00
UA:пищевои банк,UA,пищевой банк,пищевои банк,1000,800,1779727800,1779777000,[11],"[""пищевой банк""]",2026-05-26T06:54:31.267134+00:00
UA:тренер,UA,тренер,тренер,1000,500,1779720000,1779773400,[17],"[""тренер""]",2026-05-26T06:54:31.267134+00:00
UA:укрзалізниця,UA,укрзалізниця,укрзалізниця,500,100,1779772200,1779775800,[19],"[""укрзалізниця""]",2026-05-26T06:54:31.267134+00:00
UA:сбербанк,UA,сбербанк,сбербанк,1000,600,1779704400,1779770400,[11],"[""сбербанк""]",2026-05-26T06:54:31.267134+00:00
UA:росіяни,UA,росіяни,росіяни,500,400,1779759000,1779771000,[11],"[""росіяни""]",2026-05-26T06:54:31.267134+00:00
UA:анна бондар,UA,анна бондар,анна бондар,5000,1000,1779711600,1779765000,[17],"[""анна бондар"", ""еліна світоліна"", ""світоліна бондар""]",2026-05-26T06:54:31.267134+00:00
UA:арда туран,UA,арда туран,арда туран,2000,600,1779705600,1779755400,[17],"[""арда туран""]",2026-05-26T06:54:31.267134+00:00
UA:иларион,UA,иларион,иларион,1000,800,1779717600,1779772800,[11],"[""иларион""]",2026-05-26T06:54:31.267134+00:00
UA:дніпро,UA,дніпро,дніпро,200,200,1779762000,1779774000,[11],"[""дніпро""]",2026-05-26T06:54:31.267134+00:00
UA:овен,UA,овен,овен,200,400,1779771000,1779777000,[11],"[""овен"", ""26 мая""]",2026-05-26T06:54:31.267134+00:00
UA:магнітні бурі 25 травня 2026,UA,магнітні бурі 25 травня 2026,магнітні бурі 25 травня 2026,500,300,1779720600,1779771600,[20],"[""магнітні бурі 25 травня 2026""]",2026-05-26T06:54:31.267134+00:00
UA:storm shadow,UA,storm shadow,storm shadow,100,300,1779771000,1779777000,[10],"[""storm shadow""]",2026-05-26T06:54:31.267134+00:00
UA:школа,UA,школа,школа,200,100,1779766800,1779774000,[9],"[""школа""]",2026-05-26T06:54:31.267134+00:00
UA:макс барських,UA,макс барських,макс барських,200,300,1779738600,1779778200,[4],"[""макс барських""]",2026-05-26T06:54:31.267134+00:00
UA:фрукт,UA,фрукт,фрукт,100,300,1779771600,1779776400,"[3, 5]","[""фрукт""]",2026-05-26T06:54:31.267134+00:00
UA:валютныи рынок,UA,валютный рынок,валютныи рынок,1000,1000,1779714000,1779738000,[3],"[""валютный рынок""]",2026-05-26T06:54:31.267134+00:00
UA:поезд,UA,поезд,поезд,100,200,1779769200,1779776400,[11],"[""поезд""]",2026-05-26T06:54:31.267134+00:00
UA:переговоры,UA,переговоры,переговоры,200,400,1779764400,1779772200,[14],"[""переговоры""]",2026-05-26T06:54:31.267134+00:00
UA:кримськии півострів,UA,кримський півострів,кримськии півострів,1000,1000,1779706200,1779733800,[10],"[""кримський півострів""]",2026-05-26T06:54:31.267134+00:00
UA:bombardier,UA,bombardier,bombardier,500,400,1779709200,1779770400,[3],"[""bombardier""]",2026-05-26T06:54:31.267134+00:00
UA:водитель,UA,водитель,водитель,2000,1000,1779712200,1779726000,[11],"[""водитель""]",2026-05-26T06:54:31.267134+00:00
UA:владислав супряга,UA,владислав супряга,владислав супряга,1000,600,1779709200,1779735600,[17],"[""владислав супряга""]",2026-05-26T06:54:31.267134+00:00
UA:пенсионныи фонд,UA,пенсионный фонд,пенсионныи фонд,200,300,1779765000,1779769800,[3],"[""пенсионный фонд""]",2026-05-26T06:54:31.267134+00:00
UA:рик и морти 9 сезон,UA,рик и морти 9 сезон,рик и морти 9 сезон,500,200,1779724200,1779755400,[4],"[""рик и морти 9 сезон""]",2026-05-26T06:54:31.267134+00:00
UA:погода харьков,UA,погода харьков,погода харьков,500,50,1779765000,1779768000,[20],"[""погода харьков"", ""синоптик харьков""]",2026-05-26T06:54:31.267134+00:00
UA:запорожье,UA,запорожье,запорожье,200,200,1779763800,1779769800,[11],"[""запорожье""]",2026-05-26T06:54:31.267134+00:00
UA:кавальерс – никс,UA,кавальерс – никс,кавальерс – никс,200,700,1779769800,1779773400,[17],"[""кавальерс – никс"", ""нба""]",2026-05-26T06:54:31.267134+00:00
UA:реитинг wta,UA,рейтинг wta,реитинг wta,500,800,1779701400,1779729600,[17],"[""рейтинг wta""]",2026-05-26T06:54:31.267134+00:00
UA:служба безпеки украіни,UA,служба безпеки україни,служба безпеки украіни,200,200,1779765000,1779769800,[10],"[""служба безпеки україни""]",2026-05-26T06:54:31.267134+00:00
UA:затримання,UA,затримання,затримання,100,800,1779772200,1779774600,[10],"[""затримання""]",2026-05-26T06:54:31.267134+00:00
UA:погода украина,UA,погода украина,погода украина,100,200,1779755400,1779768600,[20],"[""погода украина""]",2026-05-26T06:54:31.267134+00:00
UA:міністерство фінансів,UA,міністерство фінансів,міністерство фінансів,100,300,1779738000,1779772800,[9],"[""міністерство фінансів""]",2026-05-26T06:54:31.267134+00:00
UA:втрати ворога,UA,втрати ворога,втрати ворога,100,100,1779769800,1779772800,[10],"[""втрати ворога""]",2026-05-26T06:54:31.267134+00:00
UA:олена рибакіна,UA,олена рибакіна,олена рибакіна,500,1000,1779709800,1779725400,[17],"[""олена рибакіна""]",2026-05-26T06:54:31.267134+00:00
UA:калининград,UA,калининград,калининград,200,800,1779733200,1779742200,[11],"[""калининград""]",2026-05-26T06:54:31.267134+00:00
UA:новости одессы,UA,новости одессы,новости одессы,100,100,1779760200,1779772200,[11],"[""новости одессы""]",2026-05-26T06:54:31.267134+00:00
UA:бортницька станція аераціі,UA,бортницька станція аерації,бортницька станція аераціі,500,900,1779709200,1779723000,[11],"[""бортницька станція аерації""]",2026-05-26T06:54:31.267134+00:00
UA:новости спорта,UA,новости спорта,новости спорта,100,100,1779748200,1779765600,[17],"[""новости спорта""]",2026-05-26T06:54:31.267134+00:00
UA:казахстан,UA,казахстан,казахстан,500,400,1779708000,1779723600,[9],"[""казахстан""]",2026-05-26T06:54:31.267134+00:00
UA:яна зінкевич,UA,яна зінкевич,яна зінкевич,500,1000,1779708000,1779718200,[10],"[""яна зінкевич""]",2026-05-26T06:54:31.267134+00:00
UA:удар по старобельску,UA,удар по старобельску,удар по старобельску,500,800,1779717000,1779726600,[11],"[""удар по старобельску""]",2026-05-26T06:54:31.267134+00:00
UA:украинцы,UA,украинцы,украинцы,100,100,1779762000,1779768600,[10],"[""украинцы""]",2026-05-26T06:54:31.267134+00:00
UA:министр иностранных дел эстонии,UA,министр иностранных дел эстонии,министр иностранных дел эстонии,200,500,1779718800,1779735600,"[14, 10]","[""министр иностранных дел эстонии""]",2026-05-26T06:54:31.267134+00:00
UA:даяна ястремська,UA,даяна ястремська,даяна ястремська,1000,1000,1779700800,1779706800,[17],"[""даяна ястремська""]",2026-05-26T06:54:31.267134+00:00
UA:валютнии курс,UA,валютний курс,валютнии курс,500,500,1779700800,1779713400,[3],"[""валютний курс""]",2026-05-26T06:54:31.267134+00:00
UA:ефим конопля,UA,ефим конопля,ефим конопля,200,500,1779720000,1779732000,[17],"[""ефим конопля""]",2026-05-26T06:54:31.267134+00:00
UA:старобільськ,UA,старобільськ,старобільськ,200,500,1779717000,1779757200,[10],"[""старобільськ""]",2026-05-26T06:54:31.267134+00:00
UA:элина свитолина,UA,элина свитолина,элина свитолина,1000,1000,1779712800,1779715800,[17],"[""элина свитолина""]",2026-05-26T06:54:31.267134+00:00
UA:тони беллью,UA,тони беллью,тони беллью,200,800,1779699600,1779709800,[17],"[""тони беллью""]",2026-05-26T06:54:31.267134+00:00
UA:ios 18,UA,ios 18,ios 18,200,900,1779724200,1779732000,[18],"[""ios 18""]",2026-05-26T06:54:31.267134+00:00
UA:таганрог,UA,таганрог,таганрог,200,1000,1779737400,1779741000,"[3, 5]","[""таганрог""]",2026-05-26T06:54:31.267134+00:00
UA:норвегия,UA,норвегия,норвегия,200,300,1779706200,1779727800,[17],"[""норвегия""]",2026-05-26T06:54:31.267134+00:00
UA:твіч,UA,твіч,твіч,200,200,1779734400,1779738000,"[6, 4]","[""твіч""]",2026-05-26T06:54:31.267134+00:00
UA:кам'янське,UA,кам'янське,кам'янське,200,1000,1779737400,1779741000,[11],"[""кам'янське""]",2026-05-26T06:54:31.267134+00:00
UA:іга свьонтек,UA,іга свьонтек,іга свьонтек,500,1000,1779706200,1779710400,[17],"[""іга свьонтек""]",2026-05-26T06:54:31.267134+00:00
UA:обозреватель,UA,обозреватель,обозреватель,100,100,1779763200,1779765600,"[10, 14]","[""обозреватель""]",2026-05-26T06:54:31.267134+00:00
UA:елена рыбакина,UA,елена рыбакина,елена рыбакина,200,800,1779711000,1779724800,[17],"[""елена рыбакина""]",2026-05-26T06:54:31.267134+00:00
UA:фран фернандес,UA,фран фернандес,фран фернандес,200,400,1779713400,1779722400,[17],"[""фран фернандес""]",2026-05-26T06:54:31.267134+00:00
UA:костянтинівка,UA,костянтинівка,костянтинівка,200,1000,1779723000,1779727200,[11],"[""костянтинівка""]",2026-05-26T06:54:31.267134+00:00
UA:днепр,UA,днепр,днепр,200,800,1779718800,1779722400,[11],"[""днепр""]",2026-05-26T06:54:31.267134+00:00
UA:графік відключення світла,UA,графік відключення світла,графік відключення світла,200,500,1779737400,1779740400,[11],"[""графік відключення світла""]",2026-05-26T06:54:31.267134+00:00
UA:іван іщенко,UA,іван іщенко,іван іщенко,200,600,1779708600,1779714600,[10],"[""іван іщенко""]",2026-05-26T06:54:31.267134+00:00
UA:юхим конопля,UA,юхим конопля,юхим конопля,200,600,1779720000,1779724800,[17],"[""юхим конопля""]",2026-05-26T06:54:31.267134+00:00
UA:ии,UA,ии,ии,100,75,1779750000,1779753000,[15],"[""ии""]",2026-05-26T06:54:31.267134+00:00
UA:даяна ястремская,UA,даяна ястремская,даяна ястремская,200,1000,1779701400,1779705600,[17],"[""даяна ястремская""]",2026-05-26T06:54:31.267134+00:00
UA:погода харків,UA,погода харків,погода харків,500,200,1779695400,1779698400,[20],"[""погода харків""]",2026-05-26T06:54:31.267134+00:00
UA:the witcher remake,UA,the witcher remake,the witcher remake,200,400,1779714000,1779723600,[11],"[""the witcher remake""]",2026-05-26T06:54:31.267134+00:00
"UA:свентек, ига",UA,"свёнтек, ига","свентек, ига",200,800,1779708000,1779711600,[17],"[""свёнтек, ига""]",2026-05-26T06:54:31.267134+00:00
UA:вислуга років,UA,вислуга років,вислуга років,100,300,1779717000,1779769800,"[3, 10]","[""вислуга років""]",2026-05-26T06:54:31.267134+00:00
UA:павлоград,UA,павлоград,павлоград,100,300,1779693600,1779697800,[11],"[""павлоград""]",2026-05-26T06:54:31.267134+00:00
UA:туреччина,UA,туреччина,туреччина,100,300,1779726000,1779728400,[3],"[""туреччина""]",2026-05-26T06:54:31.267134+00:00
UA:харьковская область,UA,харьковская область,харьковская область,100,500,1779708600,1779710400,[11],"[""харьковская область""]",2026-05-26T06:54:31.267134+00:00
UA:стерненко,UA,стерненко,стерненко,100,300,1779696600,1779699000,[10],"[""стерненко""]",2026-05-26T06:54:31.267134+00:00
UA:президент финляндии,UA,президент финляндии,президент финляндии,100,400,1779720000,1779721200,"[14, 10]","[""президент финляндии""]",2026-05-26T06:54:31.267134+00:00
US:rockies vs dodgers,US,rockies vs dodgers,rockies vs dodgers,50000,1000,1779754800,,[17],"[""rockies vs dodgers"", ""emmet sheehan"", ""dodgers vs rockies"", ""rockies"", ""kyle karros""]",2026-05-26T06:55:21.737135+00:00
US:nba finals,US,nba finals,nba finals,1000000,400,1779755400,,[17],"[""nba finals"", ""knicks"", ""1999 nba finals"", ""knicks vs cavs"", ""knicks game"", ""new york knicks"", ""did the knicks win"", ""nba finals 2026"", ""knicks finals"", ""nba championship"", ""last time knicks were in the finals"", ""ny knicks"", ""cavs vs knicks"", ""cavs"", ""rick brunson"", ""james harden"", ""knicks score"", ""karl-anthony towns"", ""when was the last time the knicks were in the finals"", ""knicks game today"", ""knicks vs cleveland cavaliers match player stats"", ""knicks cavs"", ""where to watch cleveland cavaliers vs knicks"", ""where to watch knicks vs cleveland cavaliers"", ""knicks game tonight"", ""knicks vs"", ""nyk"", ""knicks - cavaliers"", ""western conference finals"", ""ny knicks game"", ""cavs knicks"", ""cavs score"", ""knicks vs spurs"", ""knicks championships"", ""thomas bryant"", ""nba finals tickets"", ""what channel is the knicks game on tonight"", ""when is the nba finals"", ""jalen brunson stats"", ""knicks vs cleveland cavaliers"", ""knicks players"", ""the knicks"", ""basketball game tonight"", ""cavs game"", ""nicks game"", ""knicks vs cavs game 4"", ""ny knicks score"", ""nyk vs cavs"", ""are the knicks in the finals"", ""did the knicks win tonight"", ""knicks last championship"", ""jarrett allen"", ""where can i watch the knicks game tonight"", ""knicks vs cavaliers where to watch"", ""knicks."", ""eastern conference finals"", ""cleveland cavaliers vs knicks"", ""cleveland cavaliers vs knicks match player stats"", ""when are the nba finals"", ""knicks game score"", ""nba playoff bracket"", ""what time is the knicks game tonight"", ""knocks game"", ""cavs vs knicks game 4"", ""last knicks championship"", ""last time the knicks were in the finals"", ""where to watch the knicks game tonight"", ""finals nba"", ""knicks last finals appearance"", ""nyknicks"", ""knicks win"", ""knicks games"", ""how to watch knicks game tonight"", ""nba bracket"", ""where to watch knicks game"", ""knicks score today"", ""knicks v cavs"", ""finals schedule nba"", ""knicks playoffs"", ""nba final"", ""knicks nba finals"", ""nba brackets"", ""nba game tonight"", ""knicks vs cleveland cavaliers timeline"", ""have the knicks ever won a championship"", ""knicks eastern conference finals"", ""nba finals game 1"", ""knicks game tonight live"", ""knicks vs cavs prediction"", ""cleveland"", ""nba bracket 2026"", ""nba western conference finals"", ""last knicks finals appearance"", ""watch knicks game tonight"", ""cavs vs"", ""knicks basketball"", ""when was the last knicks championship"", ""last time knicks made finals"", ""knicks next game"", ""nba game today"", ""who will the knicks play in the finals"", ""knicks game 4"", ""when was the last time the knicks won the finals"", ""are the knicks going to the finals"", ""finals"", ""when is nba finals"", ""where to watch knicks game tonight"", ""nba playoffs bracket"", ""knicks game where to watch"", ""last time knicks in finals"", ""knicks vs cavs where to watch"", ""knicks where to watch"", ""brunson stats"", ""nba knicks"", ""nyk vs cle"", ""knicks game channel"", ""how to watch the knicks game tonight"", ""1999 knicks"", ""what channel is the knicks game on"", ""2026 nba finals"", ""knicks game live"", ""where to watch knicks"", ""knicks game streaming"", ""knick game""]",2026-05-26T06:55:21.737135+00:00
US:ama awards 2026,US,ama awards 2026,ama awards 2026,100000,600,1779741600,,[4],"[""ama awards 2026"", ""amas"", ""amas 2026"", ""american music awards"", ""new kids on the block"", ""katseye"", ""keith urban"", ""ama awards"", ""queen latifah 2026 amas"", ""where to watch amas"", ""where to watch amas 2026"", ""music awards tonight"", ""american music awards 2026 performers"", ""ama 2026"", ""ama performers 2026"", ""american music awards 2026 where to watch"", ""amas live"", ""where to watch the amas"", ""amas performers 2026"", ""ama nominations 2026"", ""amas 2026 where to watch"", ""american music awards 2026 vote"", ""amas vote"", ""teyana taylor 2026 amas"", ""music"", ""american music awards of 2026"", ""where can i watch the amas"", ""ama live""]",2026-05-26T06:55:21.737135+00:00
US:ferrari luce,US,ferrari luce,ferrari luce,20000,1000,1779738600,,[1],"[""ferrari luce"", ""ferrari"", ""ferrari luce price"", ""insideevs""]",2026-05-26T06:55:21.737135+00:00
US:billy idol,US,billy idol,billy idol,20000,1000,1779753600,,[4],"[""billy idol""]",2026-05-26T06:55:21.737135+00:00
US:mariners vs athletics,US,mariners vs athletics,mariners vs athletics,20000,1000,1779756600,,[17],"[""mariners vs athletics"", ""luis castillo"", ""mariners - athletics""]",2026-05-26T06:55:21.737135+00:00
US:wander franco,US,wander franco,wander franco,50000,1000,1779735600,,[11],"[""wander franco"", ""rays"", ""tampa bay rays""]",2026-05-26T06:55:21.737135+00:00
US:hurricanes vs canadiens,US,hurricanes vs canadiens,hurricanes vs canadiens,100000,1000,1779752400,,[17],"[""hurricanes vs canadiens"", ""carolina hurricanes"", ""hurricanes"", ""canadiens"", ""montreal canadiens"", ""canes hockey"", ""canes game"", ""hurricanes hockey"", ""sebastian aho"", ""habs"", ""montreal vs carolina"", ""claude lemieux"", ""jalen chatfield"", ""hurricanes game"", ""sling tv"", ""jakub dobes"", ""sling"", ""shayne gostisbehere"", ""canes vs canadiens"", ""rod brind'amour"", ""andrei svechnikov"", ""habs game"", ""svechnikov"", ""canes score""]",2026-05-26T06:55:21.737135+00:00
US:yankees vs royals,US,yankees vs royals,yankees vs royals,50000,1000,1779735000,,[17],"[""yankees vs royals"", ""kansas city royals"", ""royals"", ""will warren"", ""kc royals"", ""nyy"", ""royals game"", ""where to watch new york yankees vs kansas city royals""]",2026-05-26T06:55:21.737135+00:00
US:phillies vs padres,US,phillies vs padres,phillies vs padres,50000,1000,1779745200,,[17],"[""phillies vs padres"", ""mlb games""]",2026-05-26T06:55:21.737135+00:00
US:astros vs rangers,US,astros vs rangers,astros vs rangers,100000,1000,1779747000,,[17],"[""astros vs rangers"", ""alimber santa"", ""mlb"", ""tatsuya imai"", ""astros"", ""astros - rangers"", ""houston astros"", ""rangers"", ""astros no hitter"", ""no hitter"", ""astros no hitters"", ""astros standings""]",2026-05-26T06:55:21.737135+00:00
US:sonny rollins,US,sonny rollins,sonny rollins,20000,1000,1779759000,,[4],"[""sonny rollins"", ""giant""]",2026-05-26T06:55:21.737135+00:00
US:2026 fifa world cup transit,US,2026 fifa world cup transit,2026 fifa world cup transit,20000,700,1779726600,,[11],"[""2026 fifa world cup transit""]",2026-05-26T06:55:21.737135+00:00
US:timothee chalamet,US,timothee chalamet,timothee chalamet,50000,500,1779757200,,[4],"[""timothee chalamet"", ""spike lee"", ""kylie jenner"", ""tracy morgan"", ""timothée chalamet"", ""chalamet"", ""timothée chalamet kylie jenner"", ""mgk""]",2026-05-26T06:55:21.737135+00:00
US:bts,US,bts,bts,50000,300,1779753600,,[4],"[""bts"", ""sombr"", ""ama winners"", ""american music awards 2026 winners"", ""amas winners 2026"", ""bts amas 2026"", ""american music awards 2026 bts"", ""bts ama"", ""bts amas"", ""is bts performing at amas 2026"", ""amas 2026 winners"", ""amas winners"", ""who is performing at the amas 2026"", ""american music awards winners 2026"", ""ama voting 2026"", ""where are the amas 2026""]",2026-05-26T06:55:21.737135+00:00
US:baby boomer economic impact,US,baby boomer economic impact,baby boomer economic impact,20000,500,1779711600,,[11],"[""baby boomer economic impact""]",2026-05-26T06:55:21.737135+00:00
US:kevin costner horizon prime video,US,kevin costner horizon prime video,kevin costner horizon prime video,20000,600,1779718800,,[4],"[""kevin costner horizon prime video""]",2026-05-26T06:55:21.737135+00:00
US:diamondbacks vs giants,US,diamondbacks vs giants,diamondbacks vs giants,20000,1000,1779739800,,[17],"[""diamondbacks vs giants"", ""dbacks - giants""]",2026-05-26T06:55:21.737135+00:00
US:daleza fregoso,US,daleza fregoso,daleza fregoso,50000,1000,1779763200,,[10],"[""daleza fregoso"", ""amber alert"", ""daleza fregoso amber alert"", ""amber alert los angeles"", ""amber alert los angeles today"", ""amber alert daleza fregoso"", ""current amber alert today"", ""amber alert la"", ""amber alert near me"", ""amber alert now"", ""amber alert daleza"", ""daleza"", ""daleza fregozo amber alert"", ""california amber alert"", ""amber alert ca"", ""amber alert california today""]",2026-05-26T06:55:21.737135+00:00
US:sun vs valkyries,US,sun vs valkyries,sun vs valkyries,10000,900,1779758400,,[17],"[""sun vs valkyries"", ""valkyries"", ""gabby williams"", ""juste jocyte"", ""connecticut sun""]",2026-05-26T06:55:21.737135+00:00
US:queen latifah,US,queen latifah,queen latifah,10000,800,1779750000,,[4],"[""queen latifah"", ""eboni nichols""]",2026-05-26T06:55:21.737135+00:00
US:portland fire vs liberty,US,portland fire vs liberty,portland fire vs liberty,20000,800,1779750600,,[17],"[""portland fire vs liberty"", ""ny liberty"", ""new york liberty"", ""carla leite"", ""marine johannes""]",2026-05-26T06:55:21.737135+00:00
US:will levis,US,will levis,will levis,20000,100,1779728400,,[11],"[""will levis"", ""gia duddy will levis"", ""will levis video"", ""levis""]",2026-05-26T06:55:21.737135+00:00
US:george floyd,US,george floyd,george floyd,10000,200,1779714000,,[11],"[""george floyd""]",2026-05-26T06:55:21.737135+00:00
US:karol g,US,karol g,karol g,10000,1000,1779756600,,[4],"[""karol g""]",2026-05-26T06:55:21.737135+00:00
US:may 27 social security payment,US,may 27 social security payment,may 27 social security payment,20000,200,1779751800,,"[3, 10]","[""may 27 social security payment"", ""social security administration may payments""]",2026-05-26T06:55:21.737135+00:00
US:dodge viper successor news,US,dodge viper successor news,dodge viper successor news,10000,400,1779743400,,[1],"[""dodge viper successor news""]",2026-05-26T06:55:21.737135+00:00
US:gael monfils,US,gael monfils,gael monfils,50000,400,1779719400,,[17],"[""gael monfils"", ""monfils"", ""hugo gaston"", ""gaël monfils"", ""monfils wife"", ""frances tiafoe"", ""elina svitolina"", ""gael monfils wife"", ""tennis scores today""]",2026-05-26T06:55:21.737135+00:00
US:monroe community media colbert,US,monroe community media colbert,monroe community media colbert,20000,200,1779757200,,[4],"[""monroe community media colbert"", ""only in monroe colbert"", ""cbs"", ""stephen colbert public access return"", ""colbert monroe michigan"", ""jeff daniels""]",2026-05-26T06:55:21.737135+00:00
US:mike brown,US,mike brown,mike brown,10000,600,1779753600,,[17],"[""mike brown"", ""mike brown coach"", ""knicks head coach""]",2026-05-26T06:55:21.737135+00:00
US:us strikes on iran,US,us strikes on iran,us strikes on iran,20000,400,1779766200,,"[14, 10]","[""us strikes on iran"", ""us strikes iran"", ""us strikes iran today"", ""iran"", ""iran strike"", ""strikes on iran"", ""us iran"", ""iran war"", ""iran strikes"", ""iran news today""]",2026-05-26T06:55:21.737135+00:00
US:yosemite national park visitor congestion,US,yosemite national park visitor congestion,yosemite national park visitor congestion,5000,200,1779745800,,[19],"[""yosemite national park visitor congestion""]",2026-05-26T06:55:21.737135+00:00
US:gta 6 release date,US,gta 6 release date,gta 6 release date,5000,100,1779764400,,[6],"[""gta 6 release date"", ""when is gta 6 coming out"", ""rockstar games""]",2026-05-26T06:55:21.737135+00:00
US:lindsie chrisley,US,lindsie chrisley,lindsie chrisley,10000,200,1779737400,,"[4, 10]","[""lindsie chrisley"", ""lindsie chrisley dui""]",2026-05-26T06:55:21.737135+00:00
US:peelander z injuries,US,peelander z injuries,peelander z injuries,5000,100,1779750600,,[4],"[""peelander z injuries"", ""peelander-z""]",2026-05-26T06:55:21.737135+00:00
US:white house state ballroom,US,white house state ballroom,white house state ballroom,10000,200,1779733800,,"[10, 14]","[""white house state ballroom"", ""white""]",2026-05-26T06:55:21.737135+00:00
US:pewdiepie,US,pewdiepie,pewdiepie,5000,75,1779730800,,[4],"[""pewdiepie"", ""pewdiepie and marzia""]",2026-05-26T06:55:21.737135+00:00
US:costco,US,costco,costco,500000,75,1779709200,1779749400,[8],"[""costco"", ""walmart"", ""publix"", ""is costco open today"", ""is today memorial day"", ""aldi near me"", ""publix near me"", ""target memorial day hours"", ""restaurants open on memorial day"", ""decoration day"", ""is sams open on memorial day 2026"", ""walmart memorial day hours"", ""whats open on memorial day"", ""is costco gas open on memorial day"", ""food lion"", ""what stores are open on memorial day"", ""are banks closed on memorial day"", ""what restaurants are open on memorial day"", ""is whole foods open on memorial day"", ""sam's club memorial day hours"", ""what is open on memorial day"", ""is walmart open today"", ""is walmart open on memorial day 2026"", ""aldi memorial day hours"", ""what stores are closed on memorial day"", ""are banks open on memorial day"", ""stores open on memorial day 2026"", ""is cvs pharmacy open on memorial day"", ""is publix open today"", ""costco open today"", ""is marshalls open on memorial day"", ""is cvs open on memorial day"", ""publix memorial day hours"", ""does ups deliver on memorial day"", ""holiday today"", ""is aldi open on memorial day 2026"", ""is target open today"", ""places open on memorial day"", ""does the mail run on memorial day"", ""whats open on memorial day 2026"", ""is kroger open on memorial day"", ""costco closed on memorial day"", ""what is closed on memorial day"", ""king soopers"", ""target open on memorial day"", ""costco hours memorial day"", ""are banks open today"", ""are restaurants open on memorial day"", ""is the market open on memorial day"", ""what's open on memorial day"", ""is costco open memorial day"", ""stores open on memorial day"", ""publix open memorial day"", ""are grocery stores open on memorial day"", ""is there mail on memorial day"", ""publix hours"", ""is aldi open today"", ""is publix open on memorial day 2026"", ""walmart open memorial day"", ""is post office open on memorial day""]",2026-05-26T06:55:21.737135+00:00
US:richard gere,US,richard gere,richard gere,20000,100,1779726000,,[4],"[""richard gere"", ""sydney sweeney"", ""sydney sweeney euphoria"", ""richard gere son""]",2026-05-26T06:55:21.737135+00:00
US:jalen brunson,US,jalen brunson,jalen brunson,50000,800,1779756600,1779775200,[17],"[""jalen brunson"", ""knicks finals tickets"", ""brunson"", ""last time knicks won championship"", ""knicks finals appearances"", ""last time knicks went to finals"", ""nba finals schedule 2026"", ""when was the last time the knicks won a championship"", ""ecf mvp"", ""larry bird"", ""eastern conference finals mvp"", ""ny nicks"", ""brunson knicks"", ""walt clyde frazier""]",2026-05-26T06:55:21.737135+00:00
US:cathie wood,US,cathie wood,cathie wood,5000,100,1779744000,,[3],"[""cathie wood"", ""cathie wood bitcoin price target""]",2026-05-26T06:55:21.737135+00:00
US:jose alvarado,US,jose alvarado,jose alvarado,5000,300,1779756000,,[17],"[""jose alvarado""]",2026-05-26T06:55:21.737135+00:00
US:landry shamet,US,landry shamet,landry shamet,20000,1000,1779756600,1779777600,[17],"[""landry shamet"", ""shamet"", ""shamet knicks""]",2026-05-26T06:55:21.737135+00:00
US:russell crowe,US,russell crowe,russell crowe,2000,100,1779753600,,[4],"[""russell crowe""]",2026-05-26T06:55:21.737135+00:00
US:007 first light review,US,007 first light review,007 first light review,5000,50,1779708000,,[6],"[""007 first light review""]",2026-05-26T06:55:21.737135+00:00
US:kerry sheron,US,kerry sheron,kerry sheron,5000,100,1779744600,,[10],"[""kerry sheron""]",2026-05-26T06:55:21.737135+00:00
US:new orleans,US,new orleans,new orleans,5000,50,1779723000,,[10],"[""new orleans""]",2026-05-26T06:55:21.737135+00:00
US:spurs vs okc game 5,US,spurs vs okc game 5,spurs vs okc game 5,5000,100,1779715200,,[17],"[""spurs vs okc game 5""]",2026-05-26T06:55:21.737135+00:00
US:miley cyrus,US,miley cyrus,miley cyrus,2000,200,1779770400,,[4],"[""miley cyrus""]",2026-05-26T06:55:21.737135+00:00
US:rachel ward,US,rachel ward,rachel ward,2000,100,1779714600,,[4],"[""rachel ward""]",2026-05-26T06:55:21.737135+00:00
US:cardinals vs brewers,US,cardinals vs brewers,cardinals vs brewers,50000,1000,1779729600,1779767400,[17],"[""cardinals vs brewers"", ""brewers"", ""milwaukee brewers"", ""brewers score"", ""jacob misiorowski"", ""brewers game"", ""brewers schedule"", ""misiorowski""]",2026-05-26T06:55:21.737135+00:00
US:cubs vs pirates,US,cubs vs pirates,cubs vs pirates,50000,1000,1779727200,1779771000,[17],"[""cubs vs pirates"", ""cubs vs pirates prediction""]",2026-05-26T06:55:21.737135+00:00
US:reds vs mets,US,reds vs mets,reds vs mets,20000,1000,1779736800,1779768600,[17],"[""reds vs mets""]",2026-05-26T06:55:21.737135+00:00
US:sza,US,sza,sza,2000,100,1779759000,,[4],"[""sza""]",2026-05-26T06:55:21.737135+00:00
US:benjamin netanyahu,US,benjamin netanyahu,benjamin netanyahu,2000,75,1779766200,,[11],"[""benjamin netanyahu"", ""netanyahu""]",2026-05-26T06:55:21.737135+00:00
US:benjamin kyle,US,benjamin kyle,benjamin kyle,2000,100,1779757200,,[4],"[""benjamin kyle""]",2026-05-26T06:55:21.737135+00:00
US:kirk cousins,US,kirk cousins,kirk cousins,500,700,1779775200,,[17],"[""kirk cousins""]",2026-05-26T06:55:21.737135+00:00
US:nationals vs guardians,US,nationals vs guardians,nationals vs guardians,20000,1000,1779744000,1779769200,[17],"[""nationals vs guardians"", ""nationals - guardians""]",2026-05-26T06:55:21.737135+00:00
US:karl anthony towns,US,karl anthony towns,karl anthony towns,10000,700,1779754200,1779774000,[17],"[""karl anthony towns""]",2026-05-26T06:55:21.737135+00:00
US:trae young,US,trae young,trae young,2000,100,1779762000,,[17],"[""trae young""]",2026-05-26T06:55:21.737135+00:00
US:affordable care act,US,affordable care act,affordable care act,2000,75,1779759000,,[3],"[""affordable care act""]",2026-05-26T06:55:21.737135+00:00
US:marlins vs blue jays,US,marlins vs blue jays,marlins vs blue jays,10000,700,1779747600,1779775200,[17],"[""marlins vs blue jays"", ""marlins - blue jays""]",2026-05-26T06:55:21.737135+00:00
US:rays vs orioles,US,rays vs orioles,rays vs orioles,20000,1000,1779727200,1779764400,[17],"[""rays vs orioles"", ""victor mesa jr"", ""rays vs orioles prediction""]",2026-05-26T06:55:21.737135+00:00
US:kike hernandez,US,kike hernandez,kike hernandez,2000,100,1779757200,,[17],"[""kike hernandez"", ""enrique hernandez""]",2026-05-26T06:55:21.737135+00:00
US:the lincoln lawyer,US,the lincoln lawyer,the lincoln lawyer,20000,700,1779716400,1779760800,[4],"[""the lincoln lawyer""]",2026-05-26T06:55:21.737135+00:00
US:natalie maines,US,natalie maines,natalie maines,20000,900,1779742800,1779765600,[4],"[""natalie maines"", ""the chicks""]",2026-05-26T06:55:21.737135+00:00
US:darius rucker,US,darius rucker,darius rucker,10000,500,1779754200,1779774600,[4],"[""darius rucker"", ""hootie and the blowfish""]",2026-05-26T06:55:21.737135+00:00
US:ian roberts sentencing memo,US,ian roberts sentencing memo,ian roberts sentencing memo,20000,500,1779726000,1779767400,[10],"[""ian roberts sentencing memo""]",2026-05-26T06:55:21.737135+00:00
US:twins vs white sox,US,twins vs white sox,twins vs white sox,20000,1000,1779729600,1779770400,[17],"[""twins vs white sox"", ""twins"", ""twins - white sox""]",2026-05-26T06:55:21.737135+00:00
US:trump approval rating,US,trump approval rating,trump approval rating,10000,400,1779735000,1779772800,[14],"[""trump approval rating""]",2026-05-26T06:55:21.737135+00:00
US:christian bale,US,christian bale,christian bale,1000,100,1779770400,,[4],"[""christian bale""]",2026-05-26T06:55:21.737135+00:00
US:brazil,US,brazil,brazil,1000,100,1779766800,,[7],"[""brazil""]",2026-05-26T06:55:21.737135+00:00
US:off campus' season 2,US,off campus' season 2,off campus' season 2,10000,400,1779724200,1779766800,[4],"[""off campus' season 2"", ""off campus season 2 updates""]",2026-05-26T06:55:21.737135+00:00
US:teddy swims,US,teddy swims,teddy swims,10000,500,1779734400,1779777600,[4],"[""teddy swims""]",2026-05-26T06:55:21.737135+00:00
US:princeton lacrosse,US,princeton lacrosse,princeton lacrosse,50000,400,1779728400,1779758400,[17],"[""princeton lacrosse"", ""notre dame lacrosse"", ""lacrosse championship"", ""princeton lacrosse roster"", ""lacrosse national championship"", ""notre dame lacrosse score"", ""notre dame lacrosse roster"", ""ncaa lacrosse"", ""notre dame vs princeton"", ""chad palumbo"", ""princeton notre dame lacrosse"", ""chad palumbo lacrosse"", ""lacrosse"", ""notre dame"", ""nd lacrosse"", ""notre dame princeton lacrosse"", ""princeton"", ""ncaa lacrosse championship 2026"", ""princeton lacrosse score"", ""princeton men's lacrosse"", ""notre dame vs princeton score"", ""college lacrosse championship"", ""ncaa men's lacrosse""]",2026-05-26T06:55:21.737135+00:00
US:mikal bridges,US,mikal bridges,mikal bridges,10000,600,1779756600,1779770400,[17],"[""mikal bridges""]",2026-05-26T06:55:21.737135+00:00
US:kenny atkinson,US,kenny atkinson,kenny atkinson,10000,300,1779757200,1779772800,[17],"[""kenny atkinson"", ""knicks coach"", ""stephen a smith""]",2026-05-26T06:55:21.737135+00:00
US:jordan clarkson,US,jordan clarkson,jordan clarkson,5000,500,1779760200,1779775200,[17],"[""jordan clarkson""]",2026-05-26T06:55:21.737135+00:00
US:patrick ewing,US,patrick ewing,patrick ewing,5000,600,1779762000,1779775200,[17],"[""patrick ewing""]",2026-05-26T06:55:21.737135+00:00
US:stock futures,US,stock futures,stock futures,10000,400,1779746400,1779772200,[3],"[""stock futures"", ""dow futures"", ""stock market news today""]",2026-05-26T06:55:21.737135+00:00
US:oregon,US,oregon,oregon,2000,50,1779763200,,[17],"[""oregon"", ""oregon state baseball""]",2026-05-26T06:55:21.737135+00:00
US:magnifica humanitas,US,magnifica humanitas,magnifica humanitas,20000,200,1779705000,1779778200,[11],"[""magnifica humanitas"", ""encyclical"", ""pope leo encyclical"", ""pope leo xiv"", ""anthropic"", ""christopher olah""]",2026-05-26T06:55:21.737135+00:00
US:gop concerns trump midterm,US,gop concerns trump midterm,gop concerns trump midterm,20000,400,1779708600,1779767400,[14],"[""gop concerns trump midterm""]",2026-05-26T06:55:21.737135+00:00
US:warrant,US,warrant,warrant,10000,200,1779729000,1779778200,[10],"[""warrant""]",2026-05-26T06:55:21.737135+00:00
US:mitchell robinson,US,mitchell robinson,mitchell robinson,10000,900,1779755400,1779768000,[17],"[""mitchell robinson""]",2026-05-26T06:55:21.737135+00:00
US:wayne gretzky,US,wayne gretzky,wayne gretzky,5000,500,1779753600,1779770400,[17],"[""wayne gretzky""]",2026-05-26T06:55:21.737135+00:00
US:spurs vs thunder game 5,US,spurs vs thunder game 5,spurs vs thunder game 5,2000,50,1779762600,,[17],"[""spurs vs thunder game 5"", ""shaq""]",2026-05-26T06:55:21.737135+00:00
US:nyc,US,nyc,nyc,1000,75,1779762000,,[11],"[""nyc""]",2026-05-26T06:55:21.737135+00:00
US:house of the dragon,US,house of the dragon,house of the dragon,2000,50,1779755400,,[4],"[""house of the dragon""]",2026-05-26T06:55:21.737135+00:00
US:mlb scores,US,mlb scores,mlb scores,20000,200,1779731400,1779750600,[11],"[""mlb scores""]",2026-05-26T06:55:21.737135+00:00
US:ranveer singh,US,ranveer singh,ranveer singh,500,50,1779768600,,[4],"[""ranveer singh""]",2026-05-26T06:55:21.737135+00:00
US:old navy,US,old navy,old navy,50000,50,1779711600,1779745200,[10],"[""old navy""]",2026-05-26T06:55:21.737135+00:00
US:leon thomas,US,leon thomas,leon thomas,5000,700,1779756000,1779771600,[4],"[""leon thomas""]",2026-05-26T06:55:21.737135+00:00
US:miles mcbride,US,miles mcbride,miles mcbride,5000,300,1779756600,1779774000,[17],"[""miles mcbride"", ""deuce mcbride""]",2026-05-26T06:55:21.737135+00:00
US:deportacion,US,deportación,deportacion,10000,300,1779704400,1779757200,[10],"[""deportación""]",2026-05-26T06:55:21.737135+00:00
US:did maddy sleep with alamo,US,did maddy sleep with alamo,did maddy sleep with alamo,500,75,1779769800,,[4],"[""did maddy sleep with alamo""]",2026-05-26T06:55:21.737135+00:00
US:ncaa baseball bracket,US,ncaa baseball bracket,ncaa baseball bracket,20000,200,1779725400,1779761400,[17],"[""ncaa baseball bracket"", ""college baseball regionals"", ""college baseball"", ""college baseball selection show"", ""ncaa baseball tournament bracket"", ""college baseball bracket"", ""ncaa baseball rankings"", ""ncaa baseball bracket 2026"", ""sports"", ""ncaa baseball selection show 2026"", ""college baseball playoffs"", ""ncaa"", ""ncaa selection show baseball"", ""ncaa baseball regionals 2026 schedule"", ""college baseball regionals 2026"", ""2026 ncaa baseball tournament"", ""ncaa baseball tournament selection 2026"", ""ncaa regionals baseball"", ""baseball regionals 2026"", ""baseball regionals""]",2026-05-26T06:55:21.737135+00:00
US:rockies - dodgers,US,rockies - dodgers,rockies - dodgers,5000,300,1779756000,1779772800,[17],"[""rockies - dodgers"", ""colorado rockies""]",2026-05-26T06:55:21.737135+00:00
US:how many episodes in euphoria season 3,US,how many episodes in euphoria season 3,how many episodes in euphoria season 3,5000,100,1779769200,1779774000,[4],"[""how many episodes in euphoria season 3"", ""where to watch euphoria"", ""euphoria season 4"", ""is this the last season of euphoria"", ""euphoria season 3 episode 8"", ""euphoria season 3 how many episodes"", ""nate euphoria death""]",2026-05-26T06:55:21.737135+00:00
US:boroughs cast,US,boroughs cast,boroughs cast,10000,75,1779751200,1779771000,[4],"[""boroughs cast"", ""cast of the boroughs"", ""the boroughs season 2"", ""boroughs""]",2026-05-26T06:55:21.737135+00:00
US:united airlines,US,united airlines,united airlines,20000,75,1779706800,1779747600,"[19, 3]","[""united airlines""]",2026-05-26T06:55:21.737135+00:00
US:sam barber,US,sam barber,sam barber,2000,500,1779761400,1779776400,"[4, 8]","[""sam barber""]",2026-05-26T06:55:21.737135+00:00
US:obsession box office,US,obsession box office,obsession box office,500,50,1779769800,,[4],"[""obsession box office""]",2026-05-26T06:55:21.737135+00:00
US:american airlines dfw flight cancellations,US,american airlines dfw flight cancellations,american airlines dfw flight cancellations,5000,200,1779735600,1779765000,[11],"[""american airlines dfw flight cancellations""]",2026-05-26T06:55:21.737135+00:00
US:josh hart,US,josh hart,josh hart,5000,800,1779762000,1779767400,[17],"[""josh hart""]",2026-05-26T06:55:21.737135+00:00
US:elizabeth smart,US,elizabeth smart,elizabeth smart,5000,75,1779706800,1779776400,[11],"[""elizabeth smart""]",2026-05-26T06:55:21.737135+00:00
US:d day,US,d day,d day,5000,50,1779721200,1779767400,[4],"[""d day"", ""brendan fraser"", ""pressure""]",2026-05-26T06:55:21.737135+00:00
US:hyundai vehicle safety recall,US,hyundai vehicle safety recall,hyundai vehicle safety recall,10000,300,1779717600,1779749400,[1],"[""hyundai vehicle safety recall""]",2026-05-26T06:55:21.737135+00:00
US:kicks,US,kicks,kicks,2000,200,1779754200,1779770400,"[4, 19]","[""kicks""]",2026-05-26T06:55:21.737135+00:00
US:mlb standings,US,mlb standings,mlb standings,20000,100,1779739800,1779752400,[17],"[""mlb standings"", ""chicago cubs"", ""mlb scores today"", ""nl central standings""]",2026-05-26T06:55:21.737135+00:00
US:darin brooks bold beautiful return,US,darin brooks bold beautiful return,darin brooks bold beautiful return,5000,100,1779744600,1779768600,[4],"[""darin brooks bold beautiful return"", ""denise richards""]",2026-05-26T06:55:21.737135+00:00
US:thomas kean jr.,US,thomas kean jr.,thomas kean jr.,5000,200,1779738000,1779765600,[14],"[""thomas kean jr.""]",2026-05-26T06:55:21.737135+00:00
US:paula abdul,US,paula abdul,paula abdul,2000,200,1779754800,1779770400,"[10, 8]","[""paula abdul""]",2026-05-26T06:55:21.737135+00:00
US:chet hanks,US,chet hanks,chet hanks,200,50,1779774000,,[4],"[""chet hanks""]",2026-05-26T06:55:21.737135+00:00
US:primerica,US,primerica,primerica,2000,400,1779760800,1779769800,[3],"[""primerica""]",2026-05-26T06:55:21.737135+00:00
US:hailie jade,US,hailie jade,hailie jade,5000,100,1779736200,1779766200,[4],"[""hailie jade""]",2026-05-26T06:55:21.737135+00:00
US:busta rhymes,US,busta rhymes,busta rhymes,2000,100,1779756000,1779778200,[4],"[""busta rhymes""]",2026-05-26T06:55:21.737135+00:00
US:kevin o'leary,US,kevin o'leary,kevin o'leary,5000,100,1779724800,1779774600,[11],"[""kevin o'leary""]",2026-05-26T06:55:21.737135+00:00
US:starbucks,US,starbucks,starbucks,20000,50,1779708000,1779736800,[5],"[""starbucks""]",2026-05-26T06:55:21.737135+00:00
US:united airlines houston flight cancellations,US,united airlines houston flight cancellations,united airlines houston flight cancellations,2000,100,1779745800,1779772200,"[19, 3]","[""united airlines houston flight cancellations""]",2026-05-26T06:55:21.737135+00:00
US:insurance,US,insurance,insurance,2000,800,1779762000,1779768600,[3],"[""insurance""]",2026-05-26T06:55:21.737135+00:00
US:yair lapid,US,yair lapid,yair lapid,5000,100,1779725400,1779762000,"[14, 10]","[""yair lapid""]",2026-05-26T06:55:21.737135+00:00
US:knicks tickets,US,knicks tickets,knicks tickets,2000,100,1779761400,1779773400,[17],"[""knicks tickets"", ""knicks nba finals ticket prices""]",2026-05-26T06:55:21.737135+00:00
US:trader joe's,US,trader joe's,trader joe's,20000,100,1779712200,1779732600,[16],"[""trader joe's"", ""trader joes"", ""trader joe's memorial day hours"", ""trader joe's hours"", ""trader joe's memorial day""]",2026-05-26T06:55:21.737135+00:00
US:jordyn woods,US,jordyn woods,jordyn woods,2000,100,1779760800,1779777600,[17],"[""jordyn woods""]",2026-05-26T06:55:21.737135+00:00
US:knicks jersey,US,knicks jersey,knicks jersey,2000,100,1779761400,1779772200,[16],"[""knicks jersey"", ""knicks finals hat"", ""knicks merch"", ""knicks finals shirt"", ""knicks finals merch""]",2026-05-26T06:55:21.737135+00:00
US:lisa rinna,US,lisa rinna,lisa rinna,2000,300,1779757800,1779772800,"[4, 14]","[""lisa rinna""]",2026-05-26T06:55:21.737135+00:00
US:maluma,US,maluma,maluma,2000,600,1779763200,1779778200,[4],"[""maluma""]",2026-05-26T06:55:21.737135+00:00
US:jalen brunson wife,US,jalen brunson wife,jalen brunson wife,2000,100,1779756600,1779770400,[17],"[""jalen brunson wife""]",2026-05-26T06:55:21.737135+00:00
US:donovan mitchell,US,donovan mitchell,donovan mitchell,5000,1000,1779762000,1779765600,[17],"[""donovan mitchell""]",2026-05-26T06:55:21.737135+00:00
US:ben stiller,US,ben stiller,ben stiller,2000,100,1779759000,1779770400,[4],"[""ben stiller""]",2026-05-26T06:55:21.737135+00:00
US:kathie lee gifford,US,kathie lee gifford,kathie lee gifford,5000,100,1779724800,1779760200,[4],"[""kathie lee gifford""]",2026-05-26T06:55:21.737135+00:00
US:bill ferguson maryland redistricting,US,bill ferguson maryland redistricting,bill ferguson maryland redistricting,5000,75,1779735600,1779766800,"[14, 10]","[""bill ferguson maryland redistricting""]",2026-05-26T06:55:21.737135+00:00
US:donnie wahlberg,US,donnie wahlberg,donnie wahlberg,2000,400,1779760800,1779775800,[4],"[""donnie wahlberg"", ""boston blue""]",2026-05-26T06:55:21.737135+00:00
US:orioles,US,orioles,orioles,10000,100,1779738600,1779750000,[17],"[""orioles"", ""baltimore orioles"", ""colton cowser"", ""orioles score"", ""orioles game"", ""rays - orioles""]",2026-05-26T06:55:21.737135+00:00
US:pet food,US,pet food,pet food,2000,50,1779741000,1779778200,"[13, 8]","[""pet food""]",2026-05-26T06:55:21.737135+00:00
US:amber alert california,US,amber alert california,amber alert california,2000,500,1779763200,1779769800,[10],"[""amber alert california""]",2026-05-26T06:55:21.737135+00:00
US:lockheed martin thaad facility alabama,US,lockheed martin thaad facility alabama,lockheed martin thaad facility alabama,5000,100,1779728400,1779759600,"[3, 10]","[""lockheed martin thaad facility alabama""]",2026-05-26T06:55:21.737135+00:00
US:home depot,US,home depot,home depot,50000,50,1779714000,1779724200,[3],"[""home depot""]",2026-05-26T06:55:21.737135+00:00
US:hegseth west point speech,US,hegseth west point speech,hegseth west point speech,5000,50,1779715200,1779763800,[10],"[""hegseth west point speech""]",2026-05-26T06:55:21.737135+00:00
US:is letterboxd down,US,is letterboxd down,is letterboxd down,100,50,1779777000,,[18],"[""is letterboxd down""]",2026-05-26T06:55:21.737135+00:00
US:lane hutson,US,lane hutson,lane hutson,2000,200,1779758400,1779769800,[17],"[""lane hutson""]",2026-05-26T06:55:21.737135+00:00
US:shoprite,US,shoprite,shoprite,10000,75,1779705000,1779747600,"[5, 3]","[""shoprite""]",2026-05-26T06:55:21.737135+00:00
US:veterans day,US,veterans day,veterans day,5000,100,1779704400,1779754800,[11],"[""veterans day""]",2026-05-26T06:55:21.737135+00:00
US:jaylen brown,US,jaylen brown,jaylen brown,5000,100,1779705000,1779764400,[17],"[""jaylen brown""]",2026-05-26T06:55:21.737135+00:00
US:eric edelstein,US,eric edelstein,eric edelstein,2000,100,1779757200,1779769200,[4],"[""eric edelstein""]",2026-05-26T06:55:21.737135+00:00
US:child abduction alert today,US,child abduction alert today,child abduction alert today,2000,200,1779765600,1779770400,[10],"[""child abduction alert today"", ""amber alert today"", ""amber alerts"", ""child abduction alert""]",2026-05-26T06:55:21.737135+00:00
US:delaney hall,US,delaney hall,delaney hall,5000,75,1779744000,1779768600,[10],"[""delaney hall"", ""delaney hall detainees hunger strike"", ""mikie sherrill""]",2026-05-26T06:55:21.737135+00:00
US:thomas massie 2028 election,US,thomas massie 2028 election,thomas massie 2028 election,2000,100,1779741000,1779768000,[14],"[""thomas massie 2028 election""]",2026-05-26T06:55:21.737135+00:00
US:memorial day quotes,US,memorial day quotes,memorial day quotes,10000,200,1779703800,1779743400,[8],"[""memorial day quotes"", ""events"", ""what day is memorial day""]",2026-05-26T06:55:21.737135+00:00
US:twenty one pilots,US,twenty one pilots,twenty one pilots,2000,500,1779756000,1779771000,[4],"[""twenty one pilots""]",2026-05-26T06:55:21.737135+00:00
US:jeremy sochan,US,jeremy sochan,jeremy sochan,2000,100,1779757800,1779774600,[17],"[""jeremy sochan""]",2026-05-26T06:55:21.737135+00:00
US:labor day 2026,US,labor day 2026,labor day 2026,10000,50,1779711000,1779758400,[11],"[""labor day 2026""]",2026-05-26T06:55:21.737135+00:00
US:leon rose,US,leon rose,leon rose,5000,200,1779761400,1779769200,[17],"[""leon rose"", ""spurs vs knicks"", ""nba finals dates"", ""next knicks game"", ""game 1 nba finals"", ""knicks vs okc"", ""who do the knicks play next""]",2026-05-26T06:55:21.737135+00:00
US:taylor hall,US,taylor hall,taylor hall,2000,100,1779756000,1779769200,[17],"[""taylor hall""]",2026-05-26T06:55:21.737135+00:00
US:john wick,US,john wick,john wick,1000,100,1779769200,1779776400,[4],"[""john wick""]",2026-05-26T06:55:21.737135+00:00
US:danica patrick indy 500 outfit,US,danica patrick indy 500 outfit,danica patrick indy 500 outfit,5000,100,1779712200,1779756600,[17],"[""danica patrick indy 500 outfit""]",2026-05-26T06:55:21.737135+00:00
US:dak prescott daughter birthday party,US,dak prescott daughter birthday party,dak prescott daughter birthday party,2000,75,1779744600,1779768000,[17],"[""dak prescott daughter birthday party""]",2026-05-26T06:55:21.737135+00:00
US:danhausen,US,danhausen,danhausen,1000,75,1779763200,1779776400,[17],"[""danhausen""]",2026-05-26T06:55:21.737135+00:00
US:martin st louis,US,martin st louis,martin st louis,2000,200,1779759600,1779769800,[17],"[""martin st louis""]",2026-05-26T06:55:21.737135+00:00
US:angel reese wnba flagrant foul,US,angel reese wnba flagrant foul,angel reese wnba flagrant foul,5000,300,1779720000,1779745200,[17],"[""angel reese wnba flagrant foul"", ""angel reese wnba record""]",2026-05-26T06:55:21.737135+00:00
US:henrik lundqvist,US,henrik lundqvist,henrik lundqvist,2000,100,1779757200,1779770400,[17],"[""henrik lundqvist""]",2026-05-26T06:55:21.737135+00:00
US:riley green,US,riley green,riley green,5000,100,1779757800,1779762600,[4],"[""riley green""]",2026-05-26T06:55:21.737135+00:00
US:no doubt las vegas show,US,no doubt las vegas show,no doubt las vegas show,2000,100,1779735600,1779759000,[4],"[""no doubt las vegas show""]",2026-05-26T06:55:21.737135+00:00
US:arlington national cemetery,US,arlington national cemetery,arlington national cemetery,5000,100,1779705600,1779751200,[10],"[""arlington national cemetery""]",2026-05-26T06:55:21.737135+00:00
US:ben shelton,US,ben shelton,ben shelton,10000,700,1779725400,1779740400,[17],"[""ben shelton"", ""daniel merida aguilar""]",2026-05-26T06:55:21.737135+00:00
US:montreal,US,montreal,montreal,2000,100,1779754200,1779768600,"[4, 5]","[""montreal""]",2026-05-26T06:55:21.737135+00:00
US:yankees - royals,US,yankees - royals,yankees - royals,10000,200,1779736200,1779751200,[17],"[""yankees - royals"", ""bobby witt jr"", ""anthony volpe"", ""new york yankees"", ""yankees game today"", ""jazz chisholm jr"", ""lucas erceg"", ""bobby witt jr.""]",2026-05-26T06:55:21.737135+00:00
US:teyana taylor,US,teyana taylor,teyana taylor,5000,300,1779762000,1779765600,[4],"[""teyana taylor""]",2026-05-26T06:55:21.737135+00:00
US:randy arozarena,US,randy arozarena,randy arozarena,500,75,1779768600,1779777000,[17],"[""randy arozarena""]",2026-05-26T06:55:21.737135+00:00
US:stan wawrinka,US,stan wawrinka,stan wawrinka,10000,100,1779708000,1779749400,[17],"[""stan wawrinka"", ""french open day one upsets"", ""jesper de jong"", ""wawrinka""]",2026-05-26T06:55:21.737135+00:00
US:travis kelce chugged beer courtside while taylor swift reacted,US,travis kelce chugged beer courtside while taylor swift reacted,travis kelce chugged beer courtside while taylor swift reacted,5000,100,1779700200,1779747000,"[17, 4]","[""travis kelce chugged beer courtside while taylor swift reacted"", ""richard jefferson""]",2026-05-26T06:55:21.737135+00:00
US:real estate,US,real estate,real estate,10000,1000,1779703200,1779723000,[11],"[""real estate""]",2026-05-26T06:55:21.737135+00:00
US:red robin,US,red robin,red robin,5000,50,1779724800,1779753600,"[3, 5]","[""red robin""]",2026-05-26T06:55:21.737135+00:00
US:knicks schedule,US,knicks schedule,knicks schedule,2000,100,1779762600,1779767400,[17],"[""knicks schedule"", ""knicks standings""]",2026-05-26T06:55:21.737135+00:00
US:walt frazier,US,walt frazier,walt frazier,2000,300,1779762600,1779767400,"[17, 4]","[""walt frazier"", ""clyde frazier""]",2026-05-26T06:55:21.737135+00:00
US:logan paul injury,US,logan paul injury,logan paul injury,2000,75,1779755400,1779775200,"[17, 4]","[""logan paul injury"", ""logan paul""]",2026-05-26T06:55:21.737135+00:00
US:hawaiian airlines,US,hawaiian airlines,hawaiian airlines,2000,100,1779753600,1779764400,"[20, 19]","[""hawaiian airlines""]",2026-05-26T06:55:21.737135+00:00
US:rohan ramadas,US,rohan ramadas,rohan ramadas,5000,100,1779718800,1779751200,[17],"[""rohan ramadas""]",2026-05-26T06:55:21.737135+00:00
US:mlb schedule,US,mlb schedule,mlb schedule,5000,75,1779712800,1779744000,"[17, 4]","[""mlb schedule"", ""mlb games today"", ""baseball games today""]",2026-05-26T06:55:21.737135+00:00
US:james harden contract,US,james harden contract,james harden contract,2000,100,1779756600,1779768000,[17],"[""james harden contract""]",2026-05-26T06:55:21.737135+00:00
US:gaston tennis,US,gaston tennis,gaston tennis,5000,200,1779734400,1779750000,"[17, 4]","[""gaston tennis"", ""roland garros tennis""]",2026-05-26T06:55:21.737135+00:00
US:satou sabally,US,satou sabally,satou sabally,2000,300,1779756600,1779764400,[17],"[""satou sabally""]",2026-05-26T06:55:21.737135+00:00
US:memorial day sale,US,memorial day sale,memorial day sale,10000,75,1779709200,1779744000,[16],"[""memorial day sale"", ""best memorial day sales"", ""memorial day sales 2026"", ""memorial day deals"", ""memorial day 2026 sale""]",2026-05-26T06:55:21.737135+00:00
US:memorial day 2026 events near me,US,memorial day 2026 events near me,memorial day 2026 events near me,5000,100,1779708600,1779745800,[8],"[""memorial day 2026 events near me"", ""memorial day events""]",2026-05-26T06:55:21.737135+00:00
US:west elm,US,west elm,west elm,5000,50,1779709200,1779745800,"[8, 16]","[""west elm""]",2026-05-26T06:55:21.737135+00:00
US:rupaul,US,rupaul,rupaul,1000,400,1779767400,1779772200,[4],"[""rupaul""]",2026-05-26T06:55:21.737135+00:00
US:wawa,US,wawa,wawa,2000,100,1779766200,1779771000,[10],"[""wawa""]",2026-05-26T06:55:21.737135+00:00
US:brandon marsh,US,brandon marsh,brandon marsh,5000,100,1779754800,1779762000,[17],"[""brandon marsh"", ""phillies schedule"", ""phillies - padres""]",2026-05-26T06:55:21.737135+00:00
US:rey mysterio,US,rey mysterio,rey mysterio,2000,100,1779756000,1779765600,[17],"[""rey mysterio"", ""jevon evans""]",2026-05-26T06:55:21.737135+00:00
US:is sams club open for memorial day,US,is sams club open for memorial day,is sams club open for memorial day,5000,100,1779707400,1779741600,[11],"[""is sams club open for memorial day""]",2026-05-26T06:55:21.737135+00:00
US:wendy's company,US,wendy's company,wendy's company,5000,100,1779717000,1779746400,"[3, 5]","[""wendy's company""]",2026-05-26T06:55:21.737135+00:00
US:patrick mahomes,US,patrick mahomes,patrick mahomes,2000,100,1779736200,1779754200,[10],"[""patrick mahomes""]",2026-05-26T06:55:21.737135+00:00
US:paderborn vs wolfsburg,US,paderborn vs wolfsburg,paderborn vs wolfsburg,5000,100,1779731400,1779747000,[17],"[""paderborn vs wolfsburg"", ""wolfsburg""]",2026-05-26T06:55:21.737135+00:00
US:arthur gea,US,arthur gea,arthur gea,2000,100,1779737400,1779758400,[17],"[""arthur gea""]",2026-05-26T06:55:21.737135+00:00
US:efrain juarez,US,efrain juarez,efrain juarez,200,50,1779770400,1779777600,[17],"[""efrain juarez""]",2026-05-26T06:55:21.737135+00:00
US:aubrey plaza,US,aubrey plaza,aubrey plaza,500,300,1779772800,1779775200,[11],"[""aubrey plaza""]",2026-05-26T06:55:21.737135+00:00
US:exstetra ps5 remaster release,US,exstetra ps5 remaster release,exstetra ps5 remaster release,2000,100,1779727800,1779751200,[6],"[""exstetra ps5 remaster release""]",2026-05-26T06:55:21.737135+00:00
US:madison square garden,US,madison square garden,madison square garden,1000,100,1779762000,1779769800,[17],"[""madison square garden""]",2026-05-26T06:55:21.737135+00:00
US:mortgage interest rates,US,mortgage interest rates,mortgage interest rates,10000,1000,1779698400,1779710400,[3],"[""mortgage interest rates"", ""current mortgage rates"", ""mortgage rates today"", ""mortgages"", ""mortgage rates""]",2026-05-26T06:55:21.737135+00:00
US:john starks,US,john starks,john starks,2000,100,1779757200,1779767400,[17],"[""john starks""]",2026-05-26T06:55:21.737135+00:00
US:earthquake now,US,earthquake now,earthquake now,1000,200,1779765000,1779769800,[20],"[""earthquake now""]",2026-05-26T06:55:21.737135+00:00
US:ariel hukporti,US,ariel hukporti,ariel hukporti,1000,100,1779761400,1779769200,[17],"[""ariel hukporti""]",2026-05-26T06:55:21.737135+00:00
US:hilary duff,US,hilary duff,hilary duff,2000,300,1779762000,1779766200,[4],"[""hilary duff"", ""hillary duff""]",2026-05-26T06:55:21.737135+00:00
US:fireworks near me,US,fireworks near me,fireworks near me,2000,50,1779741600,1779762000,[8],"[""fireworks near me""]",2026-05-26T06:55:21.737135+00:00
US:amc theaters,US,amc theaters,amc theaters,5000,50,1779730800,1779748200,[4],"[""amc theaters""]",2026-05-26T06:55:21.737135+00:00
US:school choice,US,school choice,school choice,2000,100,1779714600,1779745800,[9],"[""school choice""]",2026-05-26T06:55:21.737135+00:00
US:memorial day 2026 parade,US,memorial day 2026 parade,memorial day 2026 parade,5000,50,1779711000,1779756600,[8],"[""memorial day 2026 parade"", ""memorial day parade dc"", ""memorial day parade 2026""]",2026-05-26T06:55:21.737135+00:00
US:what are the abraham accords,US,what are the abraham accords,what are the abraham accords,5000,50,1779714000,1779754200,[14],"[""what are the abraham accords"", ""what is the abraham accord""]",2026-05-26T06:55:21.737135+00:00
US:tyrannosaurus rex limb evolution study,US,tyrannosaurus rex limb evolution study,tyrannosaurus rex limb evolution study,2000,50,1779731400,1779758400,[15],"[""tyrannosaurus rex limb evolution study""]",2026-05-26T06:55:21.737135+00:00
US:내일 날씨,US,내일 날씨,내일 날씨,2000,50,1779768000,1779775200,[20],"[""내일 날씨"", ""날씨""]",2026-05-26T06:55:21.737135+00:00
US:curtis mead,US,curtis mead,curtis mead,5000,75,1779748800,1779758400,[17],"[""curtis mead"", ""nationals"", ""washington nationals"", ""tanner bibee""]",2026-05-26T06:55:21.737135+00:00
US:florida softball not shaking hands,US,florida softball not shaking hands,florida softball not shaking hands,2000,75,1779741600,1779759600,[17],"[""florida softball not shaking hands"", ""mia williams softball""]",2026-05-26T06:55:21.737135+00:00
US:diablo iv,US,diablo iv,diablo iv,2000,100,1779703200,1779761400,[6],"[""diablo iv""]",2026-05-26T06:55:21.737135+00:00
US:regnyctix,US,regnyctix,regnyctix,10000,200,1779714000,1779728400,"[17, 4]","[""regnyctix"", ""regnyctix com"", ""nyc world cup tickets"", ""nyc world cup lottery"", ""regnyctix.com"", ""mamdani world cup tickets"", ""nyc fifa lottery"", ""world cup lottery nyc""]",2026-05-26T06:55:21.737135+00:00
US:what is memorial day celebrating,US,what is memorial day celebrating,what is memorial day celebrating,2000,50,1779715200,1779757800,[11],"[""what is memorial day celebrating""]",2026-05-26T06:55:21.737135+00:00
US:luke raley,US,luke raley,luke raley,1000,50,1779763800,1779772800,[17],"[""luke raley""]",2026-05-26T06:55:21.737135+00:00
US:keke palmer,US,keke palmer,keke palmer,2000,75,1779763200,1779768000,[4],"[""keke palmer""]",2026-05-26T06:55:21.737135+00:00
US:nick castellanos,US,nick castellanos,nick castellanos,2000,100,1779749400,1779761400,[17],"[""nick castellanos""]",2026-05-26T06:55:21.737135+00:00
US:amanda anisimova,US,amanda anisimova,amanda anisimova,5000,200,1779717600,1779732600,[17],"[""amanda anisimova"", ""anisimova"", ""rakotomanga rajaonah"", ""anisimova tennis""]",2026-05-26T06:55:21.737135+00:00
US:bleve,US,bleve,bleve,5000,100,1779721800,1779751800,[11],"[""bleve"", ""new evacuation zone garden grove"", ""evacuation order"", ""bleve explosion"", ""evacuation zone garden grove"", ""ocfa"", ""california chemical tank""]",2026-05-26T06:55:21.737135+00:00
US:salvador perez,US,salvador perez,salvador perez,2000,200,1779739800,1779750600,[17],"[""salvador perez""]",2026-05-26T06:55:21.737135+00:00
US:paul w downs,US,paul w downs,paul w downs,1000,50,1779770400,1779775800,[4],"[""paul w downs"", ""megan stalter"", ""meg stalter""]",2026-05-26T06:55:21.737135+00:00
US:sabrina ionescu,US,sabrina ionescu,sabrina ionescu,1000,100,1779754800,1779763800,[17],"[""sabrina ionescu""]",2026-05-26T06:55:21.737135+00:00
US:pat mcafee,US,pat mcafee,pat mcafee,2000,50,1779721200,1779756000,[11],"[""pat mcafee""]",2026-05-26T06:55:21.737135+00:00
US:eid al adha 2026,US,eid al adha 2026,eid al adha 2026,2000,50,1779708000,1779775200,[8],"[""eid al adha 2026""]",2026-05-26T06:55:21.737135+00:00
US:gma deals and steals,US,gma deals and steals,gma deals and steals,5000,300,1779710400,1779734400,[11],"[""gma deals and steals"", ""gma deals and steals today"", ""good morning america deals and steals"", ""deals and steals gma today"", ""gma steals and deals""]",2026-05-26T06:55:21.737135+00:00
US:alfred molina,US,alfred molina,alfred molina,2000,100,1779758400,1779765000,[4],"[""alfred molina""]",2026-05-26T06:55:21.737135+00:00
US:saikat chakrabarti,US,saikat chakrabarti,saikat chakrabarti,2000,100,1779717000,1779742200,"[14, 10]","[""saikat chakrabarti""]",2026-05-26T06:55:21.737135+00:00
US:dinero,US,dinero,dinero,2000,200,1779710400,1779732600,[11],"[""dinero""]",2026-05-26T06:55:21.737135+00:00
US:bryce miller,US,bryce miller,bryce miller,500,75,1779766800,1779773400,[17],"[""bryce miller""]",2026-05-26T06:55:21.737135+00:00
US:tnt,US,tnt,tnt,1000,75,1779754200,1779768600,"[17, 4]","[""tnt""]",2026-05-26T06:55:21.737135+00:00
US:citizenship,US,citizenship,citizenship,2000,200,1779703200,1779727200,"[14, 10]","[""citizenship""]",2026-05-26T06:55:21.737135+00:00
US:cape fear 2026,US,cape fear 2026,cape fear 2026,1000,100,1779759000,1779765000,[4],"[""cape fear 2026""]",2026-05-26T06:55:21.737135+00:00
US:cody bellinger,US,cody bellinger,cody bellinger,2000,100,1779738600,1779751200,[17],"[""cody bellinger""]",2026-05-26T06:55:21.737135+00:00
US:lol,US,lol,lol,2000,100,1779697200,1779733200,[6],"[""lol""]",2026-05-26T06:55:21.737135+00:00
US:salvation army,US,salvation army,salvation army,5000,50,1779712200,1779736800,[11],"[""salvation army""]",2026-05-26T06:55:21.737135+00:00
US:brooks koepka withdrawal news,US,brooks koepka withdrawal news,brooks koepka withdrawal news,2000,75,1779709800,1779735600,[17],"[""brooks koepka withdrawal news"", ""brooks""]",2026-05-26T06:55:21.737135+00:00
US:alycia parks,US,alycia parks,alycia parks,2000,200,1779734400,1779744000,[17],"[""alycia parks"", ""leylah fernandez""]",2026-05-26T06:55:21.737135+00:00
US:blackstone,US,blackstone,blackstone,2000,50,1779720000,1779748800,[3],"[""blackstone""]",2026-05-26T06:55:21.737135+00:00
US:memorial day movies,US,memorial day movies,memorial day movies,2000,50,1779723600,1779756600,[4],"[""memorial day movies""]",2026-05-26T06:55:21.737135+00:00
US:bbq,US,bbq,bbq,2000,50,1779735600,1779753600,"[3, 5]","[""bbq""]",2026-05-26T06:55:21.737135+00:00
US:buc-ee's,US,buc-ee's,buc-ee's,2000,75,1779709800,1779745200,[11],"[""buc-ee's"", ""buc ee's""]",2026-05-26T06:55:21.737135+00:00
US:og anunoby,US,og anunoby,og anunoby,5000,700,1779763800,1779765000,[17],"[""og anunoby""]",2026-05-26T06:55:21.737135+00:00
US:nolan mclean,US,nolan mclean,nolan mclean,2000,100,1779742800,1779753600,[17],"[""nolan mclean""]",2026-05-26T06:55:21.737135+00:00
US:kem sokha cambodia royal pardon,US,kem sokha cambodia royal pardon,kem sokha cambodia royal pardon,2000,50,1779728400,1779750600,"[14, 10]","[""kem sokha cambodia royal pardon""]",2026-05-26T06:55:21.737135+00:00
US:handels,US,handels,handels,1000,50,1779757800,1779768000,[11],"[""handels""]",2026-05-26T06:55:21.737135+00:00
US:mark wahlberg,US,mark wahlberg,mark wahlberg,1000,100,1779760800,1779765000,[11],"[""mark wahlberg""]",2026-05-26T06:55:21.737135+00:00
US:hacks,US,hacks,hacks,1000,100,1779759600,1779763800,[4],"[""hacks""]",2026-05-26T06:55:21.737135+00:00
US:nasdaq futures,US,nasdaq futures,nasdaq futures,1000,75,1779748800,1779759600,[3],"[""nasdaq futures""]",2026-05-26T06:55:21.737135+00:00
US:charles barkley,US,charles barkley,charles barkley,2000,300,1779765600,1779767400,[17],"[""charles barkley"", ""shaquille o'neal""]",2026-05-26T06:55:21.737135+00:00
US:khaby lame,US,khaby lame,khaby lame,2000,50,1779726600,1779749400,[4],"[""khaby lame""]",2026-05-26T06:55:21.737135+00:00
US:jaylon tyson,US,jaylon tyson,jaylon tyson,1000,100,1779760200,1779765000,[17],"[""jaylon tyson""]",2026-05-26T06:55:21.737135+00:00
US:coke 600 results,US,coke 600 results,coke 600 results,5000,100,1779703200,1779723600,[17],"[""coke 600 results"", ""who won the nascar race yesterday"", ""who won nascar race yesterday"", ""nascar results yesterday"", ""who won the nascar race last night"", ""who won the coca-cola 600 last night"", ""nascar race results"", ""who won the coke 600"", ""who won the nascar race""]",2026-05-26T06:55:21.737135+00:00
US:history channel,US,history channel,history channel,2000,75,1779751200,1779759000,[4],"[""history channel"", ""tom hanks""]",2026-05-26T06:55:21.737135+00:00
US:casper ruud,US,casper ruud,casper ruud,2000,400,1779732600,1779738000,[17],"[""casper ruud"", ""ruud"", ""roman safiullin""]",2026-05-26T06:55:21.737135+00:00
US:matthew dellavedova,US,matthew dellavedova,matthew dellavedova,1000,400,1779753600,1779757800,[17],"[""matthew dellavedova""]",2026-05-26T06:55:21.737135+00:00
US:kendall jenner,US,kendall jenner,kendall jenner,1000,100,1779762000,1779765600,[4],"[""kendall jenner""]",2026-05-26T06:55:21.737135+00:00
US:is the mall open on memorial day,US,is the mall open on memorial day,is the mall open on memorial day,2000,75,1779712200,1779735000,[8],"[""is the mall open on memorial day""]",2026-05-26T06:55:21.737135+00:00
US:jackie robinson,US,jackie robinson,jackie robinson,500,75,1779756600,1779778200,[11],"[""jackie robinson""]",2026-05-26T06:55:21.737135+00:00
US:jfk jr,US,jfk jr,jfk jr,500,50,1779745800,1779775800,[4],"[""jfk jr""]",2026-05-26T06:55:21.737135+00:00
US:bolder boulder 2026,US,bolder boulder 2026,bolder boulder 2026,2000,50,1779713400,1779737400,[11],"[""bolder boulder 2026""]",2026-05-26T06:55:21.737135+00:00
US:tiafoe,US,tiafoe,tiafoe,5000,100,1779710400,1779722400,[17],"[""tiafoe"", ""elena rybakina"", ""iga swiatek"", ""jaqueline cristian"", ""emerson jones"", ""french open schedule""]",2026-05-26T06:55:21.737135+00:00
US:myrtle beach,US,myrtle beach,myrtle beach,2000,50,1779737400,1779748200,"[13, 8]","[""myrtle beach""]",2026-05-26T06:55:21.737135+00:00
US:reds - mets,US,reds - mets,reds - mets,1000,100,1779739200,1779753600,"[17, 4]","[""reds - mets""]",2026-05-26T06:55:21.737135+00:00
US:is hobby lobby open on memorial day 2026,US,is hobby lobby open on memorial day 2026,is hobby lobby open on memorial day 2026,2000,75,1779711600,1779730800,"[8, 16]","[""is hobby lobby open on memorial day 2026"", ""hobby lobby memorial day hours"", ""hobby lobby open on memorial day""]",2026-05-26T06:55:21.737135+00:00
US:spencer pratt,US,spencer pratt,spencer pratt,5000,75,1779707400,1779721200,[4],"[""spencer pratt""]",2026-05-26T06:55:21.737135+00:00
US:settlement,US,settlement,settlement,2000,50,1779729000,1779745800,[10],"[""settlement""]",2026-05-26T06:55:21.737135+00:00
US:playstation 5,US,playstation 5,playstation 5,2000,75,1779720600,1779736800,"[6, 18]","[""playstation 5""]",2026-05-26T06:55:21.737135+00:00
US:kendrick perkins,US,kendrick perkins,kendrick perkins,200,100,1779766800,1779771000,[17],"[""kendrick perkins""]",2026-05-26T06:55:21.737135+00:00
US:spain world cup squad,US,spain world cup squad,spain world cup squad,2000,50,1779709200,1779733200,[17],"[""spain world cup squad"", ""dean huijsen""]",2026-05-26T06:55:21.737135+00:00
US:akasha urhobo,US,akasha urhobo,akasha urhobo,2000,75,1779728400,1779739200,[17],"[""akasha urhobo"", ""katie boulter""]",2026-05-26T06:55:21.737135+00:00
US:hyeseong kim,US,hyeseong kim,hyeseong kim,200,100,1779766200,1779770400,[17],"[""hyeseong kim""]",2026-05-26T06:55:21.737135+00:00
US:canelo alvarez,US,canelo alvarez,canelo alvarez,2000,100,1779731400,1779741600,[17],"[""canelo alvarez""]",2026-05-26T06:55:21.737135+00:00
US:bolder boulder,US,bolder boulder,bolder boulder,2000,50,1779713400,1779735000,[17],"[""bolder boulder"", ""boulder boulder""]",2026-05-26T06:55:21.737135+00:00
US:jayson tatum,US,jayson tatum,jayson tatum,1000,200,1779756000,1779760200,[17],"[""jayson tatum""]",2026-05-26T06:55:21.737135+00:00
US:kings island,US,kings island,kings island,2000,50,1779716400,1779737400,[19],"[""kings island""]",2026-05-26T06:55:21.737135+00:00
US:kat,US,kat,kat,500,50,1779762600,1779767400,[17],"[""kat""]",2026-05-26T06:55:21.737135+00:00
US:sorry to bother you,US,sorry to bother you,sorry to bother you,200,50,1779769200,1779773400,[4],"[""sorry to bother you""]",2026-05-26T06:55:21.737135+00:00
US:mortgage broker,US,mortgage broker,mortgage broker,2000,1000,1779700200,1779709800,[11],"[""mortgage broker""]",2026-05-26T06:55:21.737135+00:00
US:is the stock market open today,US,is the stock market open today,is the stock market open today,2000,100,1779706800,1779726000,[3],"[""is the stock market open today""]",2026-05-26T06:55:21.737135+00:00
US:jacob fatu,US,jacob fatu,jacob fatu,1000,75,1779762000,1779766200,"[17, 4]","[""jacob fatu"", ""monday night raw"", ""penta""]",2026-05-26T06:55:21.737135+00:00
US:yordan alvarez,US,yordan álvarez,yordan alvarez,500,50,1779756000,1779763200,[17],"[""yordan álvarez""]",2026-05-26T06:55:21.737135+00:00
US:bts tour dates,US,bts tour dates,bts tour dates,500,50,1779753600,1779768000,[4],"[""bts tour dates""]",2026-05-26T06:55:21.737135+00:00
US:oba femi,US,oba femi,oba femi,1000,200,1779753600,1779757800,[17],"[""oba femi""]",2026-05-26T06:55:21.737135+00:00
US:jordan staal,US,jordan staal,jordan staal,500,50,1779762000,1779766800,[17],"[""jordan staal""]",2026-05-26T06:55:21.737135+00:00
US:new movies to stream,US,new movies to stream,new movies to stream,1000,75,1779751200,1779756600,[4],"[""new movies to stream"", ""netflix top movies right now""]",2026-05-26T06:55:21.737135+00:00
US:christopher walken,US,christopher walken,christopher walken,500,100,1779759600,1779763800,[4],"[""christopher walken""]",2026-05-26T06:55:21.737135+00:00
US:jason derulo,US,jason derulo,jason derulo,2000,300,1779718800,1779727200,[4],"[""jason derulo""]",2026-05-26T06:55:21.737135+00:00
US:good will,US,good will,good will,2000,50,1779717600,1779735000,[16],"[""good will""]",2026-05-26T06:55:21.737135+00:00
US:tropical cyclone,US,tropical cyclone,tropical cyclone,1000,75,1779748800,1779756600,[20],"[""tropical cyclone""]",2026-05-26T06:55:21.737135+00:00
US:breanna stewart,US,breanna stewart,breanna stewart,1000,100,1779759000,1779763200,[17],"[""breanna stewart"", ""breanna stewart vs azzi fudd""]",2026-05-26T06:55:21.737135+00:00
US:markwayne mullin dhs deportations,US,markwayne mullin dhs deportations,markwayne mullin dhs deportations,2000,100,1779712200,1779725400,"[10, 14]","[""markwayne mullin dhs deportations""]",2026-05-26T06:55:21.737135+00:00
US:orioles game today,US,orioles game today,orioles game today,1000,75,1779742200,1779750000,[17],"[""orioles game today""]",2026-05-26T06:55:21.737135+00:00
US:pittsburgh pirates,US,pittsburgh pirates,pittsburgh pirates,2000,200,1779739800,1779742800,[17],"[""pittsburgh pirates"", ""henry davis"", ""carmen mlodzinski""]",2026-05-26T06:55:21.737135+00:00
US:k'andre miller,US,k'andre miller,k'andre miller,200,75,1779765600,1779769200,[17],"[""k'andre miller""]",2026-05-26T06:55:21.737135+00:00
US:espn mlb,US,espn mlb,espn mlb,1000,75,1779739800,1779748800,[17],"[""espn mlb""]",2026-05-26T06:55:21.737135+00:00
US:ksl,US,ksl,ksl,1000,100,1779738000,1779745800,[11],"[""ksl""]",2026-05-26T06:55:21.737135+00:00
US:nikki glaser,US,nikki glaser,nikki glaser,1000,200,1779724200,1779757800,[4],"[""nikki glaser""]",2026-05-26T06:55:21.737135+00:00
US:jon cryer,US,jon cryer,jon cryer,2000,300,1779714600,1779723000,[4],"[""jon cryer"", ""john cryer""]",2026-05-26T06:55:21.737135+00:00
US:china news,US,china news,china news,1000,50,1779719400,1779734400,[3],"[""china news""]",2026-05-26T06:55:21.737135+00:00
US:christian walker,US,christian walker,christian walker,500,100,1779759000,1779762600,[17],"[""christian walker""]",2026-05-26T06:55:21.737135+00:00
US:fire salt lake city,US,fire salt lake city,fire salt lake city,1000,75,1779738000,1779744600,[11],"[""fire salt lake city"", ""utah fire""]",2026-05-26T06:55:21.737135+00:00
US:tim hortons,US,tim hortons,tim hortons,2000,75,1779701400,1779723600,"[3, 5]","[""tim hortons""]",2026-05-26T06:55:21.737135+00:00
US:qinwen zheng,US,qinwen zheng,qinwen zheng,1000,100,1779703200,1779720600,[17],"[""qinwen zheng""]",2026-05-26T06:55:21.737135+00:00
US:britney spears field sobriety test,US,britney spears field sobriety test,britney spears field sobriety test,1000,50,1779715800,1779733200,[11],"[""britney spears field sobriety test""]",2026-05-26T06:55:21.737135+00:00
US:coritiba vs bahia,US,coritiba vs bahia,coritiba vs bahia,1000,75,1779748200,1779754800,[17],"[""coritiba vs bahia""]",2026-05-26T06:55:21.737135+00:00
US:mitch daniels,US,mitch daniels,mitch daniels,1000,100,1779712800,1779727200,[9],"[""mitch daniels""]",2026-05-26T06:55:21.737135+00:00
US:andy pages,US,andy pages,andy pages,500,100,1779768000,1779769800,[17],"[""andy pages""]",2026-05-26T06:55:21.737135+00:00
US:bernie sanders,US,bernie sanders,bernie sanders,1000,50,1779710400,1779754800,[14],"[""bernie sanders""]",2026-05-26T06:55:21.737135+00:00
US:montez ford,US,montez ford,montez ford,500,100,1779759000,1779763200,"[4, 17]","[""montez ford""]",2026-05-26T06:55:21.737135+00:00
US:alysa liu,US,alysa liu,alysa liu,500,50,1779756000,1779763200,[4],"[""alysa liu""]",2026-05-26T06:55:21.737135+00:00
US:graham platner,US,graham platner,graham platner,2000,100,1779706800,1779723000,[14],"[""graham platner""]",2026-05-26T06:55:21.737135+00:00
US:amy adams,US,amy adams,amy adams,500,75,1779760800,1779765000,[4],"[""amy adams""]",2026-05-26T06:55:21.737135+00:00
US:andrey rublev,US,andrey rublev,andrey rublev,1000,100,1779721800,1779733200,[17],"[""andrey rublev""]",2026-05-26T06:55:21.737135+00:00
US:maldives,US,maldives,maldives,2000,700,1779721200,1779726000,[11],"[""maldives""]",2026-05-26T06:55:21.737135+00:00
US:mariners standings,US,mariners standings,mariners standings,200,50,1779771000,1779773400,[17],"[""mariners standings""]",2026-05-26T06:55:21.737135+00:00
US:juneteenth,US,juneteenth,juneteenth,1000,50,1779757200,1779761400,[8],"[""juneteenth""]",2026-05-26T06:55:21.737135+00:00
US:is walgreens open on memorial day,US,is walgreens open on memorial day,is walgreens open on memorial day,1000,50,1779711600,1779733800,[11],"[""is walgreens open on memorial day""]",2026-05-26T06:55:21.737135+00:00
US:iga swiatek,US,iga świątek,iga swiatek,2000,500,1779705000,1779714000,"[17, 4]","[""iga świątek""]",2026-05-26T06:55:21.737135+00:00
US:boeing 737,US,boeing 737,boeing 737,1000,75,1779705000,1779723600,"[19, 3]","[""boeing 737""]",2026-05-26T06:55:21.737135+00:00
US:emmy awards,US,emmy awards,emmy awards,1000,100,1779693600,1779715200,[4],"[""emmy awards""]",2026-05-26T06:55:21.737135+00:00
US:iran at the fifa world cup,US,iran at the fifa world cup,iran at the fifa world cup,500,50,1779744000,1779751800,[17],"[""iran at the fifa world cup""]",2026-05-26T06:55:21.737135+00:00
US:hospital,US,hospital,hospital,2000,600,1779693000,1779714000,[7],"[""hospital""]",2026-05-26T06:55:21.737135+00:00
US:david beckham,US,david beckham,david beckham,500,100,1779757200,1779761400,[17],"[""david beckham""]",2026-05-26T06:55:21.737135+00:00
US:quiz retailer store shutdown,US,quiz retailer store shutdown,quiz retailer store shutdown,1000,50,1779739800,1779749400,[16],"[""quiz retailer store shutdown""]",2026-05-26T06:55:21.737135+00:00
US:matteo berrettini,US,matteo berrettini,matteo berrettini,1000,200,1779702600,1779715200,[17],"[""matteo berrettini""]",2026-05-26T06:55:21.737135+00:00
US:griffin canning,US,griffin canning,griffin canning,500,50,1779750000,1779757200,[17],"[""griffin canning""]",2026-05-26T06:55:21.737135+00:00
US:cancer care,US,cancer care,cancer care,2000,1000,1779697200,1779703800,"[8, 13]","[""cancer care""]",2026-05-26T06:55:21.737135+00:00
US:terence atmane,US,terence atmane,terence atmane,2000,50,1779715800,1779727200,[17],"[""terence atmane"", ""thanasi kokkinakis"", ""alex de minaur""]",2026-05-26T06:55:21.737135+00:00
US:rookie of the year,US,rookie of the year,rookie of the year,1000,100,1779732000,1779739200,[17],"[""rookie of the year""]",2026-05-26T06:55:21.737135+00:00
US:lowes memorial day hours,US,lowes memorial day hours,lowes memorial day hours,1000,75,1779707400,1779746400,[16],"[""lowes memorial day hours"", ""is lowes open memorial day 2026""]",2026-05-26T06:55:21.737135+00:00
US:mccartney kessler,US,mccartney kessler,mccartney kessler,1000,100,1779738600,1779744000,[17],"[""mccartney kessler""]",2026-05-26T06:55:21.737135+00:00
US:tom jones,US,tom jones,tom jones,500,75,1779756600,1779760800,[4],"[""tom jones""]",2026-05-26T06:55:21.737135+00:00
US:byron allen late show replacement,US,byron allen late show replacement,byron allen late show replacement,1000,100,1779725400,1779732000,[4],"[""byron allen late show replacement""]",2026-05-26T06:55:21.737135+00:00
US:arabia saudita,US,arabia saudita,arabia saudita,1000,50,1779717600,1779729600,[3],"[""arabia saudita""]",2026-05-26T06:55:21.737135+00:00
US:robert redford,US,robert redford,robert redford,500,50,1779751800,1779757800,[4],"[""robert redford""]",2026-05-26T06:55:21.737135+00:00
US:ezequiel tovar,US,ezequiel tovar,ezequiel tovar,200,75,1779766800,1779769200,[17],"[""ezequiel tovar""]",2026-05-26T06:55:21.737135+00:00
US:rublev,US,rublev,rublev,1000,75,1779726600,1779735000,[17],"[""rublev""]",2026-05-26T06:55:21.737135+00:00
US:yankees schedule,US,yankees schedule,yankees schedule,1000,100,1779730800,1779741600,[17],"[""yankees schedule""]",2026-05-26T06:55:21.737135+00:00
US:what to watch netflix weekend,US,what to watch netflix weekend,what to watch netflix weekend,1000,50,1779709200,1779746400,[4],"[""what to watch netflix weekend""]",2026-05-26T06:55:21.737135+00:00
US:new york city,US,new york city,new york city,200,50,1779765600,1779768600,[11],"[""new york city""]",2026-05-26T06:55:21.737135+00:00
US:harden,US,harden,harden,500,75,1779762000,1779764400,[17],"[""harden""]",2026-05-26T06:55:21.737135+00:00
US:epstein files,US,epstein files,epstein files,1000,300,1779705600,1779720000,[14],"[""epstein files""]",2026-05-26T06:55:21.737135+00:00
US:monfils vs gaston,US,monfils vs gaston,monfils vs gaston,1000,50,1779742800,1779750000,[17],"[""monfils vs gaston"", ""jeļena ostapenko""]",2026-05-26T06:55:21.737135+00:00
US:josh yago,US,josh yago,josh yago,1000,100,1779728400,1779739800,[17],"[""josh yago""]",2026-05-26T06:55:21.737135+00:00
US:son,US,son,son,200,50,1779771000,1779772800,[11],"[""son""]",2026-05-26T06:55:21.737135+00:00
US:michael wacha,US,michael wacha,michael wacha,1000,75,1779738600,1779745200,"[17, 4]","[""michael wacha""]",2026-05-26T06:55:21.737135+00:00
US:jiri lehecka,US,jiri lehecka,jiri lehecka,1000,100,1779702000,1779714000,[17],"[""jiri lehecka""]",2026-05-26T06:55:21.737135+00:00
US:earthquake los angeles,US,earthquake los angeles,earthquake los angeles,500,50,1779767400,1779769200,[20],"[""earthquake los angeles"", ""earthquake now los angeles""]",2026-05-26T06:55:21.737135+00:00
US:luke grimes,US,luke grimes,luke grimes,500,50,1779760800,1779763200,[4],"[""luke grimes""]",2026-05-26T06:55:21.737135+00:00
US:cole caufield,US,cole caufield,cole caufield,500,75,1779764400,1779766200,[17],"[""cole caufield""]",2026-05-26T06:55:21.737135+00:00
US:kyrie irving,US,kyrie irving,kyrie irving,1000,75,1779720600,1779727800,[17],"[""kyrie irving""]",2026-05-26T06:55:21.737135+00:00
US:ab hernandez,US,ab hernandez,ab hernandez,1000,100,1779742800,1779747000,[17],"[""ab hernandez"", ""a b hernandez""]",2026-05-26T06:55:21.737135+00:00
US:fireworks,US,fireworks,fireworks,200,50,1779757800,1779762000,[10],"[""fireworks""]",2026-05-26T06:55:21.737135+00:00
US:guillermo del toro,US,guillermo del toro,guillermo del toro,500,75,1779756000,1779759600,[4],"[""guillermo del toro""]",2026-05-26T06:55:21.737135+00:00
US:svitolina,US,svitolina,svitolina,2000,400,1779718800,1779722400,[17],"[""svitolina"", ""anna bondar"", ""bondar tennis"", ""anastasia zakharova""]",2026-05-26T06:55:21.737135+00:00
US:bobby flay,US,bobby flay,bobby flay,500,100,1779751200,1779754800,[5],"[""bobby flay""]",2026-05-26T06:55:21.737135+00:00
US:blake treinen,US,blake treinen,blake treinen,200,50,1779769200,1779771000,[17],"[""blake treinen""]",2026-05-26T06:55:21.737135+00:00
US:running point,US,running point,running point,1000,400,1779724200,1779734400,[4],"[""running point""]",2026-05-26T06:55:21.737135+00:00
US:giants game today,US,giants game today,giants game today,500,50,1779751200,1779755400,[17],"[""giants game today""]",2026-05-26T06:55:21.737135+00:00
US:tesla model y,US,tesla model y,tesla model y,1000,75,1779727800,1779732600,[1],"[""tesla model y""]",2026-05-26T06:55:21.737135+00:00
US:parades near me,US,parades near me,parades near me,1000,75,1779710400,1779721800,[8],"[""parades near me""]",2026-05-26T06:55:21.737135+00:00
US:jasmine paolini,US,jasmine paolini,jasmine paolini,500,200,1779702000,1779712800,[17],"[""jasmine paolini"", ""dayana yastremska""]",2026-05-26T06:55:21.737135+00:00
US:christian yelich,US,christian yelich,christian yelich,500,50,1779735000,1779744000,[17],"[""christian yelich""]",2026-05-26T06:55:21.737135+00:00
US:strands today,US,strands today,strands today,1000,50,1779708000,1779719400,[11],"[""strands today""]",2026-05-26T06:55:21.737135+00:00
US:aucas - manta,US,aucas - manta,aucas - manta,200,50,1779753000,1779757200,[17],"[""aucas - manta""]",2026-05-26T06:55:21.737135+00:00
US:la knight,US,la knight,la knight,200,50,1779759000,1779762000,[17],"[""la knight""]",2026-05-26T06:55:21.737135+00:00
US:fernando tatis jr,US,fernando tatis jr,fernando tatis jr,500,50,1779751200,1779755400,[17],"[""fernando tatis jr""]",2026-05-26T06:55:21.737135+00:00
US:maja chwalinska,US,maja chwalińska,maja chwalinska,500,100,1779703200,1779714600,[17],"[""maja chwalińska""]",2026-05-26T06:55:21.737135+00:00
US:detroit zoo,US,detroit zoo,detroit zoo,500,50,1779711000,1779722400,"[19, 8, 13]","[""detroit zoo""]",2026-05-26T06:55:21.737135+00:00
US:spizzirri tennis,US,spizzirri tennis,spizzirri tennis,500,100,1779712200,1779720000,[17],"[""spizzirri tennis""]",2026-05-26T06:55:21.737135+00:00
US:the miz,US,the miz,the miz,200,50,1779748200,1779752400,"[17, 4]","[""the miz""]",2026-05-26T06:55:21.737135+00:00
US:sandip patel cannes,US,sandip patel cannes,sandip patel cannes,500,200,1779711600,1779717600,[4],"[""sandip patel cannes""]",2026-05-26T06:55:21.737135+00:00
US:schools,US,schools,schools,2000,100,1779704400,1779708600,[11],"[""schools""]",2026-05-26T06:55:21.737135+00:00
US:cincinnati indoor pickleball project,US,cincinnati indoor pickleball project,cincinnati indoor pickleball project,500,100,1779705600,1779714000,[11],"[""cincinnati indoor pickleball project""]",2026-05-26T06:55:21.737135+00:00
US:toronto blue jays,US,toronto blue jays,toronto blue jays,500,50,1779751800,1779755400,[17],"[""toronto blue jays""]",2026-05-26T06:55:21.737135+00:00
US:manon katseye,US,manon katseye,manon katseye,200,50,1779762000,1779763800,[4],"[""manon katseye""]",2026-05-26T06:55:21.737135+00:00
US:college baseball rankings,US,college baseball rankings,college baseball rankings,500,75,1779726600,1779732000,[17],"[""college baseball rankings""]",2026-05-26T06:55:21.737135+00:00
US:cleaning company,US,cleaning company,cleaning company,500,200,1779717600,1779721800,"[8, 3]","[""cleaning company""]",2026-05-26T06:55:21.737135+00:00
US:hospitals,US,hospitals,hospitals,2000,100,1779705600,1779709200,"[7, 10]","[""hospitals""]",2026-05-26T06:55:21.737135+00:00
US:james wood,US,james wood,james wood,200,50,1779749400,1779756000,[17],"[""james wood""]",2026-05-26T06:55:21.737135+00:00
US:alex michelsen,US,alex michelsen,alex michelsen,500,100,1779702000,1779710400,[17],"[""alex michelsen""]",2026-05-26T06:55:21.737135+00:00
US:kate hudson,US,kate hudson,kate hudson,500,400,1779723600,1779727200,[4],"[""kate hudson""]",2026-05-26T06:55:21.737135+00:00
US:jobs,US,jobs,jobs,2000,75,1779705600,1779709200,[18],"[""jobs""]",2026-05-26T06:55:21.737135+00:00
US:2027 social security cola projection,US,2027 social security cola projection,2027 social security cola projection,500,100,1779709200,1779718200,[3],"[""2027 social security cola projection""]",2026-05-26T06:55:21.737135+00:00
US:ben rice,US,ben rice,ben rice,1000,400,1779744600,1779745800,[17],"[""ben rice""]",2026-05-26T06:55:21.737135+00:00
US:mercer baseball,US,mercer baseball,mercer baseball,500,75,1779727800,1779732000,[17],"[""mercer baseball"", ""utsa baseball""]",2026-05-26T06:55:21.737135+00:00
US:gop immigration bill delay,US,gop immigration bill delay,gop immigration bill delay,200,50,1779740400,1779744600,"[14, 10]","[""gop immigration bill delay""]",2026-05-26T06:55:21.737135+00:00
US:ole miss baseball,US,ole miss baseball,ole miss baseball,500,100,1779727200,1779731400,[17],"[""ole miss baseball""]",2026-05-26T06:55:21.737135+00:00
US:good morning america,US,good morning america,good morning america,500,50,1779712800,1779720000,[4],"[""good morning america""]",2026-05-26T06:55:21.737135+00:00
US:michigan lottery,US,michigan lottery,michigan lottery,500,50,1779730200,1779733800,[6],"[""michigan lottery""]",2026-05-26T06:55:21.737135+00:00
US:roland garros 2026 schedule,US,roland garros 2026 schedule,roland garros 2026 schedule,500,50,1779708600,1779721200,[17],"[""roland garros 2026 schedule""]",2026-05-26T06:55:21.737135+00:00
US:kevin jonas,US,kevin jonas,kevin jonas,500,100,1779715800,1779720600,[4],"[""kevin jonas""]",2026-05-26T06:55:21.737135+00:00
US:marcus freeman,US,marcus freeman,marcus freeman,200,50,1779743400,1779747600,[17],"[""marcus freeman""]",2026-05-26T06:55:21.737135+00:00
US:travel,US,travel,travel,1000,100,1779705000,1779708000,[11],"[""travel""]",2026-05-26T06:55:21.737135+00:00
US:nc lottery,US,nc lottery,nc lottery,500,50,1779738000,1779741000,[6],"[""nc lottery""]",2026-05-26T06:55:21.737135+00:00
US:rafael jodar,US,rafael jodar,rafael jodar,500,100,1779709800,1779714600,[17],"[""rafael jodar""]",2026-05-26T06:55:21.737135+00:00
US:amc theatres,US,amc theatres,amc theatres,500,75,1779731400,1779735000,"[4, 17]","[""amc theatres""]",2026-05-26T06:55:21.737135+00:00
US:kelly ripa,US,kelly ripa,kelly ripa,500,50,1779714000,1779720600,[4],"[""kelly ripa""]",2026-05-26T06:55:21.737135+00:00
US:candace owens,US,candace owens,candace owens,200,50,1779739800,1779744000,[14],"[""candace owens""]",2026-05-26T06:55:21.737135+00:00
US:scottie scheffler byron nelson frustration,US,scottie scheffler byron nelson frustration,scottie scheffler byron nelson frustration,500,75,1779709800,1779717000,[17],"[""scottie scheffler byron nelson frustration""]",2026-05-26T06:55:21.737135+00:00
US:tesla model 3,US,tesla model 3,tesla model 3,500,50,1779742200,1779745200,[1],"[""tesla model 3""]",2026-05-26T06:55:21.737135+00:00
US:marcus semien,US,marcus semien,marcus semien,200,50,1779748200,1779750600,[17],"[""marcus semien""]",2026-05-26T06:55:21.737135+00:00
US:max domi,US,max domi,max domi,500,50,1779715800,1779721800,[17],"[""max domi""]",2026-05-26T06:55:21.737135+00:00
US:extranjero,US,extranjero,extranjero,200,50,1779738000,1779742200,[10],"[""extranjero""]",2026-05-26T06:55:21.737135+00:00
US:nyt connections hints today,US,nyt connections hints today,nyt connections hints today,1000,50,1779707400,1779715200,[11],"[""nyt connections hints today"", ""connections hint may 25"", ""cya lol tia nyt"", ""connections may 25 2026""]",2026-05-26T06:55:21.737135+00:00
US:time,US,time,time,2000,50,1779705600,1779708000,[14],"[""time""]",2026-05-26T06:55:21.737135+00:00
US:tax filing deadline,US,tax filing deadline,tax filing deadline,200,50,1779693600,1779707400,[3],"[""tax filing deadline""]",2026-05-26T06:55:21.737135+00:00
US:jj bleday,US,jj bleday,jj bleday,500,100,1779744000,1779745800,[17],"[""jj bleday""]",2026-05-26T06:55:21.737135+00:00
US:cuenta bancaria,US,cuenta bancaria,cuenta bancaria,500,100,1779706800,1779737400,"[14, 10]","[""cuenta bancaria""]",2026-05-26T06:55:21.737135+00:00
US:dylan dreyer,US,dylan dreyer,dylan dreyer,500,75,1779709800,1779715800,[4],"[""dylan dreyer""]",2026-05-26T06:55:21.737135+00:00
US:madagascar,US,madagascar,madagascar,500,100,1779722400,1779726600,[11],"[""madagascar""]",2026-05-26T06:55:21.737135+00:00
US:gabon,US,gabon,gabon,200,75,1779742200,1779744600,[3],"[""gabon""]",2026-05-26T06:55:21.737135+00:00
US:alexandria ocasio-cortez 2028 presidential bid,US,alexandria ocasio-cortez 2028 presidential bid,alexandria ocasio-cortez 2028 presidential bid,500,50,1779711000,1779718800,[14],"[""alexandria ocasio-cortez 2028 presidential bid""]",2026-05-26T06:55:21.737135+00:00
US:debby ryan,US,debby ryan,debby ryan,500,50,1779758400,1779759600,[4],"[""debby ryan""]",2026-05-26T06:55:21.737135+00:00
US:anastasia potapova,US,anastasia potapova,anastasia potapova,500,50,1779714600,1779720000,"[17, 6]","[""anastasia potapova""]",2026-05-26T06:55:21.737135+00:00
US:tennessee baseball,US,tennessee baseball,tennessee baseball,500,100,1779727200,1779730200,[17],"[""tennessee baseball""]",2026-05-26T06:55:21.737135+00:00
US:cryptocurrency trading,US,cryptocurrency trading,cryptocurrency trading,200,50,1779694800,1779706800,[3],"[""cryptocurrency trading""]",2026-05-26T06:55:21.737135+00:00
US:wsb-tv,US,wsb-tv,wsb-tv,200,50,1779745800,1779748200,[10],"[""wsb-tv""]",2026-05-26T06:55:21.737135+00:00
US:nc state baseball,US,nc state baseball,nc state baseball,200,75,1779727200,1779730800,[17],"[""nc state baseball""]",2026-05-26T06:55:21.737135+00:00
US:latest iphone rumors,US,latest iphone rumors,latest iphone rumors,200,50,1779696000,1779707400,"[18, 16]","[""latest iphone rumors""]",2026-05-26T06:55:21.737135+00:00
US:pge outage,US,pge outage,pge outage,500,100,1779730200,1779733800,"[3, 20]","[""pge outage""]",2026-05-26T06:55:21.737135+00:00
US:kamilla rakhimova,US,kamilla rakhimova,kamilla rakhimova,200,50,1779727200,1779730800,[17],"[""kamilla rakhimova""]",2026-05-26T06:55:21.737135+00:00
US:jannik sinner coach darren cahill,US,jannik sinner coach darren cahill,jannik sinner coach darren cahill,200,50,1779742800,1779745200,[17],"[""jannik sinner coach darren cahill""]",2026-05-26T06:55:21.737135+00:00
US:franciscan health,US,franciscan health,franciscan health,200,400,1779696000,1779700200,[10],"[""franciscan health""]",2026-05-26T06:55:21.737135+00:00
US:portugal,US,portugal,portugal,500,50,1779716400,1779720000,[3],"[""portugal""]",2026-05-26T06:55:21.737135+00:00
US:uic baseball,US,uic baseball,uic baseball,500,75,1779727200,1779729600,[17],"[""uic baseball""]",2026-05-26T06:55:21.737135+00:00
US:kansas city chiefs,US,kansas city chiefs,kansas city chiefs,500,100,1779743400,1779744600,[11],"[""kansas city chiefs""]",2026-05-26T06:55:21.737135+00:00
US:beyond the gates,US,beyond the gates,beyond the gates,200,50,1779733800,1779736200,[4],"[""beyond the gates""]",2026-05-26T06:55:21.737135+00:00
US:cubs - pirates,US,cubs - pirates,cubs - pirates,200,50,1779730800,1779733800,[17],"[""cubs - pirates""]",2026-05-26T06:55:21.737135+00:00
US:eva lys,US,eva lys,eva lys,200,100,1779711000,1779715200,[17],"[""eva lys""]",2026-05-26T06:55:21.737135+00:00
US:injury lawyer,US,injury lawyer,injury lawyer,200,100,1779699000,1779706800,[11],"[""injury lawyer"", ""injury attorney""]",2026-05-26T06:55:21.737135+00:00
US:brian mast,US,brian mast,brian mast,200,100,1779708600,1779712200,"[14, 10]","[""brian mast""]",2026-05-26T06:55:21.737135+00:00
US:jonas brothers,US,jonas brothers,jonas brothers,200,50,1779716400,1779720000,"[4, 5]","[""jonas brothers""]",2026-05-26T06:55:21.737135+00:00
US:iphone 17 pro,US,iphone 17 pro,iphone 17 pro,200,100,1779704400,1779708600,[18],"[""iphone 17 pro""]",2026-05-26T06:55:21.737135+00:00
US:rockstar,US,rockstar,rockstar,200,75,1779716400,1779719400,[4],"[""rockstar""]",2026-05-26T06:55:21.737135+00:00
US:blue star families,US,blue star families,blue star families,200,75,1779711000,1779715200,[11],"[""blue star families""]",2026-05-26T06:55:21.737135+00:00
US:nfl schedule this week,US,nfl schedule this week,nfl schedule this week,200,50,1779696000,1779706800,[17],"[""nfl schedule this week""]",2026-05-26T06:55:21.737135+00:00
US:espn mlb scores,US,espn mlb scores,espn mlb scores,200,50,1779745200,1779746400,[17],"[""espn mlb scores""]",2026-05-26T06:55:21.737135+00:00
US:brooks lee,US,brooks lee,brooks lee,200,50,1779735000,1779736800,[17],"[""brooks lee""]",2026-05-26T06:55:21.737135+00:00
US:ipl schedule,US,ipl schedule,ipl schedule,500,50,1779717000,1779719400,[17],"[""ipl schedule""]",2026-05-26T06:55:21.737135+00:00
US:arthur rinderknech,US,arthur rinderknech,arthur rinderknech,200,100,1779705000,1779711000,[17],"[""arthur rinderknech""]",2026-05-26T06:55:21.737135+00:00
US:epic games,US,epic games,epic games,200,75,1779697800,1779701400,[6],"[""epic games""]",2026-05-26T06:55:21.737135+00:00
US:jona rechnitz,US,jona rechnitz,jona rechnitz,200,75,1779711000,1779714000,[17],"[""jona rechnitz""]",2026-05-26T06:55:21.737135+00:00
US:carowinds,US,carowinds,carowinds,200,75,1779718800,1779721800,"[19, 4]","[""carowinds""]",2026-05-26T06:55:21.737135+00:00
US:felix rosenqvist wife,US,felix rosenqvist wife,felix rosenqvist wife,200,75,1779709800,1779713400,[17],"[""felix rosenqvist wife""]",2026-05-26T06:55:21.737135+00:00
US:aleksandar kovacevic,US,aleksandar kovacevic,aleksandar kovacevic,200,50,1779712800,1779716400,[17],"[""aleksandar kovacevic""]",2026-05-26T06:55:21.737135+00:00
US:fantasy television,US,fantasy television,fantasy television,200,75,1779709200,1779712800,[4],"[""fantasy television""]",2026-05-26T06:55:21.737135+00:00
US:us open,US,us open,us open,200,50,1779726600,1779728400,[17],"[""us open""]",2026-05-26T06:55:21.737135+00:00
US:seaworld orlando,US,seaworld orlando,seaworld orlando,200,50,1779715200,1779717600,"[19, 4]","[""seaworld orlando""]",2026-05-26T06:55:21.737135+00:00
US:car accident attorney,US,car accident attorney,car accident attorney,200,100,1779705600,1779708000,[11],"[""car accident attorney""]",2026-05-26T06:55:21.737135+00:00
US:home prices,US,home prices,home prices,100,50,1779709200,1779712800,[11],"[""home prices""]",2026-05-26T06:55:21.737135+00:00
US:ios 26.5,US,ios 26.5,ios 26.5,100,100,1779706800,1779709800,[18],"[""ios 26.5""]",2026-05-26T06:55:21.737135+00:00
US:black,US,black,black,200,50,1779696600,1779699600,[14],"[""black""]",2026-05-26T06:55:21.737135+00:00
US:criminal defense lawyer,US,criminal defense lawyer,criminal defense lawyer,100,100,1779700200,1779703200,"[10, 17]","[""criminal defense lawyer""]",2026-05-26T06:55:21.737135+00:00
US:iphone 17e,US,iphone 17e,iphone 17e,100,100,1779704400,1779706800,"[18, 3]","[""iphone 17e""]",2026-05-26T06:55:21.737135+00:00
US:rory culkin,US,rory culkin,rory culkin,100,50,1779705600,1779709200,[4],"[""rory culkin""]",2026-05-26T06:55:21.737135+00:00
US:x.com,US,x.com,x.com,100,50,1779699000,1779703200,"[4, 18]","[""x.com""]",2026-05-26T06:55:21.737135+00:00
US:epic universe,US,epic universe,epic universe,200,50,1779720600,1779721800,"[4, 16]","[""epic universe""]",2026-05-26T06:55:21.737135+00:00
US:elise mertens,US,elise mertens,elise mertens,200,50,1779712200,1779714000,"[17, 6]","[""elise mertens""]",2026-05-26T06:55:21.737135+00:00
US:daria kasatkina,US,daria kasatkina,daria kasatkina,100,75,1779706800,1779708600,"[17, 6]","[""daria kasatkina""]",2026-05-26T06:55:21.737135+00:00
US:euphoria season 3 cast,US,euphoria season 3 cast,euphoria season 3 cast,100,75,1779701400,1779703200,[4],"[""euphoria season 3 cast""]",2026-05-26T06:55:21.737135+00:00
VN:nghi đinh 168/2024/nđ–cp,VN,nghị định 168/2024/nđ–cp,nghi đinh 168/2024/nđ–cp,20000,600,1779745200,,"[10, 1]","[""nghị định 168/2024/nđ–cp""]",2026-05-26T06:56:03.696872+00:00
VN:đien,VN,điện,đien,5000,1000,1779714000,,[3],"[""điện""]",2026-05-26T06:56:03.696872+00:00
VN:samoa,VN,samoa,samoa,5000,1000,1779768000,,[10],"[""samoa"", ""mai hoàng"", ""trung tướng mai hoàng"", ""người samoa""]",2026-05-26T06:56:03.696872+00:00
VN:nhiet đien hai phong,VN,nhiệt điện hải phòng,nhiet đien hai phong,5000,900,1779696000,,[10],"[""nhiệt điện hải phòng"", ""công ty cổ phần nhiệt điện hải phòng""]",2026-05-26T06:56:03.696872+00:00
VN:samoan,VN,samoan,samoan,2000,1000,1779767400,,[9],"[""samoan""]",2026-05-26T06:56:03.696872+00:00
VN:ngan hang,VN,ngân hàng,ngan hang,10000,1000,1779713400,,[10],"[""ngân hàng""]",2026-05-26T06:56:03.696872+00:00
VN:doanh nghiep,VN,doanh nghiệp,doanh nghiep,5000,1000,1779712800,,"[3, 1]","[""doanh nghiệp""]",2026-05-26T06:56:03.696872+00:00
VN:xo so mien nam ngay 25 thang 5,VN,xổ số miền nam ngày 25 tháng 5,xo so mien nam ngay 25 thang 5,20000,1000,1779700200,,[6],"[""xổ số miền nam ngày 25 tháng 5"", ""xổ số ngày 25 tháng 5"", ""xổ số cà mau ngày 25 tháng 5"", ""xổ số đồng tháp ngày 25 tháng 5"", ""xổ số hồ chí minh ngày 25 tháng 5"", ""xổ số miền nam 25 tháng 5"", ""xổ số miền nam thứ ba hàng tuần"", ""xổ số miền nam ngày 25 tháng 5 năm 2026"", ""xổ số phú yên ngày 25 tháng 5"", ""xsmn 25/5/26"", ""xổ số thứ ba hàng tuần"", ""xổ số đồng tháp"", ""xổ số miền bắc ngày 25 tháng 5"", ""xổ số cà mau"", ""xổ số phú yên"", ""xsmb hôm qua"", ""sxmn hom nay"", ""số miền bắc"", ""xổ số bạc liêu"", ""xscm"", ""xsmn 25/5"", ""xổ số hà nội"", ""xổ số miền trung ngày 25 tháng 5"", ""xổ số miền bắc thứ hai"", ""xổ số vũng tàu"", ""xổ số kiến thiết ngày 25 tháng 5"", ""xsbl"", ""xsdt"", ""xsmn 24/5"", ""xspy"", ""xổ số phú yên ngày hôm nay"", ""xổ số thứ ba"", ""xổ số ngày hôm qua"", ""xsmn thu 3"", ""số miền nam thứ hai"", ""kết quả xổ số miền bắc ngày 25 tháng 5"", ""xổ số miền trung hôm qua""]",2026-05-26T06:56:03.696872+00:00
VN:nan nhan,VN,nạn nhân,nan nhan,5000,1000,1779702600,,[11],"[""nạn nhân""]",2026-05-26T06:56:03.696872+00:00
VN:long đuong,VN,lòng đường,long đuong,2000,700,1779712800,,[11],"[""lòng đường"", ""vỉa hè""]",2026-05-26T06:56:03.696872+00:00
VN:el nino,VN,el niño,el nino,1000,1000,1779770400,,[11],"[""el niño""]",2026-05-26T06:56:03.696872+00:00
VN:vietnam news,VN,vietnam news,vietnam news,1000,900,1779767400,,[11],"[""vietnam news""]",2026-05-26T06:56:03.696872+00:00
VN:giai bong đa vo đich the gioi,VN,giải bóng đá vô địch thế giới,giai bong đa vo đich the gioi,2000,500,1779705600,,[17],"[""giải bóng đá vô địch thế giới""]",2026-05-26T06:56:03.696872+00:00
VN:vincent kompany,VN,vincent kompany,vincent kompany,1000,500,1779761400,,[17],"[""vincent kompany""]",2026-05-26T06:56:03.696872+00:00
VN:tu long,VN,tự long,tu long,1000,300,1779744600,,[4],"[""tự long""]",2026-05-26T06:56:03.696872+00:00
VN:đak lak,VN,đắk lắk,đak lak,1000,200,1779745200,,"[9, 10]","[""đắk lắk""]",2026-05-26T06:56:03.696872+00:00
VN:chi lon,VN,chi lợn,chi lon,200,400,1779771600,,[3],"[""chi lợn""]",2026-05-26T06:56:03.696872+00:00
VN:samsung,VN,samsung,samsung,500,200,1779771000,,[3],"[""samsung""]",2026-05-26T06:56:03.696872+00:00
VN:eximbank,VN,eximbank,eximbank,200,400,1779774600,,[3],"[""eximbank""]",2026-05-26T06:56:03.696872+00:00
VN:huawei,VN,huawei,huawei,200,400,1779774600,,"[18, 15]","[""huawei""]",2026-05-26T06:56:03.696872+00:00
VN:miss grand international,VN,miss grand international,miss grand international,200,300,1779771600,,"[2, 4]","[""miss grand international""]",2026-05-26T06:56:03.696872+00:00
VN:pin đien,VN,pin điện,pin đien,200,600,1779774000,,[1],"[""pin điện""]",2026-05-26T06:56:03.696872+00:00
VN:giai bong đa ngoai hang anh,VN,giải bóng đá ngoại hạng anh,giai bong đa ngoai hang anh,5000,1000,1779741600,1779760800,[17],"[""giải bóng đá ngoại hạng anh""]",2026-05-26T06:56:03.696872+00:00
VN:đoi tuyen bong đa quoc gia indonesia,VN,đội tuyển bóng đá quốc gia indonesia,đoi tuyen bong đa quoc gia indonesia,2000,600,1779718800,1779777000,[17],"[""đội tuyển bóng đá quốc gia indonesia""]",2026-05-26T06:56:03.696872+00:00
VN:chuc vu,VN,chức vụ,chuc vu,500,300,1779753000,,[9],"[""chức vụ""]",2026-05-26T06:56:03.696872+00:00
VN:nhiet đo hom nay,VN,nhiệt độ hôm nay,nhiet đo hom nay,2000,100,1779777000,,[20],"[""nhiệt độ hôm nay"", ""giáo dục"", ""nhiệt"", ""mưa"", ""thời tiết hà nội hôm nay"", ""du bao thoi tiet"", ""dự báo thời tiết tphcm hôm nay""]",2026-05-26T06:56:03.696872+00:00
VN:xe đien,VN,xe điện,xe đien,200,75,1779774600,,[1],"[""xe điện""]",2026-05-26T06:56:03.696872+00:00
VN:iran,VN,iran,iran,2000,100,1779766800,1779775200,[14],"[""iran""]",2026-05-26T06:56:03.696872+00:00
VN:ngo thanh van,VN,ngô thanh vân,ngo thanh van,2000,300,1779701400,1779778200,"[4, 2]","[""ngô thanh vân""]",2026-05-26T06:56:03.696872+00:00
VN:thu hoach,VN,thu hoạch,thu hoach,2000,500,1779702600,1779761400,"[3, 5]","[""thu hoạch""]",2026-05-26T06:56:03.696872+00:00
VN:lam đong,VN,lâm đồng,lam đong,500,100,1779752400,,"[14, 10]","[""lâm đồng"", ""đồng""]",2026-05-26T06:56:03.696872+00:00
VN:pho điem tsa đot 3 2026,VN,phổ điểm tsa đợt 3 2026,pho điem tsa đot 3 2026,2000,200,1779768600,1779777000,[9],"[""phổ điểm tsa đợt 3 2026"", ""đánh giá tư duy"", ""đại học bách khoa hà nội""]",2026-05-26T06:56:03.696872+00:00
VN:paderborn đau voi wolfsburg,VN,paderborn đấu với wolfsburg,paderborn đau voi wolfsburg,1000,600,1779732600,1779759600,[17],"[""paderborn đấu với wolfsburg""]",2026-05-26T06:56:03.696872+00:00
VN:ban noi chinh thanh uy ha noi,VN,ban nội chính thành ủy hà nội,ban noi chinh thanh uy ha noi,2000,400,1779704400,1779760200,"[10, 14]","[""ban nội chính thành ủy hà nội"", ""nguyễn thanh long""]",2026-05-26T06:56:03.696872+00:00
VN:hon hop nhien lieu ethanol pho bien,VN,hỗn hợp nhiên liệu ethanol phổ biến,hon hop nhien lieu ethanol pho bien,500,500,1779769200,1779774000,"[1, 3]","[""hỗn hợp nhiên liệu ethanol phổ biến""]",2026-05-26T06:56:03.696872+00:00
VN:đoi tuyen bong đa quoc gia tay ban nha,VN,đội tuyển bóng đá quốc gia tây ban nha,đoi tuyen bong đa quoc gia tay ban nha,1000,500,1779714600,1779759000,[17],"[""đội tuyển bóng đá quốc gia tây ban nha""]",2026-05-26T06:56:03.696872+00:00
VN:than,VN,thận,than,1000,400,1779711000,1779759000,[7],"[""thận""]",2026-05-26T06:56:03.696872+00:00
VN:tsa,VN,tsa,tsa,500,800,1779760200,1779771600,[11],"[""tsa""]",2026-05-26T06:56:03.696872+00:00
VN:tau cho dau,VN,tàu chở dầu,tau cho dau,1000,800,1779742800,1779757800,[3],"[""tàu chở dầu""]",2026-05-26T06:56:03.696872+00:00
VN:wayne rooney,VN,wayne rooney,wayne rooney,500,300,1779741000,1779760800,[17],"[""wayne rooney""]",2026-05-26T06:56:03.696872+00:00
VN:que ngoc hai,VN,quế ngọc hải,que ngoc hai,1000,600,1779694200,1779753600,[17],"[""quế ngọc hải""]",2026-05-26T06:56:03.696872+00:00
VN:sieu du an,VN,siêu dự an,sieu du an,500,300,1779745800,1779760200,[11],"[""siêu dự an""]",2026-05-26T06:56:03.696872+00:00
VN:giai vo đich bong đa u 19 đong nam a,VN,giải vô địch bóng đá u 19 đông nam á,giai vo đich bong đa u 19 đong nam a,1000,300,1779745200,1779759000,[17],"[""giải vô địch bóng đá u 19 đông nam á"", ""giải vô địch bóng đá u-19 đông nam á""]",2026-05-26T06:56:03.696872+00:00
VN:on live,VN,on live,on live,2000,600,1779692400,1779712800,[10],"[""on live""]",2026-05-26T06:56:03.696872+00:00
VN:ewc,VN,ewc,ewc,2000,300,1779693000,1779719400,[6],"[""ewc"", ""road to ewc""]",2026-05-26T06:56:03.696872+00:00
VN:mat đien,VN,mất điện,mat đien,2000,50,1779747600,1779752400,[11],"[""mất điện"", ""lịch cắt điện hà nội""]",2026-05-26T06:56:03.696872+00:00
VN:tran quyet chien,VN,trần quyết chiến,tran quyet chien,200,300,1779750600,1779761400,[17],"[""trần quyết chiến""]",2026-05-26T06:56:03.696872+00:00
VN:metro,VN,metro,metro,500,200,1779713400,1779757800,[3],"[""metro""]",2026-05-26T06:56:03.696872+00:00
VN:vung ap thap,VN,vùng áp thấp,vung ap thap,1000,500,1779746400,1779751800,[20],"[""vùng áp thấp""]",2026-05-26T06:56:03.696872+00:00
VN:du an đau tu xay dung,VN,dự an đầu tư xây dựng,du an đau tu xay dung,1000,500,1779696000,1779718200,[3],"[""dự an đầu tư xây dựng""]",2026-05-26T06:56:03.696872+00:00
VN:hop đong,VN,hợp đồng,hop đong,500,200,1779712200,1779756600,[10],"[""hợp đồng""]",2026-05-26T06:56:03.696872+00:00
VN:thi truong chung khoan,VN,thị trường chứng khoán,thi truong chung khoan,500,200,1779716400,1779753000,[3],"[""thị trường chứng khoán""]",2026-05-26T06:56:03.696872+00:00
VN:mo dau,VN,mỏ dầu,mo dau,200,100,1779742800,1779755400,[3],"[""mỏ dầu""]",2026-05-26T06:56:03.696872+00:00
VN:cang hang khong quoc te noi bai,VN,cảng hàng không quốc tế nội bài,cang hang khong quoc te noi bai,200,100,1779745200,1779756600,[11],"[""cảng hàng không quốc tế nội bài""]",2026-05-26T06:56:03.696872+00:00
VN:wolfsburg,VN,wolfsburg,wolfsburg,200,100,1779735000,1779754800,[17],"[""wolfsburg"", ""bundesliga"", ""paderborn vs wolfsburg""]",2026-05-26T06:56:03.696872+00:00
VN:giai bong đa ngoai hang anh 2025–26,VN,giải bóng đá ngoại hạng anh 2025–26,giai bong đa ngoai hang anh 2025–26,200,100,1779745800,1779755400,[17],"[""giải bóng đá ngoại hạng anh 2025–26""]",2026-05-26T06:56:03.696872+00:00
VN:bphone,VN,bphone,bphone,500,500,1779708600,1779720600,[18],"[""bphone""]",2026-05-26T06:56:03.696872+00:00
VN:pham nhat quan anh,VN,phạm nhật quân anh,pham nhat quan anh,1000,300,1779715200,1779724800,[11],"[""phạm nhật quân anh"", ""phạm nhật vượng""]",2026-05-26T06:56:03.696872+00:00
VN:chuyen nhuong,VN,chuyển nhượng,chuyen nhuong,1000,1000,1779706800,1779715200,[17],"[""chuyển nhượng""]",2026-05-26T06:56:03.696872+00:00
VN:eo bien,VN,eo biển,eo bien,500,500,1779709200,1779748200,[11],"[""eo biển""]",2026-05-26T06:56:03.696872+00:00
VN:thi truong,VN,thị trường,thi truong,500,700,1779706800,1779715200,[3],"[""thị trường""]",2026-05-26T06:56:03.696872+00:00
VN:tran thanh,VN,trấn thành,tran thanh,1000,1000,1779715200,1779718200,[4],"[""trấn thành""]",2026-05-26T06:56:03.696872+00:00
VN:bo noi vu,VN,bộ nội vụ,bo noi vu,200,200,1779747000,1779751800,[10],"[""bộ nội vụ""]",2026-05-26T06:56:03.696872+00:00
VN:cau lac bo bong đa manchester city,VN,câu lạc bộ bóng đá manchester city,cau lac bo bong đa manchester city,200,100,1779746400,1779751200,[17],"[""câu lạc bộ bóng đá manchester city"", ""pep guardiola""]",2026-05-26T06:56:03.696872+00:00
VN:twitch,VN,twitch,twitch,1000,200,1779697200,1779705600,"[6, 4]","[""twitch""]",2026-05-26T06:56:03.696872+00:00
VN:đanh gia nang luc,VN,đánh giá năng lực,đanh gia nang luc,500,500,1779713400,1779724800,[9],"[""đánh giá năng lực""]",2026-05-26T06:56:03.696872+00:00
VN:hai phong,VN,hải phòng,hai phong,200,400,1779711000,1779724800,[10],"[""hải phòng""]",2026-05-26T06:56:03.696872+00:00
VN:quan bar,VN,quán bar,quan bar,500,300,1779701400,1779710400,[10],"[""quán bar"", ""vũng tàu""]",2026-05-26T06:56:03.696872+00:00
VN:quang tri,VN,quảng trị,quang tri,200,200,1779714000,1779719400,[9],"[""quảng trị"", ""đề toán đà nẵng 2026 vào 10""]",2026-05-26T06:56:03.696872+00:00
VN:đuong bay,VN,đường bay,đuong bay,100,200,1779763200,1779764400,[19],"[""đường bay""]",2026-05-26T06:56:03.696872+00:00
VN:cau lac bo bong đa bac ninh,VN,câu lạc bộ bóng đá bắc ninh,cau lac bo bong đa bac ninh,200,300,1779714000,1779718800,[17],"[""câu lạc bộ bóng đá bắc ninh""]",2026-05-26T06:56:03.696872+00:00
VN:tran cam tu,VN,trần cẩm tú,tran cam tu,200,200,1779702000,1779707400,[11],"[""trần cẩm tú""]",2026-05-26T06:56:03.696872+00:00
VN:내일 날씨,VN,내일 날씨,내일 날씨,200,100,1779717000,1779720000,[20],"[""내일 날씨""]",2026-05-26T06:56:03.696872+00:00
VN:con cai,VN,con cái,con cai,100,75,1779747600,1779751200,[11],"[""con cái""]",2026-05-26T06:56:03.696872+00:00
VN:victor munoz,VN,victor munoz,victor munoz,100,400,1779709800,1779714000,[17],"[""victor munoz""]",2026-05-26T06:56:03.696872+00:00
VN:tap đoan flc,VN,tập đoàn flc,tap đoan flc,200,700,1779718200,1779720600,[3],"[""tập đoàn flc""]",2026-05-26T06:56:03.696872+00:00
VN:becamex tphcm đau voi song lam nghe an,VN,becamex tphcm đấu với sông lam nghệ an,becamex tphcm đau voi song lam nghe an,500,1000,1779706200,1779707400,[17],"[""becamex tphcm đấu với sông lam nghệ an""]",2026-05-26T06:56:03.696872+00:00
VN:online tv,VN,online tv,online tv,100,400,1779697200,1779701400,"[4, 18]","[""online tv""]",2026-05-26T06:56:03.696872+00:00
VN:du an cau thuong cat,VN,dự án cầu thượng cát,du an cau thuong cat,100,300,1779713400,1779717000,[3],"[""dự án cầu thượng cát""]",2026-05-26T06:56:03.696872+00:00
VN:đuong day 500 kv bac - nam,VN,đường dây 500 kv bắc - nam,đuong day 500 kv bac - nam,100,300,1779710400,1779714000,[3],"[""đường dây 500 kv bắc - nam""]",2026-05-26T06:56:03.696872+00:00
VN:nguyen lam thao tam,VN,nguyễn lâm thảo tâm,nguyen lam thao tam,100,200,1779720000,1779721800,[4],"[""nguyễn lâm thảo tâm""]",2026-05-26T06:56:03.696872+00:00
VN:on live tv,VN,on live tv,on live tv,100,200,1779699600,1779700800,[17],"[""on live tv""]",2026-05-26T06:56:03.696872+00:00
ZA:petrol price june 2026,ZA,petrol price june 2026,petrol price june 2026,50000,1000,1779721800,,[3],"[""petrol price june 2026"", ""price"", ""south africa fuel price forecast"", ""petrol price increase"", ""south africa fuel tax relief"", ""fuel price june 2026""]",2026-05-26T06:56:57.852963+00:00
ZA:orlando pirates new jersey,ZA,orlando pirates new jersey,orlando pirates new jersey,20000,1000,1779693600,,[17],"[""orlando pirates new jersey"", ""pirates new jersey"", ""orlando pirates jersey"", ""adidas"", ""new orlando pirates jersey"", ""adidas orlando pirates 90th anniversary"", ""pirates new jersey 2026"", ""orlando pirates new kit"", ""new pirates jersey"", ""orlando pirates new jersey price"", ""pirates jersey"", ""new pirates jersey 2026"", ""pirates new kit"", ""orlando pirates jersey 2026 27""]",2026-05-26T06:56:57.852963+00:00
ZA:sassa june 2026 payment dates,ZA,sassa june 2026 payment dates,sassa june 2026 payment dates,10000,1000,1779733800,,[3],"[""sassa june 2026 payment dates"", ""sassa srd grant may 2026""]",2026-05-26T06:56:57.852963+00:00
ZA:orlando pirates bafana bafana players,ZA,orlando pirates bafana bafana players,orlando pirates bafana bafana players,5000,1000,1779703800,,[17],"[""orlando pirates bafana bafana players"", ""hugo broos bafana squad 2026"", ""hugo broos""]",2026-05-26T06:56:57.852963+00:00
ZA:siya kolisi,ZA,siya kolisi,siya kolisi,2000,1000,1779701400,,[17],"[""siya kolisi""]",2026-05-26T06:56:57.852963+00:00
ZA:vehicle,ZA,vehicle,vehicle,2000,1000,1779727800,,[11],"[""vehicle""]",2026-05-26T06:56:57.852963+00:00
ZA:pick n pay 2026 earnings,ZA,pick n pay 2026 earnings,pick n pay 2026 earnings,5000,1000,1779698400,,[3],"[""pick n pay 2026 earnings"", ""pick n pay turnaround strategy""]",2026-05-26T06:56:57.852963+00:00
ZA:abdeslam ouaddou orlando pirates resignation,ZA,abdeslam ouaddou orlando pirates resignation,abdeslam ouaddou orlando pirates resignation,2000,1000,1779712200,,[17],"[""abdeslam ouaddou orlando pirates resignation"", ""abdeslam ouaddou""]",2026-05-26T06:56:57.852963+00:00
ZA:lucas ribeiro cultural leonesa relegation,ZA,lucas ribeiro cultural leonesa relegation,lucas ribeiro cultural leonesa relegation,2000,1000,1779726600,,[17],"[""lucas ribeiro cultural leonesa relegation""]",2026-05-26T06:56:57.852963+00:00
ZA:paderborn vs wolfsburg,ZA,paderborn vs wolfsburg,paderborn vs wolfsburg,2000,1000,1779730200,,[17],"[""paderborn vs wolfsburg"", ""wolfsburg"", ""vfl wolfsburg""]",2026-05-26T06:56:57.852963+00:00
ZA:bank,ZA,bank,bank,2000,1000,1779711000,,[3],"[""bank""]",2026-05-26T06:56:57.852963+00:00
ZA:from episode 6,ZA,from episode 6,from episode 6,2000,900,1779698400,,[4],"[""from episode 6""]",2026-05-26T06:56:57.852963+00:00
ZA:eskom,ZA,eskom,eskom,20000,1000,1779695400,1779778200,[3],"[""eskom""]",2026-05-26T06:56:57.852963+00:00
ZA:naas botha usa rugby role,ZA,naas botha usa rugby role,naas botha usa rugby role,2000,1000,1779697200,,[17],"[""naas botha usa rugby role""]",2026-05-26T06:56:57.852963+00:00
ZA:ramaphosa impeachment committee members,ZA,ramaphosa impeachment committee members,ramaphosa impeachment committee members,2000,900,1779730800,,"[14, 10]","[""ramaphosa impeachment committee members"", ""ramaphosa phala phala impeachment committee""]",2026-05-26T06:56:57.852963+00:00
ZA:data breach,ZA,data breach,data breach,1000,500,1779730200,,[10],"[""data breach""]",2026-05-26T06:56:57.852963+00:00
ZA:anti immigration protests south africa,ZA,anti immigration protests south africa,anti immigration protests south africa,1000,600,1779724200,,[11],"[""anti immigration protests south africa""]",2026-05-26T06:56:57.852963+00:00
ZA:nico hulkenberg,ZA,nico hülkenberg,nico hulkenberg,1000,600,1779720600,,[17],"[""nico hülkenberg""]",2026-05-26T06:56:57.852963+00:00
ZA:protest,ZA,protest,protest,500,600,1779765000,,[10],"[""protest""]",2026-05-26T06:56:57.852963+00:00
ZA:ferrari luce,ZA,ferrari luce,ferrari luce,200,600,1779767400,,[1],"[""ferrari luce""]",2026-05-26T06:56:57.852963+00:00
ZA:finance,ZA,finance,finance,500,400,1779729000,,[3],"[""finance""]",2026-05-26T06:56:57.852963+00:00
ZA:ticketmaster,ZA,ticketmaster,ticketmaster,500,800,1779771600,,[4],"[""ticketmaster""]",2026-05-26T06:56:57.852963+00:00
ZA:cavaliers vs knicks,ZA,cavaliers vs knicks,cavaliers vs knicks,2000,1000,1779757200,1779777600,[17],"[""cavaliers vs knicks"", ""knicks"", ""www"", ""play""]",2026-05-26T06:56:57.852963+00:00
ZA:south africa national rugby union team,ZA,south africa national rugby union team,south africa national rugby union team,100,400,1779777000,,[7],"[""south africa national rugby union team""]",2026-05-26T06:56:57.852963+00:00
ZA:johannesburg,ZA,johannesburg,johannesburg,100,200,1779774000,,[3],"[""johannesburg""]",2026-05-26T06:56:57.852963+00:00
ZA:monfils,ZA,monfils,monfils,1000,300,1779739200,,[17],"[""monfils"", ""gael monfils"", ""gaël monfils"", ""hugo gaston""]",2026-05-26T06:56:57.852963+00:00
ZA:electricity,ZA,electricity,electricity,500,400,1779765600,1779776400,[1],"[""electricity""]",2026-05-26T06:56:57.852963+00:00
ZA:iran,ZA,iran,iran,500,200,1779772200,1779776400,[14],"[""iran"", ""iran news""]",2026-05-26T06:56:57.852963+00:00
ZA:powerball,ZA,powerball,powerball,1000,200,1779712800,1779771000,[6],"[""powerball""]",2026-05-26T06:56:57.852963+00:00
ZA:new zealand women vs england women,ZA,new zealand women vs england women,new zealand women vs england women,1000,1000,1779716400,1779739800,[17],"[""new zealand women vs england women""]",2026-05-26T06:56:57.852963+00:00
ZA:gasoline,ZA,gasoline,gasoline,200,300,1779741600,1779771600,"[1, 3, 10]","[""gasoline""]",2026-05-26T06:56:57.852963+00:00
ZA:sipho chaine,ZA,sipho chaine,sipho chaine,500,300,1779705000,1779732600,[17],"[""sipho chaine""]",2026-05-26T06:56:57.852963+00:00
ZA:gabrielle union,ZA,gabrielle union,gabrielle union,100,100,1779768600,1779773400,[4],"[""gabrielle union""]",2026-05-26T06:56:57.852963+00:00
ZA:south african social security agency,ZA,south african social security agency,south african social security agency,200,100,1779766800,1779770400,[10],"[""south african social security agency""]",2026-05-26T06:56:57.852963+00:00
ZA:memorial day 2026,ZA,memorial day 2026,memorial day 2026,500,400,1779699600,1779768600,[8],"[""memorial day 2026"", ""wsb""]",2026-05-26T06:56:57.852963+00:00
ZA:bohemians vs shamrock rovers,ZA,bohemians vs shamrock rovers,bohemians vs shamrock rovers,200,500,1779737400,1779773400,[17],"[""bohemians vs shamrock rovers"", ""shamrock rovers""]",2026-05-26T06:56:57.852963+00:00
ZA:roman safiullin,ZA,roman safiullin,roman safiullin,500,1000,1779727800,1779738600,[17],"[""roman safiullin"", ""casper ruud"", ""safiullin""]",2026-05-26T06:56:57.852963+00:00
ZA:day of arafah 2026,ZA,day of arafah 2026,day of arafah 2026,100,100,1779750000,1779777000,[11],"[""day of arafah 2026""]",2026-05-26T06:56:57.852963+00:00
ZA:abraham accords,ZA,abraham accords,abraham accords,200,300,1779724800,1779777600,"[14, 10]","[""abraham accords""]",2026-05-26T06:56:57.852963+00:00
ZA:spain world cup squad,ZA,spain world cup squad,spain world cup squad,500,300,1779708600,1779752400,[17],"[""spain world cup squad"", ""spain national football team""]",2026-05-26T06:56:57.852963+00:00
ZA:xabi alonso,ZA,xabi alonso,xabi alonso,100,600,1779765600,1779769200,[17],"[""xabi alonso""]",2026-05-26T06:56:57.852963+00:00
ZA:mason greenwood,ZA,mason greenwood,mason greenwood,200,300,1779725400,1779762000,[17],"[""mason greenwood""]",2026-05-26T06:56:57.852963+00:00
ZA:molde fk,ZA,molde fk,molde fk,500,300,1779720600,1779731400,[17],"[""molde fk"", ""sarpsborg vs molde"", ""sarpsborg 08 vs molde""]",2026-05-26T06:56:57.852963+00:00
ZA:march and march,ZA,march and march,march and march,200,400,1779728400,1779753000,[11],"[""march and march""]",2026-05-26T06:56:57.852963+00:00
ZA:notts county vs salford city,ZA,notts county vs salford city,notts county vs salford city,200,300,1779716400,1779727200,[17],"[""notts county vs salford city"", ""salford city""]",2026-05-26T06:56:57.852963+00:00
ZA:limpopo,ZA,limpopo,limpopo,500,1000,1779697800,1779708000,[14],"[""limpopo""]",2026-05-26T06:56:57.852963+00:00
ZA:st mirren,ZA,st mirren,st mirren,200,200,1779725400,1779746400,[17],"[""st mirren""]",2026-05-26T06:56:57.852963+00:00
ZA:stan wawrinka,ZA,stan wawrinka,stan wawrinka,200,600,1779714600,1779723600,[17],"[""stan wawrinka"", ""jesper de jong""]",2026-05-26T06:56:57.852963+00:00
ZA:lucas ribeiro,ZA,lucas ribeiro,lucas ribeiro,200,500,1779723600,1779771000,[11],"[""lucas ribeiro""]",2026-05-26T06:56:57.852963+00:00
ZA:bmw m3,ZA,bmw m3,bmw m3,200,200,1779723000,1779754200,[1],"[""bmw m3""]",2026-05-26T06:56:57.852963+00:00
ZA:nedbank 2027 bursary applications,ZA,nedbank 2027 bursary applications,nedbank 2027 bursary applications,100,200,1779733200,1779777000,"[9, 3]","[""nedbank 2027 bursary applications""]",2026-05-26T06:56:57.852963+00:00
ZA:tromsoe il,ZA,tromsoe il,tromsoe il,200,500,1779724800,1779731400,[17],"[""tromsoe il""]",2026-05-26T06:56:57.852963+00:00
ZA:zed fc,ZA,zed fc,zed fc,200,400,1779725400,1779732000,[17],"[""zed fc""]",2026-05-26T06:56:57.852963+00:00
ZA:joe ferrari sibanyoni extortion case,ZA,joe ferrari sibanyoni extortion case,joe ferrari sibanyoni extortion case,200,200,1779701400,1779709800,[10],"[""joe ferrari sibanyoni extortion case""]",2026-05-26T06:56:57.852963+00:00
ZA:south african rand,ZA,south african rand,south african rand,200,800,1779702000,1779707400,[3],"[""south african rand""]",2026-05-26T06:56:57.852963+00:00
ZA:wolfsburg fc,ZA,wolfsburg fc,wolfsburg fc,100,200,1779737400,1779742200,[17],"[""wolfsburg fc""]",2026-05-26T06:56:57.852963+00:00
ZA:ruud,ZA,ruud,ruud,100,700,1779735000,1779738600,[17],"[""ruud""]",2026-05-26T06:56:57.852963+00:00
ZA:jasmine paolini,ZA,jasmine paolini,jasmine paolini,200,300,1779701400,1779709200,[17],"[""jasmine paolini""]",2026-05-26T06:56:57.852963+00:00
ZA:iga swiatek,ZA,iga świątek,iga swiatek,200,1000,1779705000,1779709200,"[17, 4]","[""iga świątek""]",2026-05-26T06:56:57.852963+00:00
ZA:tiantsoa sarah rakotomanga rajaonah,ZA,tiantsoa sarah rakotomanga rajaonah,tiantsoa sarah rakotomanga rajaonah,100,1000,1779724200,1779728400,[17],"[""tiantsoa sarah rakotomanga rajaonah""]",2026-05-26T06:56:57.852963+00:00
ZA:elina svitolina,ZA,elina svitolina,elina svitolina,200,1000,1779713400,1779716400,[17],"[""elina svitolina""]",2026-05-26T06:56:57.852963+00:00
ZA:ipl fixtures,ZA,ipl fixtures,ipl fixtures,200,100,1779718800,1779724800,[17],"[""ipl fixtures""]",2026-05-26T06:56:57.852963+00:00
ZA:ben shelton,ZA,ben shelton,ben shelton,100,500,1779732000,1779735600,[17],"[""ben shelton""]",2026-05-26T06:56:57.852963+00:00
ZA:khenchela vs usm alger,ZA,khenchela vs usm alger,khenchela vs usm alger,100,500,1779726000,1779729600,[17],"[""khenchela vs usm alger""]",2026-05-26T06:56:57.852963+00:00
ZA:elena rybakina,ZA,elena rybakina,elena rybakina,200,900,1779711600,1779714600,[17],"[""elena rybakina""]",2026-05-26T06:56:57.852963+00:00
ZA:if elfsborg vs hacken,ZA,if elfsborg vs häcken,if elfsborg vs hacken,100,500,1779734400,1779737400,[17],"[""if elfsborg vs häcken""]",2026-05-26T06:56:57.852963+00:00
ZA:world cup fixtures,ZA,world cup fixtures,world cup fixtures,100,100,1779702000,1779704400,[17],"[""world cup fixtures""]",2026-05-26T06:56:57.852963+00:00
